City,Date,AQI,PM2.5,PM10,NO2,SO2,CO,O3
Chennai,01-01-2018,93,51.15,100.44,77.19,106.02,0.98,88.35
Chennai,02-01-2018,100,55,108,83,114,1.05,95
Chennai,03-01-2018,81,44.55,87.48,67.23,92.34,0.85,76.95
Chennai,04-01-2018,169,92.95,182.52,140.27,192.66,1.77,160.55
Chennai,05-01-2018,153,84.15,165.24,126.99,174.42,1.61,145.35
Chennai,06-01-2018,157,86.35,169.56,130.31,178.98,1.65,149.15
Chennai,07-01-2018,123,67.65,132.84,102.09,140.22,1.29,116.85
Chennai,08-01-2018,128,70.4,138.24,106.24,145.92,1.34,121.6
Chennai,09-01-2018,107,58.85,115.56,88.81,121.98,1.12,101.65
Chennai,10-01-2018,108,59.4,116.64,89.64,123.12,1.13,102.6
Chennai,11-01-2018,178,97.9,192.24,147.74,202.92,1.87,169.1
Chennai,12-01-2018,158,86.9,170.64,131.14,180.12,1.66,150.1
Chennai,13-01-2018,217,119.35,234.36,180.11,247.38,2.28,206.15
Chennai,14-01-2018,154,84.7,166.32,127.82,175.56,1.62,146.3
Chennai,15-01-2018,135,74.25,145.8,112.05,153.9,1.42,128.25
Chennai,16-01-2018,135,74.25,145.8,112.05,153.9,1.42,128.25
Chennai,17-01-2018,161,88.55,173.88,133.63,183.54,1.69,152.95
Chennai,18-01-2018,110,60.5,118.8,91.3,125.4,1.16,104.5
Chennai,19-01-2018,143,78.65,154.44,118.69,163.02,1.5,135.85
Chennai,20-01-2018,129,70.95,139.32,107.07,147.06,1.35,122.55
Chennai,21-01-2018,166,91.3,179.28,137.78,189.24,1.74,157.7
Chennai,22-01-2018,150,82.5,162,124.5,171,1.58,142.5
Chennai,23-01-2018,139,76.45,150.12,115.37,158.46,1.46,132.05
Chennai,24-01-2018,130,71.5,140.4,107.9,148.2,1.37,123.5
Chennai,25-01-2018,176,96.8,190.08,146.08,200.64,1.85,167.2
Chennai,26-01-2018,158,86.9,170.64,131.14,180.12,1.66,150.1
Chennai,27-01-2018,165,90.75,178.2,136.95,188.1,1.73,156.75
Chennai,28-01-2018,154,84.7,166.32,127.82,175.56,1.62,146.3
Chennai,29-01-2018,145,79.75,156.6,120.35,165.3,1.52,137.75
Chennai,30-01-2018,128,70.4,138.24,106.24,145.92,1.34,121.6
Chennai,31-01-2018,150,82.5,162,124.5,171,1.58,142.5
Chennai,01-02-2018,134,73.7,144.72,111.22,152.76,1.41,127.3
Chennai,02-02-2018,162,89.1,174.96,134.46,184.68,1.7,153.9
Chennai,03-02-2018,146,80.3,157.68,121.18,166.44,1.53,138.7
Chennai,04-02-2018,91,50.05,98.28,75.53,103.74,0.96,86.45
Chennai,05-02-2018,75,41.25,81,62.25,85.5,0.79,71.25
Chennai,06-02-2018,80,44,86.4,66.4,91.2,0.84,76
Chennai,07-02-2018,68,37.4,73.44,56.44,77.52,0.71,64.6
Chennai,08-02-2018,68,37.4,73.44,56.44,77.52,0.71,64.6
Chennai,09-02-2018,103,56.65,111.24,85.49,117.42,1.08,97.85
Chennai,10-02-2018,80,44,86.4,66.4,91.2,0.84,76
Chennai,11-02-2018,131,72.05,141.48,108.73,149.34,1.38,124.45
Chennai,12-02-2018,82,45.1,88.56,68.06,93.48,0.86,77.9
Chennai,13-02-2018,136,74.8,146.88,112.88,155.04,1.43,129.2
Chennai,14-02-2018,124,68.2,133.92,102.92,141.36,1.3,117.8
Chennai,15-02-2018,104,57.2,112.32,86.32,118.56,1.09,98.8
Chennai,16-02-2018,120,66,129.6,99.6,136.8,1.26,114
Chennai,17-02-2018,105,57.75,113.4,87.15,119.7,1.1,99.75
Chennai,18-02-2018,131,72.05,141.48,108.73,149.34,1.38,124.45
Chennai,19-02-2018,150,82.5,162,124.5,171,1.58,142.5
Chennai,20-02-2018,116,63.8,125.28,96.28,132.24,1.22,110.2
Chennai,21-02-2018,160,88,172.8,132.8,182.4,1.68,152
Chennai,22-02-2018,119,65.45,128.52,98.77,135.66,1.25,113.05
Chennai,23-02-2018,94,51.7,101.52,78.02,107.16,0.99,89.3
Chennai,24-02-2018,87,47.85,93.96,72.21,99.18,0.91,82.65
Chennai,25-02-2018,58,31.9,62.64,48.14,66.12,0.61,55.1
Chennai,26-02-2018,79,43.45,85.32,65.57,90.06,0.83,75.05
Chennai,27-02-2018,117,64.35,126.36,97.11,133.38,1.23,111.15
Chennai,28-02-2018,164,90.2,177.12,136.12,186.96,1.72,155.8
Chennai,01-03-2018,142,78.1,153.36,117.86,161.88,1.49,134.9
Chennai,02-03-2018,107,58.85,115.56,88.81,121.98,1.12,101.65
Chennai,03-03-2018,104,57.2,112.32,86.32,118.56,1.09,98.8
Chennai,04-03-2018,123,67.65,132.84,102.09,140.22,1.29,116.85
Chennai,05-03-2018,88,48.4,95.04,73.04,100.32,0.92,83.6
Chennai,06-03-2018,73,40.15,78.84,60.59,83.22,0.77,69.35
Chennai,07-03-2018,117,64.35,126.36,97.11,133.38,1.23,111.15
Chennai,08-03-2018,170,93.5,183.6,141.1,193.8,1.79,161.5
Chennai,09-03-2018,110,60.5,118.8,91.3,125.4,1.16,104.5
Chennai,10-03-2018,141,77.55,152.28,117.03,160.74,1.48,133.95
Chennai,11-03-2018,124,68.2,133.92,102.92,141.36,1.3,117.8
Chennai,12-03-2018,74,40.7,79.92,61.42,84.36,0.78,70.3
Chennai,13-03-2018,100,55,108,83,114,1.05,95
Chennai,14-03-2018,66,36.3,71.28,54.78,75.24,0.69,62.7
Chennai,15-03-2018,64,35.2,69.12,53.12,72.96,0.67,60.8
Chennai,16-03-2018,107,58.85,115.56,88.81,121.98,1.12,101.65
Chennai,17-03-2018,67,36.85,72.36,55.61,76.38,0.7,63.65
Chennai,18-03-2018,101,55.55,109.08,83.83,115.14,1.06,95.95
Chennai,19-03-2018,91,50.05,98.28,75.53,103.74,0.96,86.45
Chennai,20-03-2018,119,65.45,128.52,98.77,135.66,1.25,113.05
Chennai,21-03-2018,107,58.85,115.56,88.81,121.98,1.12,101.65
Chennai,22-03-2018,79,43.45,85.32,65.57,90.06,0.83,75.05
Chennai,23-03-2018,100,55,108,83,114,1.05,95
Chennai,24-03-2018,112,61.6,120.96,92.96,127.68,1.18,106.4
Chennai,25-03-2018,96,52.8,103.68,79.68,109.44,1.01,91.2
Chennai,26-03-2018,100,55,108,83,114,1.05,95
Chennai,27-03-2018,97,53.35,104.76,80.51,110.58,1.02,92.15
Chennai,28-03-2018,67,36.85,72.36,55.61,76.38,0.7,63.65
Chennai,29-03-2018,47,25.85,50.76,39.01,53.58,0.49,44.65
Chennai,30-03-2018,69,37.95,74.52,57.27,78.66,0.72,65.55
Chennai,31-03-2018,78,42.9,84.24,64.74,88.92,0.82,74.1
Chennai,01-04-2018,84,46.2,90.72,69.72,95.76,0.88,79.8
Chennai,02-04-2018,67,36.85,72.36,55.61,76.38,0.7,63.65
Chennai,03-04-2018,62,34.1,66.96,51.46,70.68,0.65,58.9
Chennai,04-04-2018,68,37.4,73.44,56.44,77.52,0.71,64.6
Chennai,05-04-2018,82,45.1,88.56,68.06,93.48,0.86,77.9
Chennai,06-04-2018,104,57.2,112.32,86.32,118.56,1.09,98.8
Chennai,07-04-2018,82,45.1,88.56,68.06,93.48,0.86,77.9
Chennai,08-04-2018,58,31.9,62.64,48.14,66.12,0.61,55.1
Chennai,09-04-2018,73,40.15,78.84,60.59,83.22,0.77,69.35
Chennai,10-04-2018,53,29.15,57.24,43.99,60.42,0.56,50.35
Chennai,11-04-2018,71,39.05,76.68,58.93,80.94,0.75,67.45
Chennai,12-04-2018,64,35.2,69.12,53.12,72.96,0.67,60.8
Chennai,13-04-2018,58,31.9,62.64,48.14,66.12,0.61,55.1
Chennai,14-04-2018,57,31.35,61.56,47.31,64.98,0.6,54.15
Chennai,15-04-2018,42,23.1,45.36,34.86,47.88,0.44,39.9
Chennai,16-04-2018,52,28.6,56.16,43.16,59.28,0.55,49.4
Chennai,17-04-2018,58,31.9,62.64,48.14,66.12,0.61,55.1
Chennai,18-04-2018,54,29.7,58.32,44.82,61.56,0.57,51.3
Chennai,19-04-2018,72,39.6,77.76,59.76,82.08,0.76,68.4
Chennai,20-04-2018,58,31.9,62.64,48.14,66.12,0.61,55.1
Chennai,21-04-2018,70,38.5,75.6,58.1,79.8,0.74,66.5
Chennai,22-04-2018,52,28.6,56.16,43.16,59.28,0.55,49.4
Chennai,23-04-2018,70,38.5,75.6,58.1,79.8,0.74,66.5
Chennai,24-04-2018,90,49.5,97.2,74.7,102.6,0.95,85.5
Chennai,25-04-2018,76,41.8,82.08,63.08,86.64,0.8,72.2
Chennai,26-04-2018,76,41.8,82.08,63.08,86.64,0.8,72.2
Chennai,27-04-2018,82,45.1,88.56,68.06,93.48,0.86,77.9
Chennai,28-04-2018,54,29.7,58.32,44.82,61.56,0.57,51.3
Chennai,29-04-2018,55,30.25,59.4,45.65,62.7,0.58,52.25
Chennai,30-04-2018,73,40.15,78.84,60.59,83.22,0.77,69.35
Chennai,01-05-2018,118,64.9,127.44,97.94,134.52,1.24,112.1
Chennai,02-05-2018,132,72.6,142.56,109.56,150.48,1.39,125.4
Chennai,03-05-2018,119,65.45,128.52,98.77,135.66,1.25,113.05
Chennai,04-05-2018,148,81.4,159.84,122.84,168.72,1.55,140.6
Chennai,05-05-2018,110,60.5,118.8,91.3,125.4,1.16,104.5
Chennai,06-05-2018,68,37.4,73.44,56.44,77.52,0.71,64.6
Chennai,07-05-2018,86,47.3,92.88,71.38,98.04,0.9,81.7
Chennai,08-05-2018,68,37.4,73.44,56.44,77.52,0.71,64.6
Chennai,09-05-2018,63,34.65,68.04,52.29,71.82,0.66,59.85
Chennai,10-05-2018,56,30.8,60.48,46.48,63.84,0.59,53.2
Chennai,11-05-2018,55,30.25,59.4,45.65,62.7,0.58,52.25
Chennai,12-05-2018,58,31.9,62.64,48.14,66.12,0.61,55.1
Chennai,13-05-2018,60,33,64.8,49.8,68.4,0.63,57
Chennai,14-05-2018,60,33,64.8,49.8,68.4,0.63,57
Chennai,15-05-2018,60,33,64.8,49.8,68.4,0.63,57
Chennai,16-05-2018,67,36.85,72.36,55.61,76.38,0.7,63.65
Chennai,17-05-2018,61,33.55,65.88,50.63,69.54,0.64,57.95
Chennai,18-05-2018,70,38.5,75.6,58.1,79.8,0.74,66.5
Chennai,19-05-2018,78,42.9,84.24,64.74,88.92,0.82,74.1
Chennai,20-05-2018,67,36.85,72.36,55.61,76.38,0.7,63.65
Chennai,21-05-2018,66,36.3,71.28,54.78,75.24,0.69,62.7
Chennai,22-05-2018,99,54.45,106.92,82.17,112.86,1.04,94.05
Chennai,23-05-2018,88,48.4,95.04,73.04,100.32,0.92,83.6
Chennai,24-05-2018,63,34.65,68.04,52.29,71.82,0.66,59.85
Chennai,25-05-2018,61,33.55,65.88,50.63,69.54,0.64,57.95
Chennai,26-05-2018,68,37.4,73.44,56.44,77.52,0.71,64.6
Chennai,27-05-2018,84,46.2,90.72,69.72,95.76,0.88,79.8
Chennai,28-05-2018,84,46.2,90.72,69.72,95.76,0.88,79.8
Chennai,29-05-2018,92,50.6,99.36,76.36,104.88,0.97,87.4
Chennai,30-05-2018,74,40.7,79.92,61.42,84.36,0.78,70.3
Chennai,31-05-2018,96,52.8,103.68,79.68,109.44,1.01,91.2
Chennai,01-06-2018,108,59.4,116.64,89.64,123.12,1.13,102.6
Chennai,02-06-2018,132,72.6,142.56,109.56,150.48,1.39,125.4
Chennai,03-06-2018,86,47.3,92.88,71.38,98.04,0.9,81.7
Chennai,04-06-2018,88,48.4,95.04,73.04,100.32,0.92,83.6
Chennai,05-06-2018,90,49.5,97.2,74.7,102.6,0.95,85.5
Chennai,06-06-2018,72,39.6,77.76,59.76,82.08,0.76,68.4
Chennai,07-06-2018,57,31.35,61.56,47.31,64.98,0.6,54.15
Chennai,08-06-2018,74,40.7,79.92,61.42,84.36,0.78,70.3
Chennai,09-06-2018,70,38.5,75.6,58.1,79.8,0.74,66.5
Chennai,10-06-2018,64,35.2,69.12,53.12,72.96,0.67,60.8
Chennai,11-06-2018,71,39.05,76.68,58.93,80.94,0.75,67.45
Chennai,12-06-2018,90,49.5,97.2,74.7,102.6,0.95,85.5
Chennai,13-06-2018,81,44.55,87.48,67.23,92.34,0.85,76.95
Chennai,14-06-2018,90,49.5,97.2,74.7,102.6,0.95,85.5
Chennai,15-06-2018,97,53.35,104.76,80.51,110.58,1.02,92.15
Chennai,16-06-2018,116,63.8,125.28,96.28,132.24,1.22,110.2
Chennai,17-06-2018,89,48.95,96.12,73.87,101.46,0.93,84.55
Chennai,18-06-2018,102,56.1,110.16,84.66,116.28,1.07,96.9
Chennai,19-06-2018,94,51.7,101.52,78.02,107.16,0.99,89.3
Chennai,20-06-2018,104,57.2,112.32,86.32,118.56,1.09,98.8
Chennai,21-06-2018,116,63.8,125.28,96.28,132.24,1.22,110.2
Chennai,22-06-2018,114,62.7,123.12,94.62,129.96,1.2,108.3
Chennai,23-06-2018,104,57.2,112.32,86.32,118.56,1.09,98.8
Chennai,24-06-2018,108,59.4,116.64,89.64,123.12,1.13,102.6
Chennai,25-06-2018,112,61.6,120.96,92.96,127.68,1.18,106.4
Chennai,26-06-2018,130,71.5,140.4,107.9,148.2,1.37,123.5
Chennai,27-06-2018,112,61.6,120.96,92.96,127.68,1.18,106.4
Chennai,28-06-2018,122,67.1,131.76,101.26,139.08,1.28,115.9
Chennai,29-06-2018,102,56.1,110.16,84.66,116.28,1.07,96.9
Chennai,30-06-2018,148,81.4,159.84,122.84,168.72,1.55,140.6
Chennai,01-07-2018,150,82.5,162,124.5,171,1.58,142.5
Chennai,02-07-2018,148,81.4,159.84,122.84,168.72,1.55,140.6
Chennai,03-07-2018,164,90.2,177.12,136.12,186.96,1.72,155.8
Chennai,04-07-2018,98,53.9,105.84,81.34,111.72,1.03,93.1
Chennai,05-07-2018,96,52.8,103.68,79.68,109.44,1.01,91.2
Chennai,06-07-2018,148,81.4,159.84,122.84,168.72,1.55,140.6
Chennai,07-07-2018,130,71.5,140.4,107.9,148.2,1.37,123.5
Chennai,08-07-2018,81,44.55,87.48,67.23,92.34,0.85,76.95
Chennai,09-07-2018,127,69.85,137.16,105.41,144.78,1.33,120.65
Chennai,10-07-2018,109,59.95,117.72,90.47,124.26,1.14,103.55
Chennai,11-07-2018,98,53.9,105.84,81.34,111.72,1.03,93.1
Chennai,12-07-2018,70,38.5,75.6,58.1,79.8,0.74,66.5
Chennai,13-07-2018,98,53.9,105.84,81.34,111.72,1.03,93.1
Chennai,14-07-2018,62,34.1,66.96,51.46,70.68,0.65,58.9
Chennai,15-07-2018,118,64.9,127.44,97.94,134.52,1.24,112.1
Chennai,16-07-2018,84,46.2,90.72,69.72,95.76,0.88,79.8
Chennai,17-07-2018,72,39.6,77.76,59.76,82.08,0.76,68.4
Chennai,18-07-2018,62,34.1,66.96,51.46,70.68,0.65,58.9
Chennai,19-07-2018,92,50.6,99.36,76.36,104.88,0.97,87.4
Chennai,20-07-2018,70,38.5,75.6,58.1,79.8,0.74,66.5
Chennai,21-07-2018,76,41.8,82.08,63.08,86.64,0.8,72.2
Chennai,22-07-2018,92,50.6,99.36,76.36,104.88,0.97,87.4
Chennai,23-07-2018,112,61.6,120.96,92.96,127.68,1.18,106.4
Chennai,24-07-2018,99,54.45,106.92,82.17,112.86,1.04,94.05
Chennai,25-07-2018,62,34.1,66.96,51.46,70.68,0.65,58.9
Chennai,26-07-2018,66,36.3,71.28,54.78,75.24,0.69,62.7
Chennai,27-07-2018,58,31.9,62.64,48.14,66.12,0.61,55.1
Chennai,28-07-2018,102,56.1,110.16,84.66,116.28,1.07,96.9
Chennai,29-07-2018,108,59.4,116.64,89.64,123.12,1.13,102.6
Chennai,30-07-2018,76,41.8,82.08,63.08,86.64,0.8,72.2
Chennai,31-07-2018,104,57.2,112.32,86.32,118.56,1.09,98.8
Chennai,01-08-2018,114,62.7,123.12,94.62,129.96,1.2,108.3
Chennai,02-08-2018,86,47.3,92.88,71.38,98.04,0.9,81.7
Chennai,03-08-2018,86,47.3,92.88,71.38,98.04,0.9,81.7
Chennai,04-08-2018,94,51.7,101.52,78.02,107.16,0.99,89.3
Chennai,05-08-2018,108,59.4,116.64,89.64,123.12,1.13,102.6
Chennai,06-08-2018,110,60.5,118.8,91.3,125.4,1.16,104.5
Chennai,07-08-2018,98,53.9,105.84,81.34,111.72,1.03,93.1
Chennai,08-08-2018,59,32.45,63.72,48.97,67.26,0.62,56.05
Chennai,09-08-2018,46,25.3,49.68,38.18,52.44,0.48,43.7
Chennai,10-08-2018,71,39.05,76.68,58.93,80.94,0.75,67.45
Chennai,11-08-2018,70,38.5,75.6,58.1,79.8,0.74,66.5
Chennai,12-08-2018,46,25.3,49.68,38.18,52.44,0.48,43.7
Chennai,13-08-2018,54,29.7,58.32,44.82,61.56,0.57,51.3
Chennai,14-08-2018,77,42.35,83.16,63.91,87.78,0.81,73.15
Chennai,15-08-2018,58,31.9,62.64,48.14,66.12,0.61,55.1
Chennai,16-08-2018,42,23.1,45.36,34.86,47.88,0.44,39.9
Chennai,17-08-2018,63,34.65,68.04,52.29,71.82,0.66,59.85
Chennai,18-08-2018,181,99.55,195.48,150.23,206.34,1.9,171.95
Chennai,19-08-2018,92,50.6,99.36,76.36,104.88,0.97,87.4
Chennai,20-08-2018,118,64.9,127.44,97.94,134.52,1.24,112.1
Chennai,21-08-2018,237,130.35,255.96,196.71,270.18,2.49,225.15
Chennai,22-08-2018,132,72.6,142.56,109.56,150.48,1.39,125.4
Chennai,23-08-2018,69,37.95,74.52,57.27,78.66,0.72,65.55
Chennai,24-08-2018,66,36.3,71.28,54.78,75.24,0.69,62.7
Chennai,25-08-2018,106,58.3,114.48,87.98,120.84,1.11,100.7
Chennai,26-08-2018,76,41.8,82.08,63.08,86.64,0.8,72.2
Chennai,27-08-2018,56,30.8,60.48,46.48,63.84,0.59,53.2
Chennai,28-08-2018,51,28.05,55.08,42.33,58.14,0.54,48.45
Chennai,29-08-2018,59,32.45,63.72,48.97,67.26,0.62,56.05
Chennai,30-08-2018,73,40.15,78.84,60.59,83.22,0.77,69.35
Chennai,31-08-2018,69,37.95,74.52,57.27,78.66,0.72,65.55
Chennai,01-09-2018,62,34.1,66.96,51.46,70.68,0.65,58.9
Chennai,02-09-2018,83,45.65,89.64,68.89,94.62,0.87,78.85
Chennai,03-09-2018,68,37.4,73.44,56.44,77.52,0.71,64.6
Chennai,04-09-2018,67,36.85,72.36,55.61,76.38,0.7,63.65
Chennai,05-09-2018,112,61.6,120.96,92.96,127.68,1.18,106.4
Chennai,06-09-2018,107,58.85,115.56,88.81,121.98,1.12,101.65
Chennai,07-09-2018,102,56.1,110.16,84.66,116.28,1.07,96.9
Chennai,08-09-2018,102,56.1,110.16,84.66,116.28,1.07,96.9
Chennai,09-09-2018,81,44.55,87.48,67.23,92.34,0.85,76.95
Chennai,10-09-2018,73,40.15,78.84,60.59,83.22,0.77,69.35
Chennai,11-09-2018,83,45.65,89.64,68.89,94.62,0.87,78.85
Chennai,15-09-2018,166,91.3,179.28,137.78,189.24,1.74,157.7
Chennai,16-09-2018,80,44,86.4,66.4,91.2,0.84,76
Chennai,17-09-2018,48,26.4,51.84,39.84,54.72,0.5,45.6
Chennai,18-09-2018,94,51.7,101.52,78.02,107.16,0.99,89.3
Chennai,19-09-2018,49,26.95,52.92,40.67,55.86,0.51,46.55
Chennai,20-09-2018,88,48.4,95.04,73.04,100.32,0.92,83.6
Chennai,21-09-2018,100,55,108,83,114,1.05,95
Chennai,22-09-2018,99,54.45,106.92,82.17,112.86,1.04,94.05
Chennai,23-09-2018,74,40.7,79.92,61.42,84.36,0.78,70.3
Chennai,24-09-2018,58,31.9,62.64,48.14,66.12,0.61,55.1
Chennai,25-09-2018,58,31.9,62.64,48.14,66.12,0.61,55.1
Chennai,26-09-2018,60,33,64.8,49.8,68.4,0.63,57
Chennai,27-09-2018,67,36.85,72.36,55.61,76.38,0.7,63.65
Chennai,28-09-2018,46,25.3,49.68,38.18,52.44,0.48,43.7
Chennai,29-09-2018,44,24.2,47.52,36.52,50.16,0.46,41.8
Chennai,30-09-2018,81,44.55,87.48,67.23,92.34,0.85,76.95
Chennai,01-10-2018,62,34.1,66.96,51.46,70.68,0.65,58.9
Chennai,02-10-2018,63,34.65,68.04,52.29,71.82,0.66,59.85
Chennai,03-10-2018,47,25.85,50.76,39.01,53.58,0.49,44.65
Chennai,04-10-2018,61,33.55,65.88,50.63,69.54,0.64,57.95
Chennai,05-10-2018,55,30.25,59.4,45.65,62.7,0.58,52.25
Chennai,06-10-2018,48,26.4,51.84,39.84,54.72,0.5,45.6
Chennai,07-10-2018,49,26.95,52.92,40.67,55.86,0.51,46.55
Chennai,08-10-2018,64,35.2,69.12,53.12,72.96,0.67,60.8
Chennai,09-10-2018,98,53.9,105.84,81.34,111.72,1.03,93.1
Chennai,10-10-2018,138,75.9,149.04,114.54,157.32,1.45,131.1
Chennai,11-10-2018,150,82.5,162,124.5,171,1.58,142.5
Chennai,12-10-2018,88,48.4,95.04,73.04,100.32,0.92,83.6
Chennai,13-10-2018,72,39.6,77.76,59.76,82.08,0.76,68.4
Chennai,14-10-2018,60,33,64.8,49.8,68.4,0.63,57
Chennai,15-10-2018,65,35.75,70.2,53.95,74.1,0.68,61.75
Chennai,16-10-2018,70,38.5,75.6,58.1,79.8,0.74,66.5
Chennai,17-10-2018,60,33,64.8,49.8,68.4,0.63,57
Chennai,18-10-2018,50,27.5,54,41.5,57,0.53,47.5
Chennai,19-10-2018,148,81.4,159.84,122.84,168.72,1.55,140.6
Chennai,20-10-2018,122,67.1,131.76,101.26,139.08,1.28,115.9
Chennai,21-10-2018,132,72.6,142.56,109.56,150.48,1.39,125.4
Chennai,22-10-2018,125,68.75,135,103.75,142.5,1.31,118.75
Chennai,23-10-2018,146,80.3,157.68,121.18,166.44,1.53,138.7
Chennai,24-10-2018,169,92.95,182.52,140.27,192.66,1.77,160.55
Chennai,25-10-2018,140,77,151.2,116.2,159.6,1.47,133
Chennai,26-10-2018,141,77.55,152.28,117.03,160.74,1.48,133.95
Chennai,27-10-2018,128,70.4,138.24,106.24,145.92,1.34,121.6
Chennai,28-10-2018,116,63.8,125.28,96.28,132.24,1.22,110.2
Chennai,29-10-2018,131,72.05,141.48,108.73,149.34,1.38,124.45
Chennai,30-10-2018,74,40.7,79.92,61.42,84.36,0.78,70.3
Chennai,31-10-2018,55,30.25,59.4,45.65,62.7,0.58,52.25
Chennai,01-11-2018,48,26.4,51.84,39.84,54.72,0.5,45.6
Chennai,02-11-2018,75,41.25,81,62.25,85.5,0.79,71.25
Chennai,03-11-2018,45,24.75,48.6,37.35,51.3,0.47,42.75
Chennai,04-11-2018,95,52.25,102.6,78.85,108.3,1,90.25
Chennai,05-11-2018,66,36.3,71.28,54.78,75.24,0.69,62.7
Chennai,06-11-2018,64,35.2,69.12,53.12,72.96,0.67,60.8
Chennai,07-11-2018,121,66.55,130.68,100.43,137.94,1.27,114.95
Chennai,08-11-2018,105,57.75,113.4,87.15,119.7,1.1,99.75
Chennai,09-11-2018,146,80.3,157.68,121.18,166.44,1.53,138.7
Chennai,10-11-2018,134,73.7,144.72,111.22,152.76,1.41,127.3
Chennai,11-11-2018,141,77.55,152.28,117.03,160.74,1.48,133.95
Chennai,12-11-2018,174,95.7,187.92,144.42,198.36,1.83,165.3
Chennai,13-11-2018,244,134.2,263.52,202.52,278.16,2.56,231.8
Chennai,14-11-2018,185,101.75,199.8,153.55,210.9,1.94,175.75
Chennai,15-11-2018,122,67.1,131.76,101.26,139.08,1.28,115.9
Chennai,16-11-2018,54,29.7,58.32,44.82,61.56,0.57,51.3
Chennai,17-11-2018,52,28.6,56.16,43.16,59.28,0.55,49.4
Chennai,18-11-2018,60,33,64.8,49.8,68.4,0.63,57
Chennai,19-11-2018,56,30.8,60.48,46.48,63.84,0.59,53.2
Chennai,20-11-2018,79,43.45,85.32,65.57,90.06,0.83,75.05
Chennai,21-11-2018,53,29.15,57.24,43.99,60.42,0.56,50.35
Chennai,22-11-2018,52,28.6,56.16,43.16,59.28,0.55,49.4
Chennai,23-11-2018,56,30.8,60.48,46.48,63.84,0.59,53.2
Chennai,24-11-2018,210,115.5,226.8,174.3,239.4,2.21,199.5
Chennai,25-11-2018,224,123.2,241.92,185.92,255.36,2.35,212.8
Chennai,26-11-2018,186,102.3,200.88,154.38,212.04,1.95,176.7
Chennai,27-11-2018,134,73.7,144.72,111.22,152.76,1.41,127.3
Chennai,28-11-2018,122,67.1,131.76,101.26,139.08,1.28,115.9
Chennai,29-11-2018,84,46.2,90.72,69.72,95.76,0.88,79.8
Chennai,30-11-2018,87,47.85,93.96,72.21,99.18,0.91,82.65
Chennai,01-12-2018,98,53.9,105.84,81.34,111.72,1.03,93.1
Chennai,02-12-2018,56,30.8,60.48,46.48,63.84,0.59,53.2
Chennai,03-12-2018,56,30.8,60.48,46.48,63.84,0.59,53.2
Chennai,04-12-2018,54,29.7,58.32,44.82,61.56,0.57,51.3
Chennai,05-12-2018,61,33.55,65.88,50.63,69.54,0.64,57.95
Chennai,06-12-2018,68,37.4,73.44,56.44,77.52,0.71,64.6
Chennai,07-12-2018,142,78.1,153.36,117.86,161.88,1.49,134.9
Chennai,08-12-2018,238,130.9,257.04,197.54,271.32,2.5,226.1
Chennai,09-12-2018,222,122.1,239.76,184.26,253.08,2.33,210.9
Chennai,10-12-2018,221,121.55,238.68,183.43,251.94,2.32,209.95
Chennai,11-12-2018,185,101.75,199.8,153.55,210.9,1.94,175.75
Chennai,12-12-2018,185,101.75,199.8,153.55,210.9,1.94,175.75
Chennai,13-12-2018,132,72.6,142.56,109.56,150.48,1.39,125.4
Chennai,14-12-2018,80,44,86.4,66.4,91.2,0.84,76
Chennai,15-12-2018,171,94.05,184.68,141.93,194.94,1.8,162.45
Chennai,16-12-2018,133,73.15,143.64,110.39,151.62,1.4,126.35
Chennai,17-12-2018,89,48.95,96.12,73.87,101.46,0.93,84.55
Chennai,18-12-2018,159,87.45,171.72,131.97,181.26,1.67,151.05
Chennai,19-12-2018,71,39.05,76.68,58.93,80.94,0.75,67.45
Chennai,20-12-2018,70,38.5,75.6,58.1,79.8,0.74,66.5
Chennai,21-12-2018,76,41.8,82.08,63.08,86.64,0.8,72.2
Chennai,22-12-2018,90,49.5,97.2,74.7,102.6,0.95,85.5
Chennai,23-12-2018,105,57.75,113.4,87.15,119.7,1.1,99.75
Chennai,24-12-2018,125,68.75,135,103.75,142.5,1.31,118.75
Chennai,25-12-2018,148,81.4,159.84,122.84,168.72,1.55,140.6
Chennai,26-12-2018,200,110,216,166,228,2.1,190
Chennai,27-12-2018,77,42.35,83.16,63.91,87.78,0.81,73.15
Chennai,28-12-2018,112,61.6,120.96,92.96,127.68,1.18,106.4
Chennai,29-12-2018,188,103.4,203.04,156.04,214.32,1.97,178.6
Chennai,30-12-2018,156,85.8,168.48,129.48,177.84,1.64,148.2
Chennai,31-12-2018,120,66,129.6,99.6,136.8,1.26,114
Chennai,01-01-2019,175,96.25,189,145.25,199.5,1.84,166.25
Chennai,02-01-2019,81,44.55,87.48,67.23,92.34,0.85,76.95
Chennai,03-01-2019,184,101.2,198.72,152.72,209.76,1.93,174.8
Chennai,04-01-2019,203,111.65,219.24,168.49,231.42,2.13,192.85
Chennai,05-01-2019,112,61.6,120.96,92.96,127.68,1.18,106.4
Chennai,06-01-2019,193,106.15,208.44,160.19,220.02,2.03,183.35
Chennai,07-01-2019,148,81.4,159.84,122.84,168.72,1.55,140.6
Chennai,08-01-2019,81,44.55,87.48,67.23,92.34,0.85,76.95
Chennai,09-01-2019,212,116.6,228.96,175.96,241.68,2.23,201.4
Chennai,10-01-2019,172,94.6,185.76,142.76,196.08,1.81,163.4
Chennai,11-01-2019,178,97.9,192.24,147.74,202.92,1.87,169.1
Chennai,12-01-2019,158,86.9,170.64,131.14,180.12,1.66,150.1
Chennai,13-01-2019,89,48.95,96.12,73.87,101.46,0.93,84.55
Chennai,14-01-2019,122,67.1,131.76,101.26,139.08,1.28,115.9
Chennai,15-01-2019,102,56.1,110.16,84.66,116.28,1.07,96.9
Chennai,16-01-2019,96,52.8,103.68,79.68,109.44,1.01,91.2
Chennai,17-01-2019,107,58.85,115.56,88.81,121.98,1.12,101.65
Chennai,18-01-2019,135,74.25,145.8,112.05,153.9,1.42,128.25
Chennai,19-01-2019,104,57.2,112.32,86.32,118.56,1.09,98.8
Chennai,20-01-2019,64,35.2,69.12,53.12,72.96,0.67,60.8
Chennai,21-01-2019,98,53.9,105.84,81.34,111.72,1.03,93.1
Chennai,22-01-2019,171,94.05,184.68,141.93,194.94,1.8,162.45
Chennai,23-01-2019,58,31.9,62.64,48.14,66.12,0.61,55.1
Chennai,24-01-2019,94,51.7,101.52,78.02,107.16,0.99,89.3
Chennai,25-01-2019,53,29.15,57.24,43.99,60.42,0.56,50.35
Chennai,26-01-2019,45,24.75,48.6,37.35,51.3,0.47,42.75
Chennai,27-01-2019,42,23.1,45.36,34.86,47.88,0.44,39.9
Chennai,28-01-2019,39,21.45,42.12,32.37,44.46,0.41,37.05
Chennai,29-01-2019,46,25.3,49.68,38.18,52.44,0.48,43.7
Chennai,30-01-2019,72,39.6,77.76,59.76,82.08,0.76,68.4
Chennai,31-01-2019,127,69.85,137.16,105.41,144.78,1.33,120.65
Chennai,01-02-2019,100,55,108,83,114,1.05,95
Chennai,02-02-2019,90,49.5,97.2,74.7,102.6,0.95,85.5
Chennai,03-02-2019,52,28.6,56.16,43.16,59.28,0.55,49.4
Chennai,04-02-2019,88,48.4,95.04,73.04,100.32,0.92,83.6
Chennai,05-02-2019,98,53.9,105.84,81.34,111.72,1.03,93.1
Chennai,06-02-2019,125,68.75,135,103.75,142.5,1.31,118.75
Chennai,07-02-2019,115,63.25,124.2,95.45,131.1,1.21,109.25
Chennai,08-02-2019,67,36.85,72.36,55.61,76.38,0.7,63.65
Chennai,09-02-2019,53,29.15,57.24,43.99,60.42,0.56,50.35
Chennai,10-02-2019,48,26.4,51.84,39.84,54.72,0.5,45.6
Chennai,11-02-2019,58,31.9,62.64,48.14,66.12,0.61,55.1
Chennai,12-02-2019,68,37.4,73.44,56.44,77.52,0.71,64.6
Chennai,13-02-2019,154,84.7,166.32,127.82,175.56,1.62,146.3
Chennai,14-02-2019,182,100.1,196.56,151.06,207.48,1.91,172.9
Chennai,15-02-2019,74,40.7,79.92,61.42,84.36,0.78,70.3
Chennai,16-02-2019,75,41.25,81,62.25,85.5,0.79,71.25
Chennai,17-02-2019,89,48.95,96.12,73.87,101.46,0.93,84.55
Chennai,18-02-2019,67,36.85,72.36,55.61,76.38,0.7,63.65
Chennai,19-02-2019,48,26.4,51.84,39.84,54.72,0.5,45.6
Chennai,20-02-2019,47,25.85,50.76,39.01,53.58,0.49,44.65
Chennai,21-02-2019,63,34.65,68.04,52.29,71.82,0.66,59.85
Chennai,22-02-2019,85,46.75,91.8,70.55,96.9,0.89,80.75
Chennai,23-02-2019,69,37.95,74.52,57.27,78.66,0.72,65.55
Chennai,24-02-2019,80,44,86.4,66.4,91.2,0.84,76
Chennai,25-02-2019,83,45.65,89.64,68.89,94.62,0.87,78.85
Chennai,26-02-2019,185,101.75,199.8,153.55,210.9,1.94,175.75
Chennai,27-02-2019,48,26.4,51.84,39.84,54.72,0.5,45.6
Chennai,28-02-2019,105,57.75,113.4,87.15,119.7,1.1,99.75
Chennai,01-03-2019,68,37.4,73.44,56.44,77.52,0.71,64.6
Chennai,02-03-2019,165,90.75,178.2,136.95,188.1,1.73,156.75
Chennai,03-03-2019,74,40.7,79.92,61.42,84.36,0.78,70.3
Chennai,04-03-2019,76,41.8,82.08,63.08,86.64,0.8,72.2
Chennai,05-03-2019,89,48.95,96.12,73.87,101.46,0.93,84.55
Chennai,06-03-2019,103,56.65,111.24,85.49,117.42,1.08,97.85
Chennai,07-03-2019,86,47.3,92.88,71.38,98.04,0.9,81.7
Chennai,08-03-2019,73,40.15,78.84,60.59,83.22,0.77,69.35
Chennai,09-03-2019,78,42.9,84.24,64.74,88.92,0.82,74.1
Chennai,10-03-2019,68,37.4,73.44,56.44,77.52,0.71,64.6
Chennai,11-03-2019,60,33,64.8,49.8,68.4,0.63,57
Chennai,12-03-2019,82,45.1,88.56,68.06,93.48,0.86,77.9
Chennai,13-03-2019,129,70.95,139.32,107.07,147.06,1.35,122.55
Chennai,14-03-2019,132,72.6,142.56,109.56,150.48,1.39,125.4
Chennai,15-03-2019,101,55.55,109.08,83.83,115.14,1.06,95.95
Chennai,16-03-2019,86,47.3,92.88,71.38,98.04,0.9,81.7
Chennai,17-03-2019,104,57.2,112.32,86.32,118.56,1.09,98.8
Chennai,18-03-2019,70,38.5,75.6,58.1,79.8,0.74,66.5
Chennai,19-03-2019,85,46.75,91.8,70.55,96.9,0.89,80.75
Chennai,20-03-2019,105,57.75,113.4,87.15,119.7,1.1,99.75
Chennai,21-03-2019,117,64.35,126.36,97.11,133.38,1.23,111.15
Chennai,22-03-2019,84,46.2,90.72,69.72,95.76,0.88,79.8
Chennai,23-03-2019,80,44,86.4,66.4,91.2,0.84,76
Chennai,24-03-2019,73,40.15,78.84,60.59,83.22,0.77,69.35
Chennai,25-03-2019,68,37.4,73.44,56.44,77.52,0.71,64.6
Chennai,26-03-2019,78,42.9,84.24,64.74,88.92,0.82,74.1
Chennai,27-03-2019,66,36.3,71.28,54.78,75.24,0.69,62.7
Chennai,28-03-2019,73,40.15,78.84,60.59,83.22,0.77,69.35
Chennai,29-03-2019,84,46.2,90.72,69.72,95.76,0.88,79.8
Chennai,30-03-2019,76,41.8,82.08,63.08,86.64,0.8,72.2
Chennai,31-03-2019,112,61.6,120.96,92.96,127.68,1.18,106.4
Chennai,01-04-2019,119,65.45,128.52,98.77,135.66,1.25,113.05
Chennai,02-04-2019,94,51.7,101.52,78.02,107.16,0.99,89.3
Chennai,03-04-2019,116,63.8,125.28,96.28,132.24,1.22,110.2
Chennai,04-04-2019,62,34.1,66.96,51.46,70.68,0.65,58.9
Chennai,05-04-2019,79,43.45,85.32,65.57,90.06,0.83,75.05
Chennai,06-04-2019,77,42.35,83.16,63.91,87.78,0.81,73.15
Chennai,07-04-2019,71,39.05,76.68,58.93,80.94,0.75,67.45
Chennai,08-04-2019,76,41.8,82.08,63.08,86.64,0.8,72.2
Chennai,09-04-2019,96,52.8,103.68,79.68,109.44,1.01,91.2
Chennai,10-04-2019,70,38.5,75.6,58.1,79.8,0.74,66.5
Chennai,11-04-2019,118,64.9,127.44,97.94,134.52,1.24,112.1
Chennai,12-04-2019,67,36.85,72.36,55.61,76.38,0.7,63.65
Chennai,13-04-2019,64,35.2,69.12,53.12,72.96,0.67,60.8
Chennai,14-04-2019,54,29.7,58.32,44.82,61.56,0.57,51.3
Chennai,15-04-2019,53,29.15,57.24,43.99,60.42,0.56,50.35
Chennai,16-04-2019,51,28.05,55.08,42.33,58.14,0.54,48.45
Chennai,17-04-2019,50,27.5,54,41.5,57,0.53,47.5
Chennai,18-04-2019,44,24.2,47.52,36.52,50.16,0.46,41.8
Chennai,19-04-2019,50,27.5,54,41.5,57,0.53,47.5
Chennai,20-04-2019,63,34.65,68.04,52.29,71.82,0.66,59.85
Chennai,21-04-2019,72,39.6,77.76,59.76,82.08,0.76,68.4
Chennai,22-04-2019,44,24.2,47.52,36.52,50.16,0.46,41.8
Chennai,23-04-2019,50,27.5,54,41.5,57,0.53,47.5
Chennai,24-04-2019,53,29.15,57.24,43.99,60.42,0.56,50.35
Chennai,25-04-2019,63,34.65,68.04,52.29,71.82,0.66,59.85
Chennai,26-04-2019,60,33,64.8,49.8,68.4,0.63,57
Chennai,27-04-2019,54,29.7,58.32,44.82,61.56,0.57,51.3
Chennai,28-04-2019,55,30.25,59.4,45.65,62.7,0.58,52.25
Chennai,29-04-2019,56,30.8,60.48,46.48,63.84,0.59,53.2
Chennai,30-04-2019,59,32.45,63.72,48.97,67.26,0.62,56.05
Chennai,01-05-2019,72,39.6,77.76,59.76,82.08,0.76,68.4
Chennai,02-05-2019,66,36.3,71.28,54.78,75.24,0.69,62.7
Chennai,03-05-2019,65,35.75,70.2,53.95,74.1,0.68,61.75
Chennai,04-05-2019,68,37.4,73.44,56.44,77.52,0.71,64.6
Chennai,05-05-2019,70,38.5,75.6,58.1,79.8,0.74,66.5
Chennai,06-05-2019,66,36.3,71.28,54.78,75.24,0.69,62.7
Chennai,07-05-2019,73,40.15,78.84,60.59,83.22,0.77,69.35
Chennai,08-05-2019,67,36.85,72.36,55.61,76.38,0.7,63.65
Chennai,09-05-2019,66,36.3,71.28,54.78,75.24,0.69,62.7
Chennai,10-05-2019,62,34.1,66.96,51.46,70.68,0.65,58.9
Chennai,11-05-2019,134,73.7,144.72,111.22,152.76,1.41,127.3
Chennai,12-05-2019,130,71.5,140.4,107.9,148.2,1.37,123.5
Chennai,13-05-2019,46,25.3,49.68,38.18,52.44,0.48,43.7
Chennai,14-05-2019,156,85.8,168.48,129.48,177.84,1.64,148.2
Chennai,15-05-2019,111,61.05,119.88,92.13,126.54,1.17,105.45
Chennai,16-05-2019,110,60.5,118.8,91.3,125.4,1.16,104.5
Chennai,17-05-2019,92,50.6,99.36,76.36,104.88,0.97,87.4
Chennai,18-05-2019,87,47.85,93.96,72.21,99.18,0.91,82.65
Chennai,19-05-2019,70,38.5,75.6,58.1,79.8,0.74,66.5
Chennai,20-05-2019,57,31.35,61.56,47.31,64.98,0.6,54.15
Chennai,21-05-2019,59,32.45,63.72,48.97,67.26,0.62,56.05
Chennai,22-05-2019,72,39.6,77.76,59.76,82.08,0.76,68.4
Chennai,23-05-2019,71,39.05,76.68,58.93,80.94,0.75,67.45
Chennai,24-05-2019,104,57.2,112.32,86.32,118.56,1.09,98.8
Chennai,25-05-2019,102,56.1,110.16,84.66,116.28,1.07,96.9
Chennai,26-05-2019,106,58.3,114.48,87.98,120.84,1.11,100.7
Chennai,27-05-2019,92,50.6,99.36,76.36,104.88,0.97,87.4
Chennai,28-05-2019,119,65.45,128.52,98.77,135.66,1.25,113.05
Chennai,29-05-2019,124,68.2,133.92,102.92,141.36,1.3,117.8
Chennai,30-05-2019,106,58.3,114.48,87.98,120.84,1.11,100.7
Chennai,31-05-2019,112,61.6,120.96,92.96,127.68,1.18,106.4
Chennai,01-06-2019,165,90.75,178.2,136.95,188.1,1.73,156.75
Chennai,02-06-2019,158,86.9,170.64,131.14,180.12,1.66,150.1
Chennai,03-06-2019,121,66.55,130.68,100.43,137.94,1.27,114.95
Chennai,04-06-2019,140,77,151.2,116.2,159.6,1.47,133
Chennai,05-06-2019,136,74.8,146.88,112.88,155.04,1.43,129.2
Chennai,06-06-2019,106,58.3,114.48,87.98,120.84,1.11,100.7
Chennai,07-06-2019,75,41.25,81,62.25,85.5,0.79,71.25
Chennai,08-06-2019,57,31.35,61.56,47.31,64.98,0.6,54.15
Chennai,09-06-2019,86,47.3,92.88,71.38,98.04,0.9,81.7
Chennai,10-06-2019,100,55,108,83,114,1.05,95
Chennai,11-06-2019,70,38.5,75.6,58.1,79.8,0.74,66.5
Chennai,12-06-2019,86,47.3,92.88,71.38,98.04,0.9,81.7
Chennai,13-06-2019,85,46.75,91.8,70.55,96.9,0.89,80.75
Chennai,14-06-2019,119,65.45,128.52,98.77,135.66,1.25,113.05
Chennai,15-06-2019,78,42.9,84.24,64.74,88.92,0.82,74.1
Chennai,16-06-2019,91,50.05,98.28,75.53,103.74,0.96,86.45
Chennai,17-06-2019,93,51.15,100.44,77.19,106.02,0.98,88.35
Chennai,18-06-2019,,0,0,0,0,0,0
Chennai,19-06-2019,80,44,86.4,66.4,91.2,0.84,76
Chennai,20-06-2019,86,47.3,92.88,71.38,98.04,0.9,81.7
Chennai,21-06-2019,65,35.75,70.2,53.95,74.1,0.68,61.75
Chennai,22-06-2019,78,42.9,84.24,64.74,88.92,0.82,74.1
Chennai,23-06-2019,80,44,86.4,66.4,91.2,0.84,76
Chennai,24-06-2019,83,45.65,89.64,68.89,94.62,0.87,78.85
Chennai,25-06-2019,105,57.75,113.4,87.15,119.7,1.1,99.75
Chennai,26-06-2019,48,26.4,51.84,39.84,54.72,0.5,45.6
Chennai,27-06-2019,56,30.8,60.48,46.48,63.84,0.59,53.2
Chennai,28-06-2019,48,26.4,51.84,39.84,54.72,0.5,45.6
Chennai,29-06-2019,42,23.1,45.36,34.86,47.88,0.44,39.9
Chennai,30-06-2019,85,46.75,91.8,70.55,96.9,0.89,80.75
Chennai,01-07-2019,50,27.5,54,41.5,57,0.53,47.5
Chennai,02-07-2019,56,30.8,60.48,46.48,63.84,0.59,53.2
Chennai,03-07-2019,144,79.2,155.52,119.52,164.16,1.51,136.8
Chennai,04-07-2019,87,47.85,93.96,72.21,99.18,0.91,82.65
Chennai,05-07-2019,133,73.15,143.64,110.39,151.62,1.4,126.35
Chennai,06-07-2019,48,26.4,51.84,39.84,54.72,0.5,45.6
Chennai,07-07-2019,61,33.55,65.88,50.63,69.54,0.64,57.95
Chennai,08-07-2019,97,53.35,104.76,80.51,110.58,1.02,92.15
Chennai,09-07-2019,92,50.6,99.36,76.36,104.88,0.97,87.4
Chennai,10-07-2019,65,35.75,70.2,53.95,74.1,0.68,61.75
Chennai,11-07-2019,66,36.3,71.28,54.78,75.24,0.69,62.7
Chennai,12-07-2019,65,35.75,70.2,53.95,74.1,0.68,61.75
Chennai,13-07-2019,77,42.35,83.16,63.91,87.78,0.81,73.15
Chennai,14-07-2019,75,41.25,81,62.25,85.5,0.79,71.25
Chennai,15-07-2019,78,42.9,84.24,64.74,88.92,0.82,74.1
Chennai,16-07-2019,71,39.05,76.68,58.93,80.94,0.75,67.45
Chennai,17-07-2019,70,38.5,75.6,58.1,79.8,0.74,66.5
Chennai,18-07-2019,92,50.6,99.36,76.36,104.88,0.97,87.4
Chennai,19-07-2019,60,33,64.8,49.8,68.4,0.63,57
Chennai,20-07-2019,75,41.25,81,62.25,85.5,0.79,71.25
Chennai,21-07-2019,58,31.9,62.64,48.14,66.12,0.61,55.1
Chennai,22-07-2019,43,23.65,46.44,35.69,49.02,0.45,40.85
Chennai,23-07-2019,49,26.95,52.92,40.67,55.86,0.51,46.55
Chennai,24-07-2019,60,33,64.8,49.8,68.4,0.63,57
Chennai,25-07-2019,63,34.65,68.04,52.29,71.82,0.66,59.85
Chennai,26-07-2019,50,27.5,54,41.5,57,0.53,47.5
Chennai,27-07-2019,50,27.5,54,41.5,57,0.53,47.5
Chennai,28-07-2019,62,34.1,66.96,51.46,70.68,0.65,58.9
Chennai,29-07-2019,66,36.3,71.28,54.78,75.24,0.69,62.7
Chennai,30-07-2019,78,42.9,84.24,64.74,88.92,0.82,74.1
Chennai,31-07-2019,86,47.3,92.88,71.38,98.04,0.9,81.7
Chennai,01-08-2019,97,53.35,104.76,80.51,110.58,1.02,92.15
Chennai,02-08-2019,86,47.3,92.88,71.38,98.04,0.9,81.7
Chennai,03-08-2019,84,46.2,90.72,69.72,95.76,0.88,79.8
Chennai,04-08-2019,91,50.05,98.28,75.53,103.74,0.96,86.45
Chennai,05-08-2019,77,42.35,83.16,63.91,87.78,0.81,73.15
Chennai,06-08-2019,89,48.95,96.12,73.87,101.46,0.93,84.55
Chennai,07-08-2019,61,33.55,65.88,50.63,69.54,0.64,57.95
Chennai,08-08-2019,107,58.85,115.56,88.81,121.98,1.12,101.65
Chennai,09-08-2019,59,32.45,63.72,48.97,67.26,0.62,56.05
Chennai,10-08-2019,65,35.75,70.2,53.95,74.1,0.68,61.75
Chennai,11-08-2019,35,19.25,37.8,29.05,39.9,0.37,33.25
Chennai,12-08-2019,48,26.4,51.84,39.84,54.72,0.5,45.6
Chennai,13-08-2019,40,22,43.2,33.2,45.6,0.42,38
Chennai,14-08-2019,100,55,108,83,114,1.05,95
Chennai,15-08-2019,65,35.75,70.2,53.95,74.1,0.68,61.75
Chennai,16-08-2019,50,27.5,54,41.5,57,0.53,47.5
Chennai,17-08-2019,59,32.45,63.72,48.97,67.26,0.62,56.05
Chennai,18-08-2019,44,24.2,47.52,36.52,50.16,0.46,41.8
Chennai,19-08-2019,44,24.2,47.52,36.52,50.16,0.46,41.8
Chennai,20-08-2019,51,28.05,55.08,42.33,58.14,0.54,48.45
Chennai,21-08-2019,52,28.6,56.16,43.16,59.28,0.55,49.4
Chennai,22-08-2019,75,41.25,81,62.25,85.5,0.79,71.25
Chennai,23-08-2019,47,25.85,50.76,39.01,53.58,0.49,44.65
Chennai,24-08-2019,45,24.75,48.6,37.35,51.3,0.47,42.75
Chennai,25-08-2019,40,22,43.2,33.2,45.6,0.42,38
Chennai,26-08-2019,50,27.5,54,41.5,57,0.53,47.5
Chennai,27-08-2019,42,23.1,45.36,34.86,47.88,0.44,39.9
Chennai,28-08-2019,82,45.1,88.56,68.06,93.48,0.86,77.9
Chennai,29-08-2019,44,24.2,47.52,36.52,50.16,0.46,41.8
Chennai,30-08-2019,74,40.7,79.92,61.42,84.36,0.78,70.3
Chennai,31-08-2019,118,64.9,127.44,97.94,134.52,1.24,112.1
Chennai,01-09-2019,77,42.35,83.16,63.91,87.78,0.81,73.15
Chennai,02-09-2019,76,41.8,82.08,63.08,86.64,0.8,72.2
Chennai,03-09-2019,74,40.7,79.92,61.42,84.36,0.78,70.3
Chennai,04-09-2019,94,51.7,101.52,78.02,107.16,0.99,89.3
Chennai,05-09-2019,53,29.15,57.24,43.99,60.42,0.56,50.35
Chennai,06-09-2019,58,31.9,62.64,48.14,66.12,0.61,55.1
Chennai,07-09-2019,77,42.35,83.16,63.91,87.78,0.81,73.15
Chennai,08-09-2019,61,33.55,65.88,50.63,69.54,0.64,57.95
Chennai,09-09-2019,75,41.25,81,62.25,85.5,0.79,71.25
Chennai,10-09-2019,108,59.4,116.64,89.64,123.12,1.13,102.6
Chennai,11-09-2019,105,57.75,113.4,87.15,119.7,1.1,99.75
Chennai,12-09-2019,88,48.4,95.04,73.04,100.32,0.92,83.6
Chennai,13-09-2019,56,30.8,60.48,46.48,63.84,0.59,53.2
Chennai,14-09-2019,73,40.15,78.84,60.59,83.22,0.77,69.35
Chennai,15-09-2019,67,36.85,72.36,55.61,76.38,0.7,63.65
Chennai,16-09-2019,77,42.35,83.16,63.91,87.78,0.81,73.15
Chennai,17-09-2019,83,45.65,89.64,68.89,94.62,0.87,78.85
Chennai,18-09-2019,76,41.8,82.08,63.08,86.64,0.8,72.2
Chennai,19-09-2019,83,45.65,89.64,68.89,94.62,0.87,78.85
Chennai,20-09-2019,93,51.15,100.44,77.19,106.02,0.98,88.35
Chennai,21-09-2019,76,41.8,82.08,63.08,86.64,0.8,72.2
Chennai,22-09-2019,100,55,108,83,114,1.05,95
Chennai,23-09-2019,132,72.6,142.56,109.56,150.48,1.39,125.4
Chennai,24-09-2019,118,64.9,127.44,97.94,134.52,1.24,112.1
Chennai,25-09-2019,69,37.95,74.52,57.27,78.66,0.72,65.55
Chennai,26-09-2019,61,33.55,65.88,50.63,69.54,0.64,57.95
Chennai,27-09-2019,85,46.75,91.8,70.55,96.9,0.89,80.75
Chennai,28-09-2019,96,52.8,103.68,79.68,109.44,1.01,91.2
Chennai,29-09-2019,79,43.45,85.32,65.57,90.06,0.83,75.05
Chennai,30-09-2019,100,55,108,83,114,1.05,95
Chennai,01-10-2019,86,47.3,92.88,71.38,98.04,0.9,81.7
Chennai,02-10-2019,99,54.45,106.92,82.17,112.86,1.04,94.05
Chennai,03-10-2019,84,46.2,90.72,69.72,95.76,0.88,79.8
Chennai,04-10-2019,71,39.05,76.68,58.93,80.94,0.75,67.45
Chennai,05-10-2019,80,44,86.4,66.4,91.2,0.84,76
Chennai,06-10-2019,88,48.4,95.04,73.04,100.32,0.92,83.6
Chennai,07-10-2019,50,27.5,54,41.5,57,0.53,47.5
Chennai,08-10-2019,80,44,86.4,66.4,91.2,0.84,76
Chennai,09-10-2019,85,46.75,91.8,70.55,96.9,0.89,80.75
Chennai,10-10-2019,84,46.2,90.72,69.72,95.76,0.88,79.8
Chennai,11-10-2019,69,37.95,74.52,57.27,78.66,0.72,65.55
Chennai,12-10-2019,73,40.15,78.84,60.59,83.22,0.77,69.35
Chennai,13-10-2019,78,42.9,84.24,64.74,88.92,0.82,74.1
Chennai,14-10-2019,41,22.55,44.28,34.03,46.74,0.43,38.95
Chennai,15-10-2019,65,35.75,70.2,53.95,74.1,0.68,61.75
Chennai,16-10-2019,48,26.4,51.84,39.84,54.72,0.5,45.6
Chennai,17-10-2019,54,29.7,58.32,44.82,61.56,0.57,51.3
Chennai,18-10-2019,76,41.8,82.08,63.08,86.64,0.8,72.2
Chennai,19-10-2019,72,39.6,77.76,59.76,82.08,0.76,68.4
Chennai,20-10-2019,68,37.4,73.44,56.44,77.52,0.71,64.6
Chennai,21-10-2019,67,36.85,72.36,55.61,76.38,0.7,63.65
Chennai,22-10-2019,58,31.9,62.64,48.14,66.12,0.61,55.1
Chennai,23-10-2019,81,44.55,87.48,67.23,92.34,0.85,76.95
Chennai,24-10-2019,58,31.9,62.64,48.14,66.12,0.61,55.1
Chennai,25-10-2019,82,45.1,88.56,68.06,93.48,0.86,77.9
Chennai,26-10-2019,124,68.2,133.92,102.92,141.36,1.3,117.8
Chennai,27-10-2019,260,143,280.8,215.8,296.4,2.73,247
Chennai,28-10-2019,129,70.95,139.32,107.07,147.06,1.35,122.55
Chennai,29-10-2019,74,40.7,79.92,61.42,84.36,0.78,70.3
Chennai,30-10-2019,59,32.45,63.72,48.97,67.26,0.62,56.05
Chennai,31-10-2019,138,75.9,149.04,114.54,157.32,1.45,131.1
Chennai,01-11-2019,100,55,108,83,114,1.05,95
Chennai,02-11-2019,56,30.8,60.48,46.48,63.84,0.59,53.2
Chennai,03-11-2019,107,58.85,115.56,88.81,121.98,1.12,101.65
Chennai,04-11-2019,262,144.1,282.96,217.46,298.68,2.75,248.9
Chennai,05-11-2019,237,130.35,255.96,196.71,270.18,2.49,225.15
Chennai,06-11-2019,224,123.2,241.92,185.92,255.36,2.35,212.8
Chennai,07-11-2019,272,149.6,293.76,225.76,310.08,2.86,258.4
Chennai,08-11-2019,288,158.4,311.04,239.04,328.32,3.02,273.6
Chennai,09-11-2019,218,119.9,235.44,180.94,248.52,2.29,207.1
Chennai,10-11-2019,234,128.7,252.72,194.22,266.76,2.46,222.3
Chennai,11-11-2019,184,101.2,198.72,152.72,209.76,1.93,174.8
Chennai,12-11-2019,65,35.75,70.2,53.95,74.1,0.68,61.75
Chennai,13-11-2019,64,35.2,69.12,53.12,72.96,0.67,60.8
Chennai,14-11-2019,42,23.1,45.36,34.86,47.88,0.44,39.9
Chennai,15-11-2019,76,41.8,82.08,63.08,86.64,0.8,72.2
Chennai,16-11-2019,66,36.3,71.28,54.78,75.24,0.69,62.7
Chennai,17-11-2019,103,56.65,111.24,85.49,117.42,1.08,97.85
Chennai,18-11-2019,78,42.9,84.24,64.74,88.92,0.82,74.1
Chennai,19-11-2019,54,29.7,58.32,44.82,61.56,0.57,51.3
Chennai,20-11-2019,35,19.25,37.8,29.05,39.9,0.37,33.25
Chennai,21-11-2019,51,28.05,55.08,42.33,58.14,0.54,48.45
Chennai,22-11-2019,56,30.8,60.48,46.48,63.84,0.59,53.2
Chennai,23-11-2019,69,37.95,74.52,57.27,78.66,0.72,65.55
Chennai,24-11-2019,130,71.5,140.4,107.9,148.2,1.37,123.5
Chennai,25-11-2019,87,47.85,93.96,72.21,99.18,0.91,82.65
Chennai,26-11-2019,97,53.35,104.76,80.51,110.58,1.02,92.15
Chennai,27-11-2019,75,41.25,81,62.25,85.5,0.79,71.25
Chennai,28-11-2019,61,33.55,65.88,50.63,69.54,0.64,57.95
Chennai,29-11-2019,45,24.75,48.6,37.35,51.3,0.47,42.75
Chennai,30-11-2019,48,26.4,51.84,39.84,54.72,0.5,45.6
Chennai,01-12-2019,45,24.75,48.6,37.35,51.3,0.47,42.75
Chennai,02-12-2019,36,19.8,38.88,29.88,41.04,0.38,34.2
Chennai,03-12-2019,58,31.9,62.64,48.14,66.12,0.61,55.1
Chennai,04-12-2019,71,39.05,76.68,58.93,80.94,0.75,67.45
Chennai,05-12-2019,109,59.95,117.72,90.47,124.26,1.14,103.55
Chennai,06-12-2019,96,52.8,103.68,79.68,109.44,1.01,91.2
Chennai,07-12-2019,74,40.7,79.92,61.42,84.36,0.78,70.3
Chennai,08-12-2019,72,39.6,77.76,59.76,82.08,0.76,68.4
Chennai,09-12-2019,54,29.7,58.32,44.82,61.56,0.57,51.3
Chennai,10-12-2019,56,30.8,60.48,46.48,63.84,0.59,53.2
Chennai,11-12-2019,69,37.95,74.52,57.27,78.66,0.72,65.55
Chennai,12-12-2019,52,28.6,56.16,43.16,59.28,0.55,49.4
Chennai,13-12-2019,56,30.8,60.48,46.48,63.84,0.59,53.2
Chennai,14-12-2019,61,33.55,65.88,50.63,69.54,0.64,57.95
Chennai,15-12-2019,69,37.95,74.52,57.27,78.66,0.72,65.55
Chennai,16-12-2019,60,33,64.8,49.8,68.4,0.63,57
Chennai,17-12-2019,66,36.3,71.28,54.78,75.24,0.69,62.7
Chennai,18-12-2019,100,55,108,83,114,1.05,95
Chennai,19-12-2019,82,45.1,88.56,68.06,93.48,0.86,77.9
Chennai,20-12-2019,111,61.05,119.88,92.13,126.54,1.17,105.45
Chennai,21-12-2019,137,75.35,147.96,113.71,156.18,1.44,130.15
Chennai,22-12-2019,122,67.1,131.76,101.26,139.08,1.28,115.9
Chennai,23-12-2019,93,51.15,100.44,77.19,106.02,0.98,88.35
Chennai,24-12-2019,96,52.8,103.68,79.68,109.44,1.01,91.2
Chennai,25-12-2019,102,56.1,110.16,84.66,116.28,1.07,96.9
Chennai,26-12-2019,132,72.6,142.56,109.56,150.48,1.39,125.4
Chennai,27-12-2019,61,33.55,65.88,50.63,69.54,0.64,57.95
Chennai,28-12-2019,58,31.9,62.64,48.14,66.12,0.61,55.1
Chennai,29-12-2019,106,58.3,114.48,87.98,120.84,1.11,100.7
Chennai,30-12-2019,76,41.8,82.08,63.08,86.64,0.8,72.2
Chennai,31-12-2019,87,47.85,93.96,72.21,99.18,0.91,82.65
Chennai,01-01-2020,64,35.2,69.12,53.12,72.96,0.67,60.8
Chennai,02-01-2020,57,31.35,61.56,47.31,64.98,0.6,54.15
Chennai,03-01-2020,69,37.95,74.52,57.27,78.66,0.72,65.55
Chennai,04-01-2020,47,25.85,50.76,39.01,53.58,0.49,44.65
Chennai,05-01-2020,60,33,64.8,49.8,68.4,0.63,57
Chennai,06-01-2020,52,28.6,56.16,43.16,59.28,0.55,49.4
Chennai,07-01-2020,47,25.85,50.76,39.01,53.58,0.49,44.65
Chennai,08-01-2020,78,42.9,84.24,64.74,88.92,0.82,74.1
Chennai,09-01-2020,77,42.35,83.16,63.91,87.78,0.81,73.15
Chennai,10-01-2020,73,40.15,78.84,60.59,83.22,0.77,69.35
Chennai,11-01-2020,70,38.5,75.6,58.1,79.8,0.74,66.5
Chennai,12-01-2020,89,48.95,96.12,73.87,101.46,0.93,84.55
Chennai,13-01-2020,158,86.9,170.64,131.14,180.12,1.66,150.1
Chennai,14-01-2020,170,93.5,183.6,141.1,193.8,1.79,161.5
Chennai,15-01-2020,102,56.1,110.16,84.66,116.28,1.07,96.9
Chennai,16-01-2020,54,29.7,58.32,44.82,61.56,0.57,51.3
Chennai,17-01-2020,71,39.05,76.68,58.93,80.94,0.75,67.45
Chennai,18-01-2020,52,28.6,56.16,43.16,59.28,0.55,49.4
Chennai,19-01-2020,73,40.15,78.84,60.59,83.22,0.77,69.35
Chennai,20-01-2020,72,39.6,77.76,59.76,82.08,0.76,68.4
Chennai,21-01-2020,88,48.4,95.04,73.04,100.32,0.92,83.6
Chennai,22-01-2020,86,47.3,92.88,71.38,98.04,0.9,81.7
Chennai,23-01-2020,110,60.5,118.8,91.3,125.4,1.16,104.5
Chennai,24-01-2020,127,69.85,137.16,105.41,144.78,1.33,120.65
Chennai,25-01-2020,98,53.9,105.84,81.34,111.72,1.03,93.1
Chennai,26-01-2020,74,40.7,79.92,61.42,84.36,0.78,70.3
Chennai,27-01-2020,77,42.35,83.16,63.91,87.78,0.81,73.15
Chennai,28-01-2020,93,51.15,100.44,77.19,106.02,0.98,88.35
Chennai,29-01-2020,79,43.45,85.32,65.57,90.06,0.83,75.05
Chennai,30-01-2020,86,47.3,92.88,71.38,98.04,0.9,81.7
Chennai,31-01-2020,75,41.25,81,62.25,85.5,0.79,71.25
Chennai,01-02-2020,61,33.55,65.88,50.63,69.54,0.64,57.95
Chennai,02-02-2020,50,27.5,54,41.5,57,0.53,47.5
Chennai,03-02-2020,76,41.8,82.08,63.08,86.64,0.8,72.2
Chennai,04-02-2020,76,41.8,82.08,63.08,86.64,0.8,72.2
Chennai,05-02-2020,85,46.75,91.8,70.55,96.9,0.89,80.75
Chennai,06-02-2020,86,47.3,92.88,71.38,98.04,0.9,81.7
Chennai,07-02-2020,71,39.05,76.68,58.93,80.94,0.75,67.45
Chennai,08-02-2020,54,29.7,58.32,44.82,61.56,0.57,51.3
Chennai,09-02-2020,60,33,64.8,49.8,68.4,0.63,57
Chennai,10-02-2020,58,31.9,62.64,48.14,66.12,0.61,55.1
Chennai,11-02-2020,64,35.2,69.12,53.12,72.96,0.67,60.8
Chennai,12-02-2020,70,38.5,75.6,58.1,79.8,0.74,66.5
Chennai,13-02-2020,96,52.8,103.68,79.68,109.44,1.01,91.2
Chennai,14-02-2020,130,71.5,140.4,107.9,148.2,1.37,123.5
Chennai,15-02-2020,139,76.45,150.12,115.37,158.46,1.46,132.05
Chennai,16-02-2020,76,41.8,82.08,63.08,86.64,0.8,72.2
Chennai,17-02-2020,62,34.1,66.96,51.46,70.68,0.65,58.9
Chennai,18-02-2020,83,45.65,89.64,68.89,94.62,0.87,78.85
Chennai,19-02-2020,84,46.2,90.72,69.72,95.76,0.88,79.8
Chennai,20-02-2020,75,41.25,81,62.25,85.5,0.79,71.25
Chennai,21-02-2020,85,46.75,91.8,70.55,96.9,0.89,80.75
Chennai,22-02-2020,62,34.1,66.96,51.46,70.68,0.65,58.9
Chennai,23-02-2020,56,30.8,60.48,46.48,63.84,0.59,53.2
Chennai,24-02-2020,72,39.6,77.76,59.76,82.08,0.76,68.4
Chennai,25-02-2020,76,41.8,82.08,63.08,86.64,0.8,72.2
Chennai,26-02-2020,78,42.9,84.24,64.74,88.92,0.82,74.1
Chennai,27-02-2020,82,45.1,88.56,68.06,93.48,0.86,77.9
Chennai,28-02-2020,70,38.5,75.6,58.1,79.8,0.74,66.5
Chennai,01-03-2020,66,36.3,71.28,54.78,75.24,0.69,62.7
Chennai,02-03-2020,89,48.95,96.12,73.87,101.46,0.93,84.55
Chennai,03-03-2020,97,53.35,104.76,80.51,110.58,1.02,92.15
Chennai,04-03-2020,79,43.45,85.32,65.57,90.06,0.83,75.05
Chennai,05-03-2020,68,37.4,73.44,56.44,77.52,0.71,64.6
Chennai,06-03-2020,52,28.6,56.16,43.16,59.28,0.55,49.4
Chennai,07-03-2020,63,34.65,68.04,52.29,71.82,0.66,59.85
Chennai,08-03-2020,45,24.75,48.6,37.35,51.3,0.47,42.75
Chennai,09-03-2020,58,31.9,62.64,48.14,66.12,0.61,55.1
Chennai,10-03-2020,38,20.9,41.04,31.54,43.32,0.4,36.1
Chennai,11-03-2020,54,29.7,58.32,44.82,61.56,0.57,51.3
Chennai,12-03-2020,53,29.15,57.24,43.99,60.42,0.56,50.35
Chennai,13-03-2020,59,32.45,63.72,48.97,67.26,0.62,56.05
Chennai,14-03-2020,71,39.05,76.68,58.93,80.94,0.75,67.45
Chennai,15-03-2020,69,37.95,74.52,57.27,78.66,0.72,65.55
Chennai,16-03-2020,59,32.45,63.72,48.97,67.26,0.62,56.05
Chennai,17-03-2020,80,44,86.4,66.4,91.2,0.84,76
Chennai,18-03-2020,72,39.6,77.76,59.76,82.08,0.76,68.4
Chennai,19-03-2020,68,37.4,73.44,56.44,77.52,0.71,64.6
Chennai,20-03-2020,66,36.3,71.28,54.78,75.24,0.69,62.7
Chennai,21-03-2020,70,38.5,75.6,58.1,79.8,0.74,66.5
Chennai,22-03-2020,64,35.2,69.12,53.12,72.96,0.67,60.8
Chennai,23-03-2020,65,35.75,70.2,53.95,74.1,0.68,61.75
Chennai,24-03-2020,52,28.6,56.16,43.16,59.28,0.55,49.4
Chennai,25-03-2020,46,25.3,49.68,38.18,52.44,0.48,43.7
Chennai,26-03-2020,56,30.8,60.48,46.48,63.84,0.59,53.2
Chennai,27-03-2020,48,26.4,51.84,39.84,54.72,0.5,45.6
Chennai,28-03-2020,57,31.35,61.56,47.31,64.98,0.6,54.15
Chennai,29-03-2020,46,25.3,49.68,38.18,52.44,0.48,43.7
Chennai,30-03-2020,52,28.6,56.16,43.16,59.28,0.55,49.4
Chennai,31-03-2020,54,29.7,58.32,44.82,61.56,0.57,51.3
Chennai,01-04-2020,61,33.55,65.88,50.63,69.54,0.64,57.95
Chennai,02-04-2020,62,34.1,66.96,51.46,70.68,0.65,58.9
Chennai,03-04-2020,56,30.8,60.48,46.48,63.84,0.59,53.2
Chennai,04-04-2020,55,30.25,59.4,45.65,62.7,0.58,52.25
Chennai,05-04-2020,55,30.25,59.4,45.65,62.7,0.58,52.25
Chennai,06-04-2020,46,25.3,49.68,38.18,52.44,0.48,43.7
Chennai,07-04-2020,40,22,43.2,33.2,45.6,0.42,38
Chennai,08-04-2020,44,24.2,47.52,36.52,50.16,0.46,41.8
Chennai,09-04-2020,42,23.1,45.36,34.86,47.88,0.44,39.9
Chennai,10-04-2020,62,34.1,66.96,51.46,70.68,0.65,58.9
Chennai,11-04-2020,43,23.65,46.44,35.69,49.02,0.45,40.85
Chennai,12-04-2020,44,24.2,47.52,36.52,50.16,0.46,41.8
Chennai,13-04-2020,44,24.2,47.52,36.52,50.16,0.46,41.8
Chennai,14-04-2020,46,25.3,49.68,38.18,52.44,0.48,43.7
Chennai,15-04-2020,42,23.1,45.36,34.86,47.88,0.44,39.9
Chennai,16-04-2020,50,27.5,54,41.5,57,0.53,47.5
Chennai,17-04-2020,43,23.65,46.44,35.69,49.02,0.45,40.85
Chennai,18-04-2020,40,22,43.2,33.2,45.6,0.42,38
Chennai,19-04-2020,44,24.2,47.52,36.52,50.16,0.46,41.8
Chennai,20-04-2020,39,21.45,42.12,32.37,44.46,0.41,37.05
Chennai,21-04-2020,44,24.2,47.52,36.52,50.16,0.46,41.8
Chennai,22-04-2020,44,24.2,47.52,36.52,50.16,0.46,41.8
Chennai,23-04-2020,40,22,43.2,33.2,45.6,0.42,38
Chennai,24-04-2020,44,24.2,47.52,36.52,50.16,0.46,41.8
Chennai,25-04-2020,45,24.75,48.6,37.35,51.3,0.47,42.75
Chennai,26-04-2020,44,24.2,47.52,36.52,50.16,0.46,41.8
Chennai,27-04-2020,48,26.4,51.84,39.84,54.72,0.5,45.6
Chennai,28-04-2020,49,26.95,52.92,40.67,55.86,0.51,46.55
Chennai,29-04-2020,54,29.7,58.32,44.82,61.56,0.57,51.3
Chennai,30-04-2020,49,26.95,52.92,40.67,55.86,0.51,46.55
Chennai,01-05-2020,60,33,64.8,49.8,68.4,0.63,57
Chennai,02-05-2020,51,28.05,55.08,42.33,58.14,0.54,48.45
Chennai,03-05-2020,51,28.05,55.08,42.33,58.14,0.54,48.45
Chennai,04-05-2020,45,24.75,48.6,37.35,51.3,0.47,42.75
Chennai,05-05-2020,52,28.6,56.16,43.16,59.28,0.55,49.4
Chennai,06-05-2020,51,28.05,55.08,42.33,58.14,0.54,48.45
Chennai,07-05-2020,51,28.05,55.08,42.33,58.14,0.54,48.45
Chennai,08-05-2020,51,28.05,55.08,42.33,58.14,0.54,48.45
Chennai,09-05-2020,48,26.4,51.84,39.84,54.72,0.5,45.6
Chennai,10-05-2020,54,29.7,58.32,44.82,61.56,0.57,51.3
Chennai,11-05-2020,45,24.75,48.6,37.35,51.3,0.47,42.75
Chennai,12-05-2020,48,26.4,51.84,39.84,54.72,0.5,45.6
Chennai,13-05-2020,50,27.5,54,41.5,57,0.53,47.5
Chennai,14-05-2020,50,27.5,54,41.5,57,0.53,47.5
Chennai,15-05-2020,52,28.6,56.16,43.16,59.28,0.55,49.4
Chennai,16-05-2020,65,35.75,70.2,53.95,74.1,0.68,61.75
Chennai,17-05-2020,51,28.05,55.08,42.33,58.14,0.54,48.45
Chennai,18-05-2020,61,33.55,65.88,50.63,69.54,0.64,57.95
Chennai,19-05-2020,63,34.65,68.04,52.29,71.82,0.66,59.85
Chennai,20-05-2020,64,35.2,69.12,53.12,72.96,0.67,60.8
Chennai,21-05-2020,65,35.75,70.2,53.95,74.1,0.68,61.75
Chennai,22-05-2020,81,44.55,87.48,67.23,92.34,0.85,76.95
Chennai,23-05-2020,64,35.2,69.12,53.12,72.96,0.67,60.8
Chennai,24-05-2020,67,36.85,72.36,55.61,76.38,0.7,63.65
Chennai,25-05-2020,62,34.1,66.96,51.46,70.68,0.65,58.9
Chennai,26-05-2020,67,36.85,72.36,55.61,76.38,0.7,63.65
Chennai,27-05-2020,58,31.9,62.64,48.14,66.12,0.61,55.1
Chennai,28-05-2020,62,34.1,66.96,51.46,70.68,0.65,58.9
Chennai,29-05-2020,97,53.35,104.76,80.51,110.58,1.02,92.15
Chennai,30-05-2020,86,47.3,92.88,71.38,98.04,0.9,81.7
Chennai,31-05-2020,68,37.4,73.44,56.44,77.52,0.71,64.6
Chennai,01-06-2020,92,50.6,99.36,76.36,104.88,0.97,87.4
Chennai,02-06-2020,77,42.35,83.16,63.91,87.78,0.81,73.15
Chennai,03-06-2020,66,36.3,71.28,54.78,75.24,0.69,62.7
Chennai,04-06-2020,67,36.85,72.36,55.61,76.38,0.7,63.65
Chennai,05-06-2020,69,37.95,74.52,57.27,78.66,0.72,65.55
Chennai,06-06-2020,71,39.05,76.68,58.93,80.94,0.75,67.45
Chennai,07-06-2020,88,48.4,95.04,73.04,100.32,0.92,83.6
Chennai,08-06-2020,68,37.4,73.44,56.44,77.52,0.71,64.6
Chennai,09-06-2020,70,38.5,75.6,58.1,79.8,0.74,66.5
Chennai,10-06-2020,70,38.5,75.6,58.1,79.8,0.74,66.5
Chennai,11-06-2020,78,42.9,84.24,64.74,88.92,0.82,74.1
Chennai,12-06-2020,112,61.6,120.96,92.96,127.68,1.18,106.4
Chennai,13-06-2020,60,33,64.8,49.8,68.4,0.63,57
Chennai,14-06-2020,61,33.55,65.88,50.63,69.54,0.64,57.95
Chennai,15-06-2020,61,33.55,65.88,50.63,69.54,0.64,57.95
Chennai,16-06-2020,72,39.6,77.76,59.76,82.08,0.76,68.4
Chennai,17-06-2020,84,46.2,90.72,69.72,95.76,0.88,79.8
Chennai,18-06-2020,80,44,86.4,66.4,91.2,0.84,76
Chennai,19-06-2020,104,57.2,112.32,86.32,118.56,1.09,98.8
Chennai,20-06-2020,110,60.5,118.8,91.3,125.4,1.16,104.5
Chennai,21-06-2020,88,48.4,95.04,73.04,100.32,0.92,83.6
Chennai,22-06-2020,100,55,108,83,114,1.05,95
Chennai,23-06-2020,82,45.1,88.56,68.06,93.48,0.86,77.9
Chennai,24-06-2020,110,60.5,118.8,91.3,125.4,1.16,104.5
Chennai,25-06-2020,88,48.4,95.04,73.04,100.32,0.92,83.6
Chennai,26-06-2020,84,46.2,90.72,69.72,95.76,0.88,79.8
Chennai,27-06-2020,82,45.1,88.56,68.06,93.48,0.86,77.9
Chennai,28-06-2020,70,38.5,75.6,58.1,79.8,0.74,66.5
Chennai,29-06-2020,93,51.15,100.44,77.19,106.02,0.98,88.35
Chennai,30-06-2020,92,50.6,99.36,76.36,104.88,0.97,87.4
Chennai,01-07-2020,75,41.25,81,62.25,85.5,0.79,71.25
Chennai,02-07-2020,76,41.8,82.08,63.08,86.64,0.8,72.2
Chennai,03-07-2020,132,72.6,142.56,109.56,150.48,1.39,125.4
Chennai,04-07-2020,117,64.35,126.36,97.11,133.38,1.23,111.15
Chennai,05-07-2020,85,46.75,91.8,70.55,96.9,0.89,80.75
Chennai,06-07-2020,109,59.95,117.72,90.47,124.26,1.14,103.55
Chennai,07-07-2020,76,41.8,82.08,63.08,86.64,0.8,72.2
Chennai,08-07-2020,60,33,64.8,49.8,68.4,0.63,57
Chennai,09-07-2020,60,33,64.8,49.8,68.4,0.63,57
Chennai,10-07-2020,64,35.2,69.12,53.12,72.96,0.67,60.8
Chennai,11-07-2020,61,33.55,65.88,50.63,69.54,0.64,57.95
Chennai,12-07-2020,65,35.75,70.2,53.95,74.1,0.68,61.75
Chennai,13-07-2020,56,30.8,60.48,46.48,63.84,0.59,53.2
Chennai,14-07-2020,71,39.05,76.68,58.93,80.94,0.75,67.45
Chennai,15-07-2020,71,39.05,76.68,58.93,80.94,0.75,67.45
Chennai,16-07-2020,61,33.55,65.88,50.63,69.54,0.64,57.95
Chennai,17-07-2020,80,44,86.4,66.4,91.2,0.84,76
Chennai,18-07-2020,66,36.3,71.28,54.78,75.24,0.69,62.7
Chennai,19-07-2020,63,34.65,68.04,52.29,71.82,0.66,59.85
Chennai,20-07-2020,67,36.85,72.36,55.61,76.38,0.7,63.65
Chennai,21-07-2020,65,35.75,70.2,53.95,74.1,0.68,61.75
Chennai,22-07-2020,66,36.3,71.28,54.78,75.24,0.69,62.7
Chennai,23-07-2020,68,37.4,73.44,56.44,77.52,0.71,64.6
Chennai,24-07-2020,77,42.35,83.16,63.91,87.78,0.81,73.15
Chennai,25-07-2020,105,57.75,113.4,87.15,119.7,1.1,99.75
Chennai,26-07-2020,98,53.9,105.84,81.34,111.72,1.03,93.1
Chennai,27-07-2020,102,56.1,110.16,84.66,116.28,1.07,96.9
Chennai,28-07-2020,75,41.25,81,62.25,85.5,0.79,71.25
Chennai,29-07-2020,68,37.4,73.44,56.44,77.52,0.71,64.6
Chennai,30-07-2020,76,41.8,82.08,63.08,86.64,0.8,72.2
Chennai,31-07-2020,63,34.65,68.04,52.29,71.82,0.66,59.85
Chennai,01-08-2020,61,33.55,65.88,50.63,69.54,0.64,57.95
Chennai,02-08-2020,58,31.9,62.64,48.14,66.12,0.61,55.1
Chennai,03-08-2020,55,30.25,59.4,45.65,62.7,0.58,52.25
Chennai,04-08-2020,76,41.8,82.08,63.08,86.64,0.8,72.2
Chennai,05-08-2020,48,26.4,51.84,39.84,54.72,0.5,45.6
Chennai,06-08-2020,54,29.7,58.32,44.82,61.56,0.57,51.3
Chennai,07-08-2020,71,39.05,76.68,58.93,80.94,0.75,67.45
Chennai,08-08-2020,70,38.5,75.6,58.1,79.8,0.74,66.5
Chennai,09-08-2020,56,30.8,60.48,46.48,63.84,0.59,53.2
Chennai,10-08-2020,59,32.45,63.72,48.97,67.26,0.62,56.05
Chennai,11-08-2020,56,30.8,60.48,46.48,63.84,0.59,53.2
Chennai,12-08-2020,65,35.75,70.2,53.95,74.1,0.68,61.75
Chennai,13-08-2020,65,35.75,70.2,53.95,74.1,0.68,61.75
Chennai,14-08-2020,57,31.35,61.56,47.31,64.98,0.6,54.15
Chennai,15-08-2020,52,28.6,56.16,43.16,59.28,0.55,49.4
Chennai,16-08-2020,61,33.55,65.88,50.63,69.54,0.64,57.95
Chennai,17-08-2020,54,29.7,58.32,44.82,61.56,0.57,51.3
Chennai,18-08-2020,60,33,64.8,49.8,68.4,0.63,57
Chennai,19-08-2020,59,32.45,63.72,48.97,67.26,0.62,56.05
Chennai,20-08-2020,56,30.8,60.48,46.48,63.84,0.59,53.2
Chennai,21-08-2020,65,35.75,70.2,53.95,74.1,0.68,61.75
Chennai,22-08-2020,62,34.1,66.96,51.46,70.68,0.65,58.9
Chennai,23-08-2020,68,37.4,73.44,56.44,77.52,0.71,64.6
Chennai,24-08-2020,61,33.55,65.88,50.63,69.54,0.64,57.95
Chennai,25-08-2020,59,32.45,63.72,48.97,67.26,0.62,56.05
Chennai,26-08-2020,74,40.7,79.92,61.42,84.36,0.78,70.3
Chennai,27-08-2020,62,34.1,66.96,51.46,70.68,0.65,58.9
Chennai,28-08-2020,62,34.1,66.96,51.46,70.68,0.65,58.9
Chennai,29-08-2020,64,35.2,69.12,53.12,72.96,0.67,60.8
Chennai,30-08-2020,68,37.4,73.44,56.44,77.52,0.71,64.6
Chennai,31-08-2020,58,31.9,62.64,48.14,66.12,0.61,55.1
Chennai,01-09-2020,69,37.95,74.52,57.27,78.66,0.72,65.55
Chennai,02-09-2020,73,40.15,78.84,60.59,83.22,0.77,69.35
Chennai,03-09-2020,71,39.05,76.68,58.93,80.94,0.75,67.45
Chennai,04-09-2020,62,34.1,66.96,51.46,70.68,0.65,58.9
Chennai,05-09-2020,58,31.9,62.64,48.14,66.12,0.61,55.1
Chennai,06-09-2020,66,36.3,71.28,54.78,75.24,0.69,62.7
Chennai,07-09-2020,62,34.1,66.96,51.46,70.68,0.65,58.9
Chennai,08-09-2020,52,28.6,56.16,43.16,59.28,0.55,49.4
Chennai,09-09-2020,85,46.75,91.8,70.55,96.9,0.89,80.75
Chennai,10-09-2020,50,27.5,54,41.5,57,0.53,47.5
Chennai,11-09-2020,73,40.15,78.84,60.59,83.22,0.77,69.35
Chennai,12-09-2020,64,35.2,69.12,53.12,72.96,0.67,60.8
Chennai,13-09-2020,52,28.6,56.16,43.16,59.28,0.55,49.4
Chennai,14-09-2020,44,24.2,47.52,36.52,50.16,0.46,41.8
Chennai,15-09-2020,48,26.4,51.84,39.84,54.72,0.5,45.6
Chennai,16-09-2020,58,31.9,62.64,48.14,66.12,0.61,55.1
Chennai,17-09-2020,57,31.35,61.56,47.31,64.98,0.6,54.15
Chennai,18-09-2020,70,38.5,75.6,58.1,79.8,0.74,66.5
Chennai,19-09-2020,60,33,64.8,49.8,68.4,0.63,57
Chennai,20-09-2020,63,34.65,68.04,52.29,71.82,0.66,59.85
Chennai,21-09-2020,62,34.1,66.96,51.46,70.68,0.65,58.9
Chennai,22-09-2020,69,37.95,74.52,57.27,78.66,0.72,65.55
Chennai,23-09-2020,67,36.85,72.36,55.61,76.38,0.7,63.65
Chennai,24-09-2020,70,38.5,75.6,58.1,79.8,0.74,66.5
Chennai,25-09-2020,65,35.75,70.2,53.95,74.1,0.68,61.75
Chennai,26-09-2020,62,34.1,66.96,51.46,70.68,0.65,58.9
Chennai,27-09-2020,58,31.9,62.64,48.14,66.12,0.61,55.1
Chennai,28-09-2020,59,32.45,63.72,48.97,67.26,0.62,56.05
Chennai,29-09-2020,108,59.4,116.64,89.64,123.12,1.13,102.6
Chennai,30-09-2020,50,27.5,54,41.5,57,0.53,47.5
Chennai,01-10-2020,50,27.5,54,41.5,57,0.53,47.5
Chennai,02-10-2020,50,27.5,54,41.5,57,0.53,47.5
Chennai,03-10-2020,46,25.3,49.68,38.18,52.44,0.48,43.7
Chennai,04-10-2020,47,25.85,50.76,39.01,53.58,0.49,44.65
Chennai,05-10-2020,45,24.75,48.6,37.35,51.3,0.47,42.75
Chennai,06-10-2020,66,36.3,71.28,54.78,75.24,0.69,62.7
Chennai,07-10-2020,58,31.9,62.64,48.14,66.12,0.61,55.1
Chennai,08-10-2020,56,30.8,60.48,46.48,63.84,0.59,53.2
Chennai,09-10-2020,64,35.2,69.12,53.12,72.96,0.67,60.8
Chennai,10-10-2020,55,30.25,59.4,45.65,62.7,0.58,52.25
Chennai,11-10-2020,55,30.25,59.4,45.65,62.7,0.58,52.25
Chennai,12-10-2020,55,30.25,59.4,45.65,62.7,0.58,52.25
Chennai,13-10-2020,47,25.85,50.76,39.01,53.58,0.49,44.65
Chennai,14-10-2020,52,28.6,56.16,43.16,59.28,0.55,49.4
Chennai,15-10-2020,54,29.7,58.32,44.82,61.56,0.57,51.3
Chennai,16-10-2020,62,34.1,66.96,51.46,70.68,0.65,58.9
Chennai,17-10-2020,62,34.1,66.96,51.46,70.68,0.65,58.9
Chennai,18-10-2020,62,34.1,66.96,51.46,70.68,0.65,58.9
Chennai,19-10-2020,62,34.1,66.96,51.46,70.68,0.65,58.9
Chennai,20-10-2020,59,32.45,63.72,48.97,67.26,0.62,56.05
Chennai,21-10-2020,51,28.05,55.08,42.33,58.14,0.54,48.45
Chennai,22-10-2020,69,37.95,74.52,57.27,78.66,0.72,65.55
Chennai,23-10-2020,62,34.1,66.96,51.46,70.68,0.65,58.9
Chennai,24-10-2020,65,35.75,70.2,53.95,74.1,0.68,61.75
Chennai,25-10-2020,80,44,86.4,66.4,91.2,0.84,76
Chennai,26-10-2020,89,48.95,96.12,73.87,101.46,0.93,84.55
Chennai,27-10-2020,109,59.95,117.72,90.47,124.26,1.14,103.55
Chennai,28-10-2020,71,39.05,76.68,58.93,80.94,0.75,67.45
Chennai,29-10-2020,63,34.65,68.04,52.29,71.82,0.66,59.85
Chennai,30-10-2020,78,42.9,84.24,64.74,88.92,0.82,74.1
Chennai,31-10-2020,118,64.9,127.44,97.94,134.52,1.24,112.1
Chennai,01-11-2020,117,64.35,126.36,97.11,133.38,1.23,111.15
Chennai,02-11-2020,87,47.85,93.96,72.21,99.18,0.91,82.65
Chennai,03-11-2020,148,81.4,159.84,122.84,168.72,1.55,140.6
Chennai,04-11-2020,90,49.5,97.2,74.7,102.6,0.95,85.5
Chennai,05-11-2020,59,32.45,63.72,48.97,67.26,0.62,56.05
Chennai,06-11-2020,48,26.4,51.84,39.84,54.72,0.5,45.6
Chennai,07-11-2020,55,30.25,59.4,45.65,62.7,0.58,52.25
Chennai,08-11-2020,85,46.75,91.8,70.55,96.9,0.89,80.75
Chennai,09-11-2020,113,62.15,122.04,93.79,128.82,1.19,107.35
Chennai,10-11-2020,116,63.8,125.28,96.28,132.24,1.22,110.2
Chennai,11-11-2020,103,56.65,111.24,85.49,117.42,1.08,97.85
Chennai,12-11-2020,69,37.95,74.52,57.27,78.66,0.72,65.55
Chennai,13-11-2020,50,27.5,54,41.5,57,0.53,47.5
Chennai,14-11-2020,57,31.35,61.56,47.31,64.98,0.6,54.15
Chennai,15-11-2020,98,53.9,105.84,81.34,111.72,1.03,93.1
Chennai,16-11-2020,40,22,43.2,33.2,45.6,0.42,38
Chennai,17-11-2020,43,23.65,46.44,35.69,49.02,0.45,40.85
Chennai,18-11-2020,52,28.6,56.16,43.16,59.28,0.55,49.4
Chennai,19-11-2020,38,20.9,41.04,31.54,43.32,0.4,36.1
Chennai,20-11-2020,53,29.15,57.24,43.99,60.42,0.56,50.35
Chennai,21-11-2020,66,36.3,71.28,54.78,75.24,0.69,62.7
Chennai,22-11-2020,71,39.05,76.68,58.93,80.94,0.75,67.45
Chennai,23-11-2020,76,41.8,82.08,63.08,86.64,0.8,72.2
Chennai,24-11-2020,86,47.3,92.88,71.38,98.04,0.9,81.7
Chennai,25-11-2020,47,25.85,50.76,39.01,53.58,0.49,44.65
Chennai,26-11-2020,84,46.2,90.72,69.72,95.76,0.88,79.8
Chennai,27-11-2020,60,33,64.8,49.8,68.4,0.63,57
Chennai,28-11-2020,60,33,64.8,49.8,68.4,0.63,57
Chennai,29-11-2020,67,36.85,72.36,55.61,76.38,0.7,63.65
Chennai,30-11-2020,71,39.05,76.68,58.93,80.94,0.75,67.45
Chennai,01-12-2020,60,33,64.8,49.8,68.4,0.63,57
Chennai,02-12-2020,66,36.3,71.28,54.78,75.24,0.69,62.7
Chennai,03-12-2020,42,23.1,45.36,34.86,47.88,0.44,39.9
Chennai,04-12-2020,30,16.5,32.4,24.9,34.2,0.32,28.5
Chennai,05-12-2020,32,17.6,34.56,26.56,36.48,0.34,30.4
Chennai,06-12-2020,28,15.4,30.24,23.24,31.92,0.29,26.6
Chennai,07-12-2020,30,16.5,32.4,24.9,34.2,0.32,28.5
Chennai,08-12-2020,36,19.8,38.88,29.88,41.04,0.38,34.2
Chennai,09-12-2020,50,27.5,54,41.5,57,0.53,47.5
Chennai,10-12-2020,69,37.95,74.52,57.27,78.66,0.72,65.55
Chennai,11-12-2020,94,51.7,101.52,78.02,107.16,0.99,89.3
Chennai,12-12-2020,105,57.75,113.4,87.15,119.7,1.1,99.75
Chennai,13-12-2020,130,71.5,140.4,107.9,148.2,1.37,123.5
Chennai,14-12-2020,73,40.15,78.84,60.59,83.22,0.77,69.35
Chennai,15-12-2020,87,47.85,93.96,72.21,99.18,0.91,82.65
Chennai,16-12-2020,69,37.95,74.52,57.27,78.66,0.72,65.55
Chennai,17-12-2020,59,32.45,63.72,48.97,67.26,0.62,56.05
Chennai,18-12-2020,64,35.2,69.12,53.12,72.96,0.67,60.8
Chennai,19-12-2020,90,49.5,97.2,74.7,102.6,0.95,85.5
Chennai,20-12-2020,94,51.7,101.52,78.02,107.16,0.99,89.3
Chennai,21-12-2020,89,48.95,96.12,73.87,101.46,0.93,84.55
Chennai,22-12-2020,99,54.45,106.92,82.17,112.86,1.04,94.05
Chennai,23-12-2020,110,60.5,118.8,91.3,125.4,1.16,104.5
Chennai,24-12-2020,105,57.75,113.4,87.15,119.7,1.1,99.75
Chennai,25-12-2020,107,58.85,115.56,88.81,121.98,1.12,101.65
Chennai,26-12-2020,93,51.15,100.44,77.19,106.02,0.98,88.35
Chennai,27-12-2020,95,52.25,102.6,78.85,108.3,1,90.25
Chennai,28-12-2020,108,59.4,116.64,89.64,123.12,1.13,102.6
Chennai,29-12-2020,114,62.7,123.12,94.62,129.96,1.2,108.3
Chennai,30-12-2020,74,40.7,79.92,61.42,84.36,0.78,70.3
Chennai,31-12-2020,65,35.75,70.2,53.95,74.1,0.68,61.75
Chennai,01-01-2021,85,46.75,91.8,70.55,96.9,0.89,80.75
Chennai,02-01-2021,74,40.7,79.92,61.42,84.36,0.78,70.3
Chennai,03-01-2021,63,34.65,68.04,52.29,71.82,0.66,59.85
Chennai,04-01-2021,64,35.2,69.12,53.12,72.96,0.67,60.8
Chennai,05-01-2021,43,23.65,46.44,35.69,49.02,0.45,40.85
Chennai,06-01-2021,38,20.9,41.04,31.54,43.32,0.4,36.1
Chennai,07-01-2021,44,24.2,47.52,36.52,50.16,0.46,41.8
Chennai,08-01-2021,41,22.55,44.28,34.03,46.74,0.43,38.95
Chennai,09-01-2021,86,47.3,92.88,71.38,98.04,0.9,81.7
Chennai,10-01-2021,94,51.7,101.52,78.02,107.16,0.99,89.3
Chennai,11-01-2021,92,50.6,99.36,76.36,104.88,0.97,87.4
Chennai,12-01-2021,74,40.7,79.92,61.42,84.36,0.78,70.3
Chennai,13-01-2021,122,67.1,131.76,101.26,139.08,1.28,115.9
Chennai,14-01-2021,85,46.75,91.8,70.55,96.9,0.89,80.75
Chennai,15-01-2021,96,52.8,103.68,79.68,109.44,1.01,91.2
Chennai,16-01-2021,85,46.75,91.8,70.55,96.9,0.89,80.75
Chennai,17-01-2021,63,34.65,68.04,52.29,71.82,0.66,59.85
Chennai,18-01-2021,58,31.9,62.64,48.14,66.12,0.61,55.1
Chennai,19-01-2021,85,46.75,91.8,70.55,96.9,0.89,80.75
Chennai,20-01-2021,102,56.1,110.16,84.66,116.28,1.07,96.9
Chennai,21-01-2021,104,57.2,112.32,86.32,118.56,1.09,98.8
Chennai,22-01-2021,58,31.9,62.64,48.14,66.12,0.61,55.1
Chennai,23-01-2021,53,29.15,57.24,43.99,60.42,0.56,50.35
Chennai,24-01-2021,75,41.25,81,62.25,85.5,0.79,71.25
Chennai,25-01-2021,63,34.65,68.04,52.29,71.82,0.66,59.85
Chennai,26-01-2021,70,38.5,75.6,58.1,79.8,0.74,66.5
Chennai,27-01-2021,91,50.05,98.28,75.53,103.74,0.96,86.45
Chennai,28-01-2021,145,79.75,156.6,120.35,165.3,1.52,137.75
Chennai,29-01-2021,130,71.5,140.4,107.9,148.2,1.37,123.5
Chennai,30-01-2021,116,63.8,125.28,96.28,132.24,1.22,110.2
Chennai,31-01-2021,78,42.9,84.24,64.74,88.92,0.82,74.1
Chennai,01-02-2021,64,35.2,69.12,53.12,72.96,0.67,60.8
Chennai,02-02-2021,88,48.4,95.04,73.04,100.32,0.92,83.6
Chennai,03-02-2021,83,45.65,89.64,68.89,94.62,0.87,78.85
Chennai,04-02-2021,84,46.2,90.72,69.72,95.76,0.88,79.8
Chennai,05-02-2021,104,57.2,112.32,86.32,118.56,1.09,98.8
Chennai,06-02-2021,109,59.95,117.72,90.47,124.26,1.14,103.55
Chennai,07-02-2021,110,60.5,118.8,91.3,125.4,1.16,104.5
Chennai,08-02-2021,74,40.7,79.92,61.42,84.36,0.78,70.3
Chennai,09-02-2021,86,47.3,92.88,71.38,98.04,0.9,81.7
Chennai,10-02-2021,96,52.8,103.68,79.68,109.44,1.01,91.2
Chennai,11-02-2021,95,52.25,102.6,78.85,108.3,1,90.25
Chennai,12-02-2021,72,39.6,77.76,59.76,82.08,0.76,68.4
Chennai,13-02-2021,80,44,86.4,66.4,91.2,0.84,76
Chennai,14-02-2021,65,35.75,70.2,53.95,74.1,0.68,61.75
Chennai,15-02-2021,67,36.85,72.36,55.61,76.38,0.7,63.65
Chennai,16-02-2021,69,37.95,74.52,57.27,78.66,0.72,65.55
Chennai,17-02-2021,86,47.3,92.88,71.38,98.04,0.9,81.7
Chennai,18-02-2021,81,44.55,87.48,67.23,92.34,0.85,76.95
Chennai,19-02-2021,83,45.65,89.64,68.89,94.62,0.87,78.85
Chennai,20-02-2021,84,46.2,90.72,69.72,95.76,0.88,79.8
Chennai,21-02-2021,38,20.9,41.04,31.54,43.32,0.4,36.1
Chennai,22-02-2021,46,25.3,49.68,38.18,52.44,0.48,43.7
Chennai,23-02-2021,72,39.6,77.76,59.76,82.08,0.76,68.4
Chennai,24-02-2021,89,48.95,96.12,73.87,101.46,0.93,84.55
Chennai,25-02-2021,78,42.9,84.24,64.74,88.92,0.82,74.1
Chennai,26-02-2021,67,36.85,72.36,55.61,76.38,0.7,63.65
Chennai,27-02-2021,63,34.65,68.04,52.29,71.82,0.66,59.85
Chennai,28-02-2021,46,25.3,49.68,38.18,52.44,0.48,43.7
Chennai,01-03-2021,42,23.1,45.36,34.86,47.88,0.44,39.9
Chennai,02-03-2021,78,42.9,84.24,64.74,88.92,0.82,74.1
Chennai,03-03-2021,83,45.65,89.64,68.89,94.62,0.87,78.85
Chennai,04-03-2021,72,39.6,77.76,59.76,82.08,0.76,68.4
Chennai,05-03-2021,73,40.15,78.84,60.59,83.22,0.77,69.35
Chennai,06-03-2021,67,36.85,72.36,55.61,76.38,0.7,63.65
Chennai,07-03-2021,64,35.2,69.12,53.12,72.96,0.67,60.8
Chennai,08-03-2021,49,26.95,52.92,40.67,55.86,0.51,46.55
Chennai,09-03-2021,76,41.8,82.08,63.08,86.64,0.8,72.2
Chennai,10-03-2021,50,27.5,54,41.5,57,0.53,47.5
Chennai,11-03-2021,42,23.1,45.36,34.86,47.88,0.44,39.9
Chennai,12-03-2021,43,23.65,46.44,35.69,49.02,0.45,40.85
Chennai,13-03-2021,54,29.7,58.32,44.82,61.56,0.57,51.3
Chennai,14-03-2021,53,29.15,57.24,43.99,60.42,0.56,50.35
Chennai,15-03-2021,56,30.8,60.48,46.48,63.84,0.59,53.2
Chennai,16-03-2021,53,29.15,57.24,43.99,60.42,0.56,50.35
Chennai,17-03-2021,48,26.4,51.84,39.84,54.72,0.5,45.6
Chennai,18-03-2021,61,33.55,65.88,50.63,69.54,0.64,57.95
Chennai,19-03-2021,82,45.1,88.56,68.06,93.48,0.86,77.9
Chennai,20-03-2021,98,53.9,105.84,81.34,111.72,1.03,93.1
Chennai,21-03-2021,70,38.5,75.6,58.1,79.8,0.74,66.5
Chennai,22-03-2021,66,36.3,71.28,54.78,75.24,0.69,62.7
Chennai,23-03-2021,93,51.15,100.44,77.19,106.02,0.98,88.35
Chennai,24-03-2021,108,59.4,116.64,89.64,123.12,1.13,102.6
Chennai,25-03-2021,120,66,129.6,99.6,136.8,1.26,114
Chennai,26-03-2021,98,53.9,105.84,81.34,111.72,1.03,93.1
Chennai,27-03-2021,73,40.15,78.84,60.59,83.22,0.77,69.35
Chennai,28-03-2021,58,31.9,62.64,48.14,66.12,0.61,55.1
Chennai,29-03-2021,45,24.75,48.6,37.35,51.3,0.47,42.75
Chennai,30-03-2021,54,29.7,58.32,44.82,61.56,0.57,51.3
Chennai,31-03-2021,57,31.35,61.56,47.31,64.98,0.6,54.15
Chennai,01-04-2021,57,31.35,61.56,47.31,64.98,0.6,54.15
Chennai,02-04-2021,71,39.05,76.68,58.93,80.94,0.75,67.45
Chennai,03-04-2021,83,45.65,89.64,68.89,94.62,0.87,78.85
Chennai,04-04-2021,64,35.2,69.12,53.12,72.96,0.67,60.8
Chennai,05-04-2021,66,36.3,71.28,54.78,75.24,0.69,62.7
Chennai,06-04-2021,68,37.4,73.44,56.44,77.52,0.71,64.6
Chennai,07-04-2021,63,34.65,68.04,52.29,71.82,0.66,59.85
Chennai,08-04-2021,82,45.1,88.56,68.06,93.48,0.86,77.9
Chennai,09-04-2021,67,36.85,72.36,55.61,76.38,0.7,63.65
Chennai,10-04-2021,66,36.3,71.28,54.78,75.24,0.69,62.7
Chennai,11-04-2021,67,36.85,72.36,55.61,76.38,0.7,63.65
Chennai,12-04-2021,53,29.15,57.24,43.99,60.42,0.56,50.35
Chennai,13-04-2021,55,30.25,59.4,45.65,62.7,0.58,52.25
Chennai,14-04-2021,60,33,64.8,49.8,68.4,0.63,57
Chennai,15-04-2021,46,25.3,49.68,38.18,52.44,0.48,43.7
Chennai,16-04-2021,51,28.05,55.08,42.33,58.14,0.54,48.45
Chennai,17-04-2021,54,29.7,58.32,44.82,61.56,0.57,51.3
Chennai,18-04-2021,43,23.65,46.44,35.69,49.02,0.45,40.85
Chennai,19-04-2021,51,28.05,55.08,42.33,58.14,0.54,48.45
Chennai,20-04-2021,54,29.7,58.32,44.82,61.56,0.57,51.3
Chennai,21-04-2021,52,28.6,56.16,43.16,59.28,0.55,49.4
Chennai,22-04-2021,49,26.95,52.92,40.67,55.86,0.51,46.55
Chennai,23-04-2021,48,26.4,51.84,39.84,54.72,0.5,45.6
Chennai,24-04-2021,42,23.1,45.36,34.86,47.88,0.44,39.9
Chennai,25-04-2021,46,25.3,49.68,38.18,52.44,0.48,43.7
Chennai,26-04-2021,46,25.3,49.68,38.18,52.44,0.48,43.7
Chennai,27-04-2021,64,35.2,69.12,53.12,72.96,0.67,60.8
Chennai,28-04-2021,64,35.2,69.12,53.12,72.96,0.67,60.8
Chennai,29-04-2021,64,35.2,69.12,53.12,72.96,0.67,60.8
Chennai,30-04-2021,53,29.15,57.24,43.99,60.42,0.56,50.35
Chennai,01-05-2021,64,35.2,69.12,53.12,72.96,0.67,60.8
Chennai,02-05-2021,48,26.4,51.84,39.84,54.72,0.5,45.6
Chennai,03-05-2021,46,25.3,49.68,38.18,52.44,0.48,43.7
Chennai,04-05-2021,51,28.05,55.08,42.33,58.14,0.54,48.45
Chennai,05-05-2021,42,23.1,45.36,34.86,47.88,0.44,39.9
Chennai,06-05-2021,43,23.65,46.44,35.69,49.02,0.45,40.85
Chennai,07-05-2021,65,35.75,70.2,53.95,74.1,0.68,61.75
Chennai,08-05-2021,51,28.05,55.08,42.33,58.14,0.54,48.45
Chennai,09-05-2021,56,30.8,60.48,46.48,63.84,0.59,53.2
Chennai,10-05-2021,41,22.55,44.28,34.03,46.74,0.43,38.95
Chennai,11-05-2021,49,26.95,52.92,40.67,55.86,0.51,46.55
Chennai,12-05-2021,72,39.6,77.76,59.76,82.08,0.76,68.4
Chennai,13-05-2021,85,46.75,91.8,70.55,96.9,0.89,80.75
Chennai,14-05-2021,94,51.7,101.52,78.02,107.16,0.99,89.3
Chennai,15-05-2021,62,34.1,66.96,51.46,70.68,0.65,58.9
Chennai,16-05-2021,49,26.95,52.92,40.67,55.86,0.51,46.55
Chennai,17-05-2021,59,32.45,63.72,48.97,67.26,0.62,56.05
Chennai,18-05-2021,70,38.5,75.6,58.1,79.8,0.74,66.5
Chennai,19-05-2021,62,34.1,66.96,51.46,70.68,0.65,58.9
Chennai,20-05-2021,53,29.15,57.24,43.99,60.42,0.56,50.35
Chennai,21-05-2021,59,32.45,63.72,48.97,67.26,0.62,56.05
Chennai,22-05-2021,71,39.05,76.68,58.93,80.94,0.75,67.45
Chennai,23-05-2021,103,56.65,111.24,85.49,117.42,1.08,97.85
Chennai,24-05-2021,71,39.05,76.68,58.93,80.94,0.75,67.45
Chennai,25-05-2021,65,35.75,70.2,53.95,74.1,0.68,61.75
Chennai,26-05-2021,56,30.8,60.48,46.48,63.84,0.59,53.2
Chennai,27-05-2021,68,37.4,73.44,56.44,77.52,0.71,64.6
Chennai,28-05-2021,65,35.75,70.2,53.95,74.1,0.68,61.75
Chennai,29-05-2021,67,36.85,72.36,55.61,76.38,0.7,63.65
Chennai,30-05-2021,62,34.1,66.96,51.46,70.68,0.65,58.9
Chennai,31-05-2021,60,33,64.8,49.8,68.4,0.63,57
Chennai,01-06-2021,64,35.2,69.12,53.12,72.96,0.67,60.8
Chennai,02-06-2021,64,35.2,69.12,53.12,72.96,0.67,60.8
Chennai,03-06-2021,56,30.8,60.48,46.48,63.84,0.59,53.2
Chennai,04-06-2021,44,24.2,47.52,36.52,50.16,0.46,41.8
Chennai,05-06-2021,44,24.2,47.52,36.52,50.16,0.46,41.8
Chennai,06-06-2021,72,39.6,77.76,59.76,82.08,0.76,68.4
Chennai,07-06-2021,74,40.7,79.92,61.42,84.36,0.78,70.3
Chennai,08-06-2021,50,27.5,54,41.5,57,0.53,47.5
Chennai,09-06-2021,52,28.6,56.16,43.16,59.28,0.55,49.4
Chennai,10-06-2021,70,38.5,75.6,58.1,79.8,0.74,66.5
Chennai,11-06-2021,75,41.25,81,62.25,85.5,0.79,71.25
Chennai,12-06-2021,62,34.1,66.96,51.46,70.68,0.65,58.9
Chennai,13-06-2021,46,25.3,49.68,38.18,52.44,0.48,43.7
Chennai,14-06-2021,47,25.85,50.76,39.01,53.58,0.49,44.65
Chennai,15-06-2021,50,27.5,54,41.5,57,0.53,47.5
Chennai,16-06-2021,65,35.75,70.2,53.95,74.1,0.68,61.75
Chennai,17-06-2021,75,41.25,81,62.25,85.5,0.79,71.25
Chennai,18-06-2021,86,47.3,92.88,71.38,98.04,0.9,81.7
Chennai,19-06-2021,90,49.5,97.2,74.7,102.6,0.95,85.5
Chennai,20-06-2021,81,44.55,87.48,67.23,92.34,0.85,76.95
Chennai,21-06-2021,81,44.55,87.48,67.23,92.34,0.85,76.95
Chennai,22-06-2021,70,38.5,75.6,58.1,79.8,0.74,66.5
Chennai,23-06-2021,86,47.3,92.88,71.38,98.04,0.9,81.7
Chennai,24-06-2021,69,37.95,74.52,57.27,78.66,0.72,65.55
Chennai,25-06-2021,77,42.35,83.16,63.91,87.78,0.81,73.15
Chennai,26-06-2021,95,52.25,102.6,78.85,108.3,1,90.25
Chennai,27-06-2021,56,30.8,60.48,46.48,63.84,0.59,53.2
Chennai,28-06-2021,55,30.25,59.4,45.65,62.7,0.58,52.25
Chennai,29-06-2021,63,34.65,68.04,52.29,71.82,0.66,59.85
Chennai,30-06-2021,54,29.7,58.32,44.82,61.56,0.57,51.3
Chennai,01-07-2021,58,31.9,62.64,48.14,66.12,0.61,55.1
Chennai,02-07-2021,53,29.15,57.24,43.99,60.42,0.56,50.35
Chennai,03-07-2021,43,23.65,46.44,35.69,49.02,0.45,40.85
Chennai,04-07-2021,60,33,64.8,49.8,68.4,0.63,57
Chennai,05-07-2021,51,28.05,55.08,42.33,58.14,0.54,48.45
Chennai,06-07-2021,47,25.85,50.76,39.01,53.58,0.49,44.65
Chennai,07-07-2021,55,30.25,59.4,45.65,62.7,0.58,52.25
Chennai,08-07-2021,56,30.8,60.48,46.48,63.84,0.59,53.2
Chennai,09-07-2021,56,30.8,60.48,46.48,63.84,0.59,53.2
Chennai,10-07-2021,54,29.7,58.32,44.82,61.56,0.57,51.3
Chennai,11-07-2021,52,28.6,56.16,43.16,59.28,0.55,49.4
Chennai,12-07-2021,54,29.7,58.32,44.82,61.56,0.57,51.3
Chennai,13-07-2021,69,37.95,74.52,57.27,78.66,0.72,65.55
Chennai,14-07-2021,68,37.4,73.44,56.44,77.52,0.71,64.6
Chennai,15-07-2021,41,22.55,44.28,34.03,46.74,0.43,38.95
Chennai,16-07-2021,48,26.4,51.84,39.84,54.72,0.5,45.6
Chennai,17-07-2021,50,27.5,54,41.5,57,0.53,47.5
Chennai,18-07-2021,57,31.35,61.56,47.31,64.98,0.6,54.15
Chennai,19-07-2021,50,27.5,54,41.5,57,0.53,47.5
Chennai,20-07-2021,56,30.8,60.48,46.48,63.84,0.59,53.2
Chennai,21-07-2021,58,31.9,62.64,48.14,66.12,0.61,55.1
Chennai,22-07-2021,64,35.2,69.12,53.12,72.96,0.67,60.8
Chennai,23-07-2021,59,32.45,63.72,48.97,67.26,0.62,56.05
Chennai,24-07-2021,59,32.45,63.72,48.97,67.26,0.62,56.05
Chennai,25-07-2021,69,37.95,74.52,57.27,78.66,0.72,65.55
Chennai,26-07-2021,53,29.15,57.24,43.99,60.42,0.56,50.35
Chennai,27-07-2021,60,33,64.8,49.8,68.4,0.63,57
Chennai,28-07-2021,65,35.75,70.2,53.95,74.1,0.68,61.75
Chennai,29-07-2021,68,37.4,73.44,56.44,77.52,0.71,64.6
Chennai,30-07-2021,71,39.05,76.68,58.93,80.94,0.75,67.45
Chennai,31-07-2021,70,38.5,75.6,58.1,79.8,0.74,66.5
Chennai,01-08-2021,52,28.6,56.16,43.16,59.28,0.55,49.4
Chennai,02-08-2021,55,30.25,59.4,45.65,62.7,0.58,52.25
Chennai,03-08-2021,59,32.45,63.72,48.97,67.26,0.62,56.05
Chennai,04-08-2021,53,29.15,57.24,43.99,60.42,0.56,50.35
Chennai,05-08-2021,67,36.85,72.36,55.61,76.38,0.7,63.65
Chennai,06-08-2021,59,32.45,63.72,48.97,67.26,0.62,56.05
Chennai,07-08-2021,61,33.55,65.88,50.63,69.54,0.64,57.95
Chennai,08-08-2021,62,34.1,66.96,51.46,70.68,0.65,58.9
Chennai,09-08-2021,53,29.15,57.24,43.99,60.42,0.56,50.35
Chennai,10-08-2021,51,28.05,55.08,42.33,58.14,0.54,48.45
Chennai,11-08-2021,62,34.1,66.96,51.46,70.68,0.65,58.9
Chennai,12-08-2021,67,36.85,72.36,55.61,76.38,0.7,63.65
Chennai,13-08-2021,66,36.3,71.28,54.78,75.24,0.69,62.7
Chennai,14-08-2021,65,35.75,70.2,53.95,74.1,0.68,61.75
Chennai,15-08-2021,68,37.4,73.44,56.44,77.52,0.71,64.6
Chennai,16-08-2021,74,40.7,79.92,61.42,84.36,0.78,70.3
Chennai,17-08-2021,65,35.75,70.2,53.95,74.1,0.68,61.75
Chennai,18-08-2021,66,36.3,71.28,54.78,75.24,0.69,62.7
Chennai,19-08-2021,56,30.8,60.48,46.48,63.84,0.59,53.2
Chennai,20-08-2021,52,28.6,56.16,43.16,59.28,0.55,49.4
Chennai,21-08-2021,60,33,64.8,49.8,68.4,0.63,57
Chennai,22-08-2021,47,25.85,50.76,39.01,53.58,0.49,44.65
Chennai,23-08-2021,56,30.8,60.48,46.48,63.84,0.59,53.2
Chennai,24-08-2021,64,35.2,69.12,53.12,72.96,0.67,60.8
Chennai,25-08-2021,58,31.9,62.64,48.14,66.12,0.61,55.1
Chennai,26-08-2021,63,34.65,68.04,52.29,71.82,0.66,59.85
Chennai,27-08-2021,58,31.9,62.64,48.14,66.12,0.61,55.1
Chennai,28-08-2021,62,34.1,66.96,51.46,70.68,0.65,58.9
Chennai,29-08-2021,47,25.85,50.76,39.01,53.58,0.49,44.65
Chennai,30-08-2021,60,33,64.8,49.8,68.4,0.63,57
Chennai,31-08-2021,62,34.1,66.96,51.46,70.68,0.65,58.9
Chennai,01-09-2021,71,39.05,76.68,58.93,80.94,0.75,67.45
Chennai,02-09-2021,68,37.4,73.44,56.44,77.52,0.71,64.6
Chennai,03-09-2021,63,34.65,68.04,52.29,71.82,0.66,59.85
Chennai,04-09-2021,59,32.45,63.72,48.97,67.26,0.62,56.05
Chennai,05-09-2021,52,28.6,56.16,43.16,59.28,0.55,49.4
Chennai,06-09-2021,51,28.05,55.08,42.33,58.14,0.54,48.45
Chennai,07-09-2021,46,25.3,49.68,38.18,52.44,0.48,43.7
Chennai,08-09-2021,52,28.6,56.16,43.16,59.28,0.55,49.4
Chennai,09-09-2021,59,32.45,63.72,48.97,67.26,0.62,56.05
Chennai,10-09-2021,58,31.9,62.64,48.14,66.12,0.61,55.1
Chennai,11-09-2021,63,34.65,68.04,52.29,71.82,0.66,59.85
Chennai,12-09-2021,63,34.65,68.04,52.29,71.82,0.66,59.85
Chennai,13-09-2021,52,28.6,56.16,43.16,59.28,0.55,49.4
Chennai,14-09-2021,58,31.9,62.64,48.14,66.12,0.61,55.1
Chennai,15-09-2021,55,30.25,59.4,45.65,62.7,0.58,52.25
Chennai,16-09-2021,62,34.1,66.96,51.46,70.68,0.65,58.9
Chennai,17-09-2021,62,34.1,66.96,51.46,70.68,0.65,58.9
Chennai,18-09-2021,61,33.55,65.88,50.63,69.54,0.64,57.95
Chennai,19-09-2021,59,32.45,63.72,48.97,67.26,0.62,56.05
Chennai,20-09-2021,48,26.4,51.84,39.84,54.72,0.5,45.6
Chennai,21-09-2021,53,29.15,57.24,43.99,60.42,0.56,50.35
Chennai,22-09-2021,72,39.6,77.76,59.76,82.08,0.76,68.4
Chennai,23-09-2021,61,33.55,65.88,50.63,69.54,0.64,57.95
Chennai,24-09-2021,66,36.3,71.28,54.78,75.24,0.69,62.7
Chennai,25-09-2021,56,30.8,60.48,46.48,63.84,0.59,53.2
Chennai,26-09-2021,55,30.25,59.4,45.65,62.7,0.58,52.25
Chennai,27-09-2021,51,28.05,55.08,42.33,58.14,0.54,48.45
Chennai,28-09-2021,53,29.15,57.24,43.99,60.42,0.56,50.35
Chennai,29-09-2021,79,43.45,85.32,65.57,90.06,0.83,75.05
Chennai,30-09-2021,69,37.95,74.52,57.27,78.66,0.72,65.55
Chennai,01-10-2021,50,27.5,54,41.5,57,0.53,47.5
Chennai,02-10-2021,41,22.55,44.28,34.03,46.74,0.43,38.95
Chennai,03-10-2021,33,18.15,35.64,27.39,37.62,0.35,31.35
Chennai,04-10-2021,41,22.55,44.28,34.03,46.74,0.43,38.95
Chennai,05-10-2021,45,24.75,48.6,37.35,51.3,0.47,42.75
Chennai,06-10-2021,45,24.75,48.6,37.35,51.3,0.47,42.75
Chennai,07-10-2021,51,28.05,55.08,42.33,58.14,0.54,48.45
Chennai,08-10-2021,55,30.25,59.4,45.65,62.7,0.58,52.25
Chennai,09-10-2021,59,32.45,63.72,48.97,67.26,0.62,56.05
Chennai,10-10-2021,55,30.25,59.4,45.65,62.7,0.58,52.25
Chennai,11-10-2021,62,34.1,66.96,51.46,70.68,0.65,58.9
Chennai,12-10-2021,63,34.65,68.04,52.29,71.82,0.66,59.85
Chennai,13-10-2021,67,36.85,72.36,55.61,76.38,0.7,63.65
Chennai,14-10-2021,65,35.75,70.2,53.95,74.1,0.68,61.75
Chennai,15-10-2021,60,33,64.8,49.8,68.4,0.63,57
Chennai,16-10-2021,71,39.05,76.68,58.93,80.94,0.75,67.45
Chennai,17-10-2021,48,26.4,51.84,39.84,54.72,0.5,45.6
Chennai,18-10-2021,74,40.7,79.92,61.42,84.36,0.78,70.3
Chennai,19-10-2021,78,42.9,84.24,64.74,88.92,0.82,74.1
Chennai,20-10-2021,78,42.9,84.24,64.74,88.92,0.82,74.1
Chennai,21-10-2021,84,46.2,90.72,69.72,95.76,0.88,79.8
Chennai,22-10-2021,51,28.05,55.08,42.33,58.14,0.54,48.45
Chennai,23-10-2021,46,25.3,49.68,38.18,52.44,0.48,43.7
Chennai,24-10-2021,46,25.3,49.68,38.18,52.44,0.48,43.7
Chennai,25-10-2021,63,34.65,68.04,52.29,71.82,0.66,59.85
Chennai,26-10-2021,94,51.7,101.52,78.02,107.16,0.99,89.3
Chennai,27-10-2021,118,64.9,127.44,97.94,134.52,1.24,112.1
Chennai,28-10-2021,118,64.9,127.44,97.94,134.52,1.24,112.1
Chennai,29-10-2021,91,50.05,98.28,75.53,103.74,0.96,86.45
Chennai,30-10-2021,56,30.8,60.48,46.48,63.84,0.59,53.2
Chennai,31-10-2021,50,27.5,54,41.5,57,0.53,47.5
Chennai,01-11-2021,48,26.4,51.84,39.84,54.72,0.5,45.6
Chennai,02-11-2021,41,22.55,44.28,34.03,46.74,0.43,38.95
Chennai,03-11-2021,48,26.4,51.84,39.84,54.72,0.5,45.6
Chennai,04-11-2021,89,48.95,96.12,73.87,101.46,0.93,84.55
Chennai,05-11-2021,150,82.5,162,124.5,171,1.58,142.5
Chennai,06-11-2021,52,28.6,56.16,43.16,59.28,0.55,49.4
Chennai,07-11-2021,49,26.95,52.92,40.67,55.86,0.51,46.55
Chennai,08-11-2021,93,51.15,100.44,77.19,106.02,0.98,88.35
Chennai,09-11-2021,92,50.6,99.36,76.36,104.88,0.97,87.4
Chennai,10-11-2021,90,49.5,97.2,74.7,102.6,0.95,85.5
Chennai,11-11-2021,60,33,64.8,49.8,68.4,0.63,57
Chennai,12-11-2021,64,35.2,69.12,53.12,72.96,0.67,60.8
Chennai,13-11-2021,52,28.6,56.16,43.16,59.28,0.55,49.4
Chennai,14-11-2021,58,31.9,62.64,48.14,66.12,0.61,55.1
Chennai,15-11-2021,52,28.6,56.16,43.16,59.28,0.55,49.4
Chennai,16-11-2021,64,35.2,69.12,53.12,72.96,0.67,60.8
Chennai,17-11-2021,37,20.35,39.96,30.71,42.18,0.39,35.15
Chennai,18-11-2021,40,22,43.2,33.2,45.6,0.42,38
Chennai,19-11-2021,39,21.45,42.12,32.37,44.46,0.41,37.05
Chennai,20-11-2021,47,25.85,50.76,39.01,53.58,0.49,44.65
Chennai,21-11-2021,45,24.75,48.6,37.35,51.3,0.47,42.75
Chennai,22-11-2021,56,30.8,60.48,46.48,63.84,0.59,53.2
Chennai,23-11-2021,48,26.4,51.84,39.84,54.72,0.5,45.6
Chennai,24-11-2021,55,30.25,59.4,45.65,62.7,0.58,52.25
Chennai,25-11-2021,56,30.8,60.48,46.48,63.84,0.59,53.2
Chennai,26-11-2021,49,26.95,52.92,40.67,55.86,0.51,46.55
Chennai,27-11-2021,36,19.8,38.88,29.88,41.04,0.38,34.2
Chennai,28-11-2021,36,19.8,38.88,29.88,41.04,0.38,34.2
Chennai,29-11-2021,40,22,43.2,33.2,45.6,0.42,38
Chennai,30-11-2021,47,25.85,50.76,39.01,53.58,0.49,44.65
Chennai,01-12-2021,59,32.45,63.72,48.97,67.26,0.62,56.05
Chennai,02-12-2021,68,37.4,73.44,56.44,77.52,0.71,64.6
Chennai,03-12-2021,81,44.55,87.48,67.23,92.34,0.85,76.95
Chennai,04-12-2021,90,49.5,97.2,74.7,102.6,0.95,85.5
Chennai,05-12-2021,120,66,129.6,99.6,136.8,1.26,114
Chennai,06-12-2021,100,55,108,83,114,1.05,95
Chennai,07-12-2021,95,52.25,102.6,78.85,108.3,1,90.25
Chennai,08-12-2021,59,32.45,63.72,48.97,67.26,0.62,56.05
Chennai,09-12-2021,36,19.8,38.88,29.88,41.04,0.38,34.2
Chennai,10-12-2021,48,26.4,51.84,39.84,54.72,0.5,45.6
Chennai,11-12-2021,39,21.45,42.12,32.37,44.46,0.41,37.05
Chennai,12-12-2021,39,21.45,42.12,32.37,44.46,0.41,37.05
Chennai,13-12-2021,42,23.1,45.36,34.86,47.88,0.44,39.9
Chennai,14-12-2021,52,28.6,56.16,43.16,59.28,0.55,49.4
Chennai,15-12-2021,70,38.5,75.6,58.1,79.8,0.74,66.5
Chennai,16-12-2021,101,55.55,109.08,83.83,115.14,1.06,95.95
Chennai,17-12-2021,123,67.65,132.84,102.09,140.22,1.29,116.85
Chennai,18-12-2021,126,69.3,136.08,104.58,143.64,1.32,119.7
Chennai,19-12-2021,102,56.1,110.16,84.66,116.28,1.07,96.9
Chennai,20-12-2021,120,66,129.6,99.6,136.8,1.26,114
Chennai,21-12-2021,162,89.1,174.96,134.46,184.68,1.7,153.9
Chennai,22-12-2021,149,81.95,160.92,123.67,169.86,1.56,141.55
Chennai,23-12-2021,171,94.05,184.68,141.93,194.94,1.8,162.45
Chennai,24-12-2021,102,56.1,110.16,84.66,116.28,1.07,96.9
Chennai,25-12-2021,99,54.45,106.92,82.17,112.86,1.04,94.05
Chennai,26-12-2021,87,47.85,93.96,72.21,99.18,0.91,82.65
Chennai,27-12-2021,88,48.4,95.04,73.04,100.32,0.92,83.6
Chennai,28-12-2021,62,34.1,66.96,51.46,70.68,0.65,58.9
Chennai,29-12-2021,73,40.15,78.84,60.59,83.22,0.77,69.35
Chennai,30-12-2021,65,35.75,70.2,53.95,74.1,0.68,61.75
Chennai,31-12-2021,70,38.5,75.6,58.1,79.8,0.74,66.5
Chennai,01-01-2022,60,33,64.8,49.8,68.4,0.63,57
Chennai,02-01-2022,49,26.95,52.92,40.67,55.86,0.51,46.55
Chennai,03-01-2022,68,37.4,73.44,56.44,77.52,0.71,64.6
Chennai,04-01-2022,77,42.35,83.16,63.91,87.78,0.81,73.15
Chennai,05-01-2022,78,42.9,84.24,64.74,88.92,0.82,74.1
Chennai,06-01-2022,66,36.3,71.28,54.78,75.24,0.69,62.7
Chennai,07-01-2022,61,33.55,65.88,50.63,69.54,0.64,57.95
Chennai,08-01-2022,42,23.1,45.36,34.86,47.88,0.44,39.9
Chennai,09-01-2022,50,27.5,54,41.5,57,0.53,47.5
Chennai,10-01-2022,48,26.4,51.84,39.84,54.72,0.5,45.6
Chennai,11-01-2022,45,24.75,48.6,37.35,51.3,0.47,42.75
Chennai,12-01-2022,50,27.5,54,41.5,57,0.53,47.5
Chennai,13-01-2022,57,31.35,61.56,47.31,64.98,0.6,54.15
Chennai,14-01-2022,39,21.45,42.12,32.37,44.46,0.41,37.05
Chennai,15-01-2022,37,20.35,39.96,30.71,42.18,0.39,35.15
Chennai,16-01-2022,41,22.55,44.28,34.03,46.74,0.43,38.95
Chennai,17-01-2022,49,26.95,52.92,40.67,55.86,0.51,46.55
Chennai,18-01-2022,56,30.8,60.48,46.48,63.84,0.59,53.2
Chennai,19-01-2022,79,43.45,85.32,65.57,90.06,0.83,75.05
Chennai,20-01-2022,92,50.6,99.36,76.36,104.88,0.97,87.4
Chennai,21-01-2022,90,49.5,97.2,74.7,102.6,0.95,85.5
Chennai,22-01-2022,78,42.9,84.24,64.74,88.92,0.82,74.1
Chennai,23-01-2022,69,37.95,74.52,57.27,78.66,0.72,65.55
Chennai,24-01-2022,55,30.25,59.4,45.65,62.7,0.58,52.25
Chennai,25-01-2022,70,38.5,75.6,58.1,79.8,0.74,66.5
Chennai,26-01-2022,44,24.2,47.52,36.52,50.16,0.46,41.8
Chennai,27-01-2022,50,27.5,54,41.5,57,0.53,47.5
Chennai,28-01-2022,68,37.4,73.44,56.44,77.52,0.71,64.6
Chennai,29-01-2022,105,57.75,113.4,87.15,119.7,1.1,99.75
Chennai,30-01-2022,105,57.75,113.4,87.15,119.7,1.1,99.75
Chennai,31-01-2022,105,57.75,113.4,87.15,119.7,1.1,99.75
Chennai,01-02-2022,95,52.25,102.6,78.85,108.3,1,90.25
Chennai,02-02-2022,75,41.25,81,62.25,85.5,0.79,71.25
Chennai,03-02-2022,63,34.65,68.04,52.29,71.82,0.66,59.85
Chennai,04-02-2022,58,31.9,62.64,48.14,66.12,0.61,55.1
Chennai,05-02-2022,62,34.1,66.96,51.46,70.68,0.65,58.9
Chennai,06-02-2022,59,32.45,63.72,48.97,67.26,0.62,56.05
Chennai,07-02-2022,67,36.85,72.36,55.61,76.38,0.7,63.65
Chennai,08-02-2022,83,45.65,89.64,68.89,94.62,0.87,78.85
Chennai,09-02-2022,68,37.4,73.44,56.44,77.52,0.71,64.6
Chennai,10-02-2022,85,46.75,91.8,70.55,96.9,0.89,80.75
Chennai,11-02-2022,69,37.95,74.52,57.27,78.66,0.72,65.55
Chennai,12-02-2022,95,52.25,102.6,78.85,108.3,1,90.25
Chennai,13-02-2022,110,60.5,118.8,91.3,125.4,1.16,104.5
Chennai,14-02-2022,114,62.7,123.12,94.62,129.96,1.2,108.3
Chennai,15-02-2022,98,53.9,105.84,81.34,111.72,1.03,93.1
Chennai,16-02-2022,91,50.05,98.28,75.53,103.74,0.96,86.45
Chennai,17-02-2022,100,55,108,83,114,1.05,95
Chennai,18-02-2022,91,50.05,98.28,75.53,103.74,0.96,86.45
Chennai,19-02-2022,68,37.4,73.44,56.44,77.52,0.71,64.6
Chennai,20-02-2022,112,61.6,120.96,92.96,127.68,1.18,106.4
Chennai,21-02-2022,105,57.75,113.4,87.15,119.7,1.1,99.75
Chennai,22-02-2022,87,47.85,93.96,72.21,99.18,0.91,82.65
Chennai,23-02-2022,62,34.1,66.96,51.46,70.68,0.65,58.9
Chennai,24-02-2022,70,38.5,75.6,58.1,79.8,0.74,66.5
Chennai,25-02-2022,70,38.5,75.6,58.1,79.8,0.74,66.5
Chennai,26-02-2022,68,37.4,73.44,56.44,77.52,0.71,64.6
Chennai,27-02-2022,71,39.05,76.68,58.93,80.94,0.75,67.45
Chennai,28-02-2022,62,34.1,66.96,51.46,70.68,0.65,58.9
Chennai,01-03-2022,68,37.4,73.44,56.44,77.52,0.71,64.6
Chennai,02-03-2022,84,46.2,90.72,69.72,95.76,0.88,79.8
Chennai,03-03-2022,82,45.1,88.56,68.06,93.48,0.86,77.9
Chennai,04-03-2022,92,50.6,99.36,76.36,104.88,0.97,87.4
Chennai,05-03-2022,72,39.6,77.76,59.76,82.08,0.76,68.4
Chennai,06-03-2022,64,35.2,69.12,53.12,72.96,0.67,60.8
Chennai,07-03-2022,60,33,64.8,49.8,68.4,0.63,57
Chennai,08-03-2022,82,45.1,88.56,68.06,93.48,0.86,77.9
Chennai,09-03-2022,96,52.8,103.68,79.68,109.44,1.01,91.2
Chennai,10-03-2022,86,47.3,92.88,71.38,98.04,0.9,81.7
Chennai,11-03-2022,80,44,86.4,66.4,91.2,0.84,76
Chennai,12-03-2022,90,49.5,97.2,74.7,102.6,0.95,85.5
Chennai,13-03-2022,89,48.95,96.12,73.87,101.46,0.93,84.55
Chennai,14-03-2022,97,53.35,104.76,80.51,110.58,1.02,92.15
Chennai,15-03-2022,110,60.5,118.8,91.3,125.4,1.16,104.5
Chennai,16-03-2022,103,56.65,111.24,85.49,117.42,1.08,97.85
Chennai,17-03-2022,116,63.8,125.28,96.28,132.24,1.22,110.2
Chennai,18-03-2022,93,51.15,100.44,77.19,106.02,0.98,88.35
Chennai,19-03-2022,63,34.65,68.04,52.29,71.82,0.66,59.85
Chennai,20-03-2022,96,52.8,103.68,79.68,109.44,1.01,91.2
Chennai,21-03-2022,94,51.7,101.52,78.02,107.16,0.99,89.3
Chennai,22-03-2022,102,56.1,110.16,84.66,116.28,1.07,96.9
Chennai,23-03-2022,77,42.35,83.16,63.91,87.78,0.81,73.15
Chennai,24-03-2022,66,36.3,71.28,54.78,75.24,0.69,62.7
Chennai,25-03-2022,60,33,64.8,49.8,68.4,0.63,57
Chennai,26-03-2022,56,30.8,60.48,46.48,63.84,0.59,53.2
Chennai,27-03-2022,55,30.25,59.4,45.65,62.7,0.58,52.25
Chennai,28-03-2022,47,25.85,50.76,39.01,53.58,0.49,44.65
Chennai,29-03-2022,44,24.2,47.52,36.52,50.16,0.46,41.8
Chennai,30-03-2022,45,24.75,48.6,37.35,51.3,0.47,42.75
Chennai,31-03-2022,45,24.75,48.6,37.35,51.3,0.47,42.75
Chennai,01-04-2022,45,24.75,48.6,37.35,51.3,0.47,42.75
Chennai,02-04-2022,42,23.1,45.36,34.86,47.88,0.44,39.9
Chennai,03-04-2022,44,24.2,47.52,36.52,50.16,0.46,41.8
Chennai,04-04-2022,41,22.55,44.28,34.03,46.74,0.43,38.95
Chennai,05-04-2022,34,18.7,36.72,28.22,38.76,0.36,32.3
Chennai,06-04-2022,44,24.2,47.52,36.52,50.16,0.46,41.8
Chennai,07-04-2022,49,26.95,52.92,40.67,55.86,0.51,46.55
Chennai,08-04-2022,42,23.1,45.36,34.86,47.88,0.44,39.9
Chennai,09-04-2022,43,23.65,46.44,35.69,49.02,0.45,40.85
Chennai,10-04-2022,46,25.3,49.68,38.18,52.44,0.48,43.7
Chennai,11-04-2022,42,23.1,45.36,34.86,47.88,0.44,39.9
Chennai,12-04-2022,35,19.25,37.8,29.05,39.9,0.37,33.25
Chennai,13-04-2022,36,19.8,38.88,29.88,41.04,0.38,34.2
Chennai,14-04-2022,39,21.45,42.12,32.37,44.46,0.41,37.05
Chennai,15-04-2022,35,19.25,37.8,29.05,39.9,0.37,33.25
Chennai,16-04-2022,38,20.9,41.04,31.54,43.32,0.4,36.1
Chennai,17-04-2022,50,27.5,54,41.5,57,0.53,47.5
Chennai,18-04-2022,47,25.85,50.76,39.01,53.58,0.49,44.65
Chennai,19-04-2022,45,24.75,48.6,37.35,51.3,0.47,42.75
Chennai,20-04-2022,40,22,43.2,33.2,45.6,0.42,38
Chennai,21-04-2022,39,21.45,42.12,32.37,44.46,0.41,37.05
Chennai,22-04-2022,44,24.2,47.52,36.52,50.16,0.46,41.8
Chennai,23-04-2022,38,20.9,41.04,31.54,43.32,0.4,36.1
Chennai,24-04-2022,43,23.65,46.44,35.69,49.02,0.45,40.85
Chennai,25-04-2022,47,25.85,50.76,39.01,53.58,0.49,44.65
Chennai,26-04-2022,52,28.6,56.16,43.16,59.28,0.55,49.4
Chennai,27-04-2022,43,23.65,46.44,35.69,49.02,0.45,40.85
Chennai,28-04-2022,45,24.75,48.6,37.35,51.3,0.47,42.75
Chennai,29-04-2022,61,33.55,65.88,50.63,69.54,0.64,57.95
Chennai,30-04-2022,46,25.3,49.68,38.18,52.44,0.48,43.7
Chennai,01-05-2022,58,31.9,62.64,48.14,66.12,0.61,55.1
Chennai,02-05-2022,89,48.95,96.12,73.87,101.46,0.93,84.55
Chennai,03-05-2022,84,46.2,90.72,69.72,95.76,0.88,79.8
Chennai,04-05-2022,58,31.9,62.64,48.14,66.12,0.61,55.1
Chennai,05-05-2022,91,50.05,98.28,75.53,103.74,0.96,86.45
Chennai,06-05-2022,56,30.8,60.48,46.48,63.84,0.59,53.2
Chennai,07-05-2022,80,44,86.4,66.4,91.2,0.84,76
Chennai,08-05-2022,78,42.9,84.24,64.74,88.92,0.82,74.1
Chennai,09-05-2022,94,51.7,101.52,78.02,107.16,0.99,89.3
Chennai,10-05-2022,81,44.55,87.48,67.23,92.34,0.85,76.95
Chennai,11-05-2022,71,39.05,76.68,58.93,80.94,0.75,67.45
Chennai,12-05-2022,61,33.55,65.88,50.63,69.54,0.64,57.95
Chennai,13-05-2022,61,33.55,65.88,50.63,69.54,0.64,57.95
Chennai,14-05-2022,69,37.95,74.52,57.27,78.66,0.72,65.55
Chennai,15-05-2022,69,37.95,74.52,57.27,78.66,0.72,65.55
Chennai,16-05-2022,52,28.6,56.16,43.16,59.28,0.55,49.4
Chennai,17-05-2022,57,31.35,61.56,47.31,64.98,0.6,54.15
Chennai,18-05-2022,57,31.35,61.56,47.31,64.98,0.6,54.15
Chennai,19-05-2022,57,31.35,61.56,47.31,64.98,0.6,54.15
Chennai,20-05-2022,71,39.05,76.68,58.93,80.94,0.75,67.45
Chennai,21-05-2022,79,43.45,85.32,65.57,90.06,0.83,75.05
Chennai,22-05-2022,85,46.75,91.8,70.55,96.9,0.89,80.75
Chennai,23-05-2022,56,30.8,60.48,46.48,63.84,0.59,53.2
Chennai,24-05-2022,73,40.15,78.84,60.59,83.22,0.77,69.35
Chennai,25-05-2022,61,33.55,65.88,50.63,69.54,0.64,57.95
Chennai,26-05-2022,67,36.85,72.36,55.61,76.38,0.7,63.65
Chennai,27-05-2022,67,36.85,72.36,55.61,76.38,0.7,63.65
Chennai,28-05-2022,72,39.6,77.76,59.76,82.08,0.76,68.4
Chennai,29-05-2022,68,37.4,73.44,56.44,77.52,0.71,64.6
Chennai,30-05-2022,58,31.9,62.64,48.14,66.12,0.61,55.1
Chennai,31-05-2022,68,37.4,73.44,56.44,77.52,0.71,64.6
Chennai,01-06-2022,69,37.95,74.52,57.27,78.66,0.72,65.55
Chennai,02-06-2022,75,41.25,81,62.25,85.5,0.79,71.25
Chennai,03-06-2022,75,41.25,81,62.25,85.5,0.79,71.25
Chennai,04-06-2022,83,45.65,89.64,68.89,94.62,0.87,78.85
Chennai,05-06-2022,71,39.05,76.68,58.93,80.94,0.75,67.45
Chennai,06-06-2022,62,34.1,66.96,51.46,70.68,0.65,58.9
Chennai,07-06-2022,62,34.1,66.96,51.46,70.68,0.65,58.9
Chennai,08-06-2022,68,37.4,73.44,56.44,77.52,0.71,64.6
Chennai,09-06-2022,67,36.85,72.36,55.61,76.38,0.7,63.65
Chennai,10-06-2022,60,33,64.8,49.8,68.4,0.63,57
Chennai,11-06-2022,69,37.95,74.52,57.27,78.66,0.72,65.55
Chennai,12-06-2022,65,35.75,70.2,53.95,74.1,0.68,61.75
Chennai,13-06-2022,64,35.2,69.12,53.12,72.96,0.67,60.8
Chennai,14-06-2022,54,29.7,58.32,44.82,61.56,0.57,51.3
Chennai,15-06-2022,54,29.7,58.32,44.82,61.56,0.57,51.3
Chennai,16-06-2022,56,30.8,60.48,46.48,63.84,0.59,53.2
Chennai,17-06-2022,54,29.7,58.32,44.82,61.56,0.57,51.3
Chennai,18-06-2022,52,28.6,56.16,43.16,59.28,0.55,49.4
Chennai,19-06-2022,63,34.65,68.04,52.29,71.82,0.66,59.85
Chennai,20-06-2022,58,31.9,62.64,48.14,66.12,0.61,55.1
Chennai,21-06-2022,55,30.25,59.4,45.65,62.7,0.58,52.25
Chennai,22-06-2022,59,32.45,63.72,48.97,67.26,0.62,56.05
Chennai,23-06-2022,63,34.65,68.04,52.29,71.82,0.66,59.85
Chennai,24-06-2022,64,35.2,69.12,53.12,72.96,0.67,60.8
Chennai,25-06-2022,62,34.1,66.96,51.46,70.68,0.65,58.9
Chennai,26-06-2022,64,35.2,69.12,53.12,72.96,0.67,60.8
Chennai,27-06-2022,66,36.3,71.28,54.78,75.24,0.69,62.7
Chennai,28-06-2022,76,41.8,82.08,63.08,86.64,0.8,72.2
Chennai,29-06-2022,84,46.2,90.72,69.72,95.76,0.88,79.8
Chennai,30-06-2022,77,42.35,83.16,63.91,87.78,0.81,73.15
Chennai,01-07-2022,63,34.65,68.04,52.29,71.82,0.66,59.85
Chennai,02-07-2022,53,29.15,57.24,43.99,60.42,0.56,50.35
Chennai,03-07-2022,65,35.75,70.2,53.95,74.1,0.68,61.75
Chennai,04-07-2022,64,35.2,69.12,53.12,72.96,0.67,60.8
Chennai,05-07-2022,52,28.6,56.16,43.16,59.28,0.55,49.4
Chennai,06-07-2022,52,28.6,56.16,43.16,59.28,0.55,49.4
Chennai,07-07-2022,62,34.1,66.96,51.46,70.68,0.65,58.9
Chennai,08-07-2022,65,35.75,70.2,53.95,74.1,0.68,61.75
Chennai,09-07-2022,70,38.5,75.6,58.1,79.8,0.74,66.5
Chennai,10-07-2022,60,33,64.8,49.8,68.4,0.63,57
Chennai,11-07-2022,50,27.5,54,41.5,57,0.53,47.5
Chennai,12-07-2022,51,28.05,55.08,42.33,58.14,0.54,48.45
Chennai,13-07-2022,55,30.25,59.4,45.65,62.7,0.58,52.25
Chennai,14-07-2022,53,29.15,57.24,43.99,60.42,0.56,50.35
Chennai,15-07-2022,60,33,64.8,49.8,68.4,0.63,57
Chennai,16-07-2022,69,37.95,74.52,57.27,78.66,0.72,65.55
Chennai,17-07-2022,47,25.85,50.76,39.01,53.58,0.49,44.65
Chennai,18-07-2022,61,33.55,65.88,50.63,69.54,0.64,57.95
Chennai,19-07-2022,79,43.45,85.32,65.57,90.06,0.83,75.05
Chennai,20-07-2022,76,41.8,82.08,63.08,86.64,0.8,72.2
Chennai,21-07-2022,70,38.5,75.6,58.1,79.8,0.74,66.5
Chennai,22-07-2022,52,28.6,56.16,43.16,59.28,0.55,49.4
Chennai,23-07-2022,65,35.75,70.2,53.95,74.1,0.68,61.75
Chennai,24-07-2022,55,30.25,59.4,45.65,62.7,0.58,52.25
Chennai,25-07-2022,70,38.5,75.6,58.1,79.8,0.74,66.5
Chennai,26-07-2022,54,29.7,58.32,44.82,61.56,0.57,51.3
Chennai,27-07-2022,70,38.5,75.6,58.1,79.8,0.74,66.5
Chennai,28-07-2022,49,26.95,52.92,40.67,55.86,0.51,46.55
Chennai,29-07-2022,51,28.05,55.08,42.33,58.14,0.54,48.45
Chennai,30-07-2022,50,27.5,54,41.5,57,0.53,47.5
Chennai,31-07-2022,58,31.9,62.64,48.14,66.12,0.61,55.1
Chennai,01-08-2022,61,33.55,65.88,50.63,69.54,0.64,57.95
Chennai,02-08-2022,61,33.55,65.88,50.63,69.54,0.64,57.95
Chennai,03-08-2022,56,30.8,60.48,46.48,63.84,0.59,53.2
Chennai,04-08-2022,84,46.2,90.72,69.72,95.76,0.88,79.8
Chennai,05-08-2022,57,31.35,61.56,47.31,64.98,0.6,54.15
Chennai,06-08-2022,49,26.95,52.92,40.67,55.86,0.51,46.55
Chennai,07-08-2022,54,29.7,58.32,44.82,61.56,0.57,51.3
Chennai,08-08-2022,49,26.95,52.92,40.67,55.86,0.51,46.55
Chennai,09-08-2022,64,35.2,69.12,53.12,72.96,0.67,60.8
Chennai,10-08-2022,68,37.4,73.44,56.44,77.52,0.71,64.6
Chennai,11-08-2022,70,38.5,75.6,58.1,79.8,0.74,66.5
Chennai,12-08-2022,62,34.1,66.96,51.46,70.68,0.65,58.9
Chennai,13-08-2022,66,36.3,71.28,54.78,75.24,0.69,62.7
Chennai,14-08-2022,65,35.75,70.2,53.95,74.1,0.68,61.75
Chennai,15-08-2022,63,34.65,68.04,52.29,71.82,0.66,59.85
Chennai,16-08-2022,60,33,64.8,49.8,68.4,0.63,57
Chennai,17-08-2022,56,30.8,60.48,46.48,63.84,0.59,53.2
Chennai,18-08-2022,57,31.35,61.56,47.31,64.98,0.6,54.15
Chennai,19-08-2022,62,34.1,66.96,51.46,70.68,0.65,58.9
Chennai,20-08-2022,69,37.95,74.52,57.27,78.66,0.72,65.55
Chennai,21-08-2022,70,38.5,75.6,58.1,79.8,0.74,66.5
Chennai,22-08-2022,43,23.65,46.44,35.69,49.02,0.45,40.85
Chennai,23-08-2022,48,26.4,51.84,39.84,54.72,0.5,45.6
Chennai,24-08-2022,49,26.95,52.92,40.67,55.86,0.51,46.55
Chennai,25-08-2022,62,34.1,66.96,51.46,70.68,0.65,58.9
Chennai,26-08-2022,60,33,64.8,49.8,68.4,0.63,57
Chennai,27-08-2022,50,27.5,54,41.5,57,0.53,47.5
Chennai,28-08-2022,48,26.4,51.84,39.84,54.72,0.5,45.6
Chennai,29-08-2022,60,33,64.8,49.8,68.4,0.63,57
Chennai,30-08-2022,70,38.5,75.6,58.1,79.8,0.74,66.5
Chennai,31-08-2022,49,26.95,52.92,40.67,55.86,0.51,46.55
Chennai,01-09-2022,62,34.1,66.96,51.46,70.68,0.65,58.9
Chennai,02-09-2022,48,26.4,51.84,39.84,54.72,0.5,45.6
Chennai,03-09-2022,58,31.9,62.64,48.14,66.12,0.61,55.1
Chennai,04-09-2022,58,31.9,62.64,48.14,66.12,0.61,55.1
Chennai,05-09-2022,55,30.25,59.4,45.65,62.7,0.58,52.25
Chennai,06-09-2022,57,31.35,61.56,47.31,64.98,0.6,54.15
Chennai,07-09-2022,72,39.6,77.76,59.76,82.08,0.76,68.4
Chennai,08-09-2022,61,33.55,65.88,50.63,69.54,0.64,57.95
Chennai,09-09-2022,74,40.7,79.92,61.42,84.36,0.78,70.3
Chennai,10-09-2022,59,32.45,63.72,48.97,67.26,0.62,56.05
Chennai,11-09-2022,62,34.1,66.96,51.46,70.68,0.65,58.9
Chennai,12-09-2022,69,37.95,74.52,57.27,78.66,0.72,65.55
Chennai,13-09-2022,72,39.6,77.76,59.76,82.08,0.76,68.4
Chennai,14-09-2022,70,38.5,75.6,58.1,79.8,0.74,66.5
Chennai,15-09-2022,80,44,86.4,66.4,91.2,0.84,76
Chennai,16-09-2022,83,45.65,89.64,68.89,94.62,0.87,78.85
Chennai,17-09-2022,69,37.95,74.52,57.27,78.66,0.72,65.55
Chennai,18-09-2022,64,35.2,69.12,53.12,72.96,0.67,60.8
Chennai,19-09-2022,62,34.1,66.96,51.46,70.68,0.65,58.9
Chennai,20-09-2022,65,35.75,70.2,53.95,74.1,0.68,61.75
Chennai,21-09-2022,85,46.75,91.8,70.55,96.9,0.89,80.75
Chennai,22-09-2022,69,37.95,74.52,57.27,78.66,0.72,65.55
Chennai,23-09-2022,66,36.3,71.28,54.78,75.24,0.69,62.7
Chennai,24-09-2022,70,38.5,75.6,58.1,79.8,0.74,66.5
Chennai,25-09-2022,65,35.75,70.2,53.95,74.1,0.68,61.75
Chennai,26-09-2022,73,40.15,78.84,60.59,83.22,0.77,69.35
Chennai,27-09-2022,73,40.15,78.84,60.59,83.22,0.77,69.35
Chennai,28-09-2022,82,45.1,88.56,68.06,93.48,0.86,77.9
Chennai,29-09-2022,83,45.65,89.64,68.89,94.62,0.87,78.85
Chennai,30-09-2022,72,39.6,77.76,59.76,82.08,0.76,68.4
Chennai,01-10-2022,70,38.5,75.6,58.1,79.8,0.74,66.5
Chennai,02-10-2022,73,40.15,78.84,60.59,83.22,0.77,69.35
Chennai,03-10-2022,90,49.5,97.2,74.7,102.6,0.95,85.5
Chennai,04-10-2022,101,55.55,109.08,83.83,115.14,1.06,95.95
Chennai,05-10-2022,128,70.4,138.24,106.24,145.92,1.34,121.6
Chennai,06-10-2022,96,52.8,103.68,79.68,109.44,1.01,91.2
Chennai,07-10-2022,88,48.4,95.04,73.04,100.32,0.92,83.6
Chennai,08-10-2022,112,61.6,120.96,92.96,127.68,1.18,106.4
Chennai,09-10-2022,67,36.85,72.36,55.61,76.38,0.7,63.65
Chennai,10-10-2022,61,33.55,65.88,50.63,69.54,0.64,57.95
Chennai,11-10-2022,53,29.15,57.24,43.99,60.42,0.56,50.35
Chennai,12-10-2022,58,31.9,62.64,48.14,66.12,0.61,55.1
Chennai,13-10-2022,61,33.55,65.88,50.63,69.54,0.64,57.95
Chennai,14-10-2022,56,30.8,60.48,46.48,63.84,0.59,53.2
Chennai,15-10-2022,63,34.65,68.04,52.29,71.82,0.66,59.85
Chennai,16-10-2022,51,28.05,55.08,42.33,58.14,0.54,48.45
Chennai,17-10-2022,53,29.15,57.24,43.99,60.42,0.56,50.35
Chennai,18-10-2022,66,36.3,71.28,54.78,75.24,0.69,62.7
Chennai,19-10-2022,74,40.7,79.92,61.42,84.36,0.78,70.3
Chennai,20-10-2022,73,40.15,78.84,60.59,83.22,0.77,69.35
Chennai,21-10-2022,66,36.3,71.28,54.78,75.24,0.69,62.7
Chennai,22-10-2022,82,45.1,88.56,68.06,93.48,0.86,77.9
Chennai,23-10-2022,109,59.95,117.72,90.47,124.26,1.14,103.55
Chennai,24-10-2022,193,106.15,208.44,160.19,220.02,2.03,183.35
Chennai,25-10-2022,228,125.4,246.24,189.24,259.92,2.39,216.6
Chennai,26-10-2022,147,80.85,158.76,122.01,167.58,1.54,139.65
Chennai,27-10-2022,105,57.75,113.4,87.15,119.7,1.1,99.75
Chennai,28-10-2022,59,32.45,63.72,48.97,67.26,0.62,56.05
Chennai,29-10-2022,70,38.5,75.6,58.1,79.8,0.74,66.5
Chennai,30-10-2022,74,40.7,79.92,61.42,84.36,0.78,70.3
Chennai,31-10-2022,88,48.4,95.04,73.04,100.32,0.92,83.6
Chennai,01-11-2022,59,32.45,63.72,48.97,67.26,0.62,56.05
Chennai,02-11-2022,50,27.5,54,41.5,57,0.53,47.5
Chennai,03-11-2022,59,32.45,63.72,48.97,67.26,0.62,56.05
Chennai,04-11-2022,56,30.8,60.48,46.48,63.84,0.59,53.2
Chennai,05-11-2022,44,24.2,47.52,36.52,50.16,0.46,41.8
Chennai,06-11-2022,58,31.9,62.64,48.14,66.12,0.61,55.1
Chennai,07-11-2022,105,57.75,113.4,87.15,119.7,1.1,99.75
Chennai,08-11-2022,82,45.1,88.56,68.06,93.48,0.86,77.9
Chennai,09-11-2022,74,40.7,79.92,61.42,84.36,0.78,70.3
Chennai,10-11-2022,58,31.9,62.64,48.14,66.12,0.61,55.1
Chennai,11-11-2022,46,25.3,49.68,38.18,52.44,0.48,43.7
Chennai,12-11-2022,44,24.2,47.52,36.52,50.16,0.46,41.8
Chennai,13-11-2022,38,20.9,41.04,31.54,43.32,0.4,36.1
Chennai,14-11-2022,43,23.65,46.44,35.69,49.02,0.45,40.85
Chennai,15-11-2022,96,52.8,103.68,79.68,109.44,1.01,91.2
Chennai,16-11-2022,121,66.55,130.68,100.43,137.94,1.27,114.95
Chennai,17-11-2022,142,78.1,153.36,117.86,161.88,1.49,134.9
Chennai,18-11-2022,170,93.5,183.6,141.1,193.8,1.79,161.5
Chennai,19-11-2022,108,59.4,116.64,89.64,123.12,1.13,102.6
Chennai,20-11-2022,120,66,129.6,99.6,136.8,1.26,114
Chennai,21-11-2022,84,46.2,90.72,69.72,95.76,0.88,79.8
Chennai,22-11-2022,74,40.7,79.92,61.42,84.36,0.78,70.3
Chennai,23-11-2022,62,34.1,66.96,51.46,70.68,0.65,58.9
Chennai,24-11-2022,75,41.25,81,62.25,85.5,0.79,71.25
Chennai,25-11-2022,98,53.9,105.84,81.34,111.72,1.03,93.1
Chennai,26-11-2022,86,47.3,92.88,71.38,98.04,0.9,81.7
Chennai,27-11-2022,108,59.4,116.64,89.64,123.12,1.13,102.6
Chennai,28-11-2022,120,66,129.6,99.6,136.8,1.26,114
Chennai,29-11-2022,142,78.1,153.36,117.86,161.88,1.49,134.9
Chennai,30-11-2022,153,84.15,165.24,126.99,174.42,1.61,145.35
Chennai,01-12-2022,132,72.6,142.56,109.56,150.48,1.39,125.4
Chennai,02-12-2022,77,42.35,83.16,63.91,87.78,0.81,73.15
Chennai,03-12-2022,50,27.5,54,41.5,57,0.53,47.5
Chennai,04-12-2022,64,35.2,69.12,53.12,72.96,0.67,60.8
Chennai,05-12-2022,127,69.85,137.16,105.41,144.78,1.33,120.65
Chennai,06-12-2022,203,111.65,219.24,168.49,231.42,2.13,192.85
Chennai,07-12-2022,238,130.9,257.04,197.54,271.32,2.5,226.1
Chennai,08-12-2022,203,111.65,219.24,168.49,231.42,2.13,192.85
Chennai,09-12-2022,115,63.25,124.2,95.45,131.1,1.21,109.25
Chennai,10-12-2022,40,22,43.2,33.2,45.6,0.42,38
Chennai,11-12-2022,45,24.75,48.6,37.35,51.3,0.47,42.75
Chennai,12-12-2022,49,26.95,52.92,40.67,55.86,0.51,46.55
Chennai,13-12-2022,46,25.3,49.68,38.18,52.44,0.48,43.7
Chennai,14-12-2022,58,31.9,62.64,48.14,66.12,0.61,55.1
Chennai,15-12-2022,72,39.6,77.76,59.76,82.08,0.76,68.4
Chennai,16-12-2022,97,53.35,104.76,80.51,110.58,1.02,92.15
Chennai,17-12-2022,123,67.65,132.84,102.09,140.22,1.29,116.85
Chennai,18-12-2022,120,66,129.6,99.6,136.8,1.26,114
Chennai,19-12-2022,88,48.4,95.04,73.04,100.32,0.92,83.6
Chennai,20-12-2022,110,60.5,118.8,91.3,125.4,1.16,104.5
Chennai,21-12-2022,120,66,129.6,99.6,136.8,1.26,114
Chennai,22-12-2022,124,68.2,133.92,102.92,141.36,1.3,117.8
Chennai,23-12-2022,172,94.6,185.76,142.76,196.08,1.81,163.4
Chennai,24-12-2022,193,106.15,208.44,160.19,220.02,2.03,183.35
Chennai,25-12-2022,73,40.15,78.84,60.59,83.22,0.77,69.35
Chennai,26-12-2022,34,18.7,36.72,28.22,38.76,0.36,32.3
Chennai,27-12-2022,38,20.9,41.04,31.54,43.32,0.4,36.1
Chennai,28-12-2022,59,32.45,63.72,48.97,67.26,0.62,56.05
Chennai,29-12-2022,57,31.35,61.56,47.31,64.98,0.6,54.15
Chennai,30-12-2022,65,35.75,70.2,53.95,74.1,0.68,61.75
Chennai,31-12-2022,67,36.85,72.36,55.61,76.38,0.7,63.65
Chennai,01-01-2023,104,57.2,112.32,86.32,118.56,1.09,98.8
Chennai,02-01-2023,76,41.8,82.08,63.08,86.64,0.8,72.2
Chennai,03-01-2023,86,47.3,92.88,71.38,98.04,0.9,81.7
Chennai,04-01-2023,99,54.45,106.92,82.17,112.86,1.04,94.05
Chennai,05-01-2023,80,44,86.4,66.4,91.2,0.84,76
Chennai,06-01-2023,95,52.25,102.6,78.85,108.3,1,90.25
Chennai,07-01-2023,101,55.55,109.08,83.83,115.14,1.06,95.95
Chennai,08-01-2023,184,101.2,198.72,152.72,209.76,1.93,174.8
Chennai,09-01-2023,118,64.9,127.44,97.94,134.52,1.24,112.1
Chennai,10-01-2023,140,77,151.2,116.2,159.6,1.47,133
Chennai,11-01-2023,125,68.75,135,103.75,142.5,1.31,118.75
Chennai,12-01-2023,111,61.05,119.88,92.13,126.54,1.17,105.45
Chennai,13-01-2023,106,58.3,114.48,87.98,120.84,1.11,100.7
Chennai,14-01-2023,147,80.85,158.76,122.01,167.58,1.54,139.65
Chennai,15-01-2023,77,42.35,83.16,63.91,87.78,0.81,73.15
Chennai,16-01-2023,65,35.75,70.2,53.95,74.1,0.68,61.75
Chennai,17-01-2023,71,39.05,76.68,58.93,80.94,0.75,67.45
Chennai,18-01-2023,95,52.25,102.6,78.85,108.3,1,90.25
Chennai,19-01-2023,115,63.25,124.2,95.45,131.1,1.21,109.25
Chennai,20-01-2023,124,68.2,133.92,102.92,141.36,1.3,117.8
Chennai,21-01-2023,120,66,129.6,99.6,136.8,1.26,114
Chennai,22-01-2023,114,62.7,123.12,94.62,129.96,1.2,108.3
Chennai,23-01-2023,97,53.35,104.76,80.51,110.58,1.02,92.15
Chennai,24-01-2023,72,39.6,77.76,59.76,82.08,0.76,68.4
Chennai,25-01-2023,100,55,108,83,114,1.05,95
Chennai,26-01-2023,159,87.45,171.72,131.97,181.26,1.67,151.05
Chennai,27-01-2023,105,57.75,113.4,87.15,119.7,1.1,99.75
Chennai,28-01-2023,113,62.15,122.04,93.79,128.82,1.19,107.35
Chennai,29-01-2023,132,72.6,142.56,109.56,150.48,1.39,125.4
Chennai,30-01-2023,85,46.75,91.8,70.55,96.9,0.89,80.75
Chennai,31-01-2023,96,52.8,103.68,79.68,109.44,1.01,91.2
Chennai,01-02-2023,101,55.55,109.08,83.83,115.14,1.06,95.95
Chennai,02-02-2023,81,44.55,87.48,67.23,92.34,0.85,76.95
Chennai,03-02-2023,95,52.25,102.6,78.85,108.3,1,90.25
Chennai,04-02-2023,101,55.55,109.08,83.83,115.14,1.06,95.95
Chennai,05-02-2023,113,62.15,122.04,93.79,128.82,1.19,107.35
Chennai,06-02-2023,108,59.4,116.64,89.64,123.12,1.13,102.6
Chennai,07-02-2023,92,50.6,99.36,76.36,104.88,0.97,87.4
Chennai,08-02-2023,95,52.25,102.6,78.85,108.3,1,90.25
Chennai,09-02-2023,96,52.8,103.68,79.68,109.44,1.01,91.2
Chennai,10-02-2023,91,50.05,98.28,75.53,103.74,0.96,86.45
Chennai,11-02-2023,99,54.45,106.92,82.17,112.86,1.04,94.05
Chennai,12-02-2023,136,74.8,146.88,112.88,155.04,1.43,129.2
Chennai,13-02-2023,136,74.8,146.88,112.88,155.04,1.43,129.2
Chennai,14-02-2023,120,66,129.6,99.6,136.8,1.26,114
Chennai,15-02-2023,105,57.75,113.4,87.15,119.7,1.1,99.75
Chennai,16-02-2023,131,72.05,141.48,108.73,149.34,1.38,124.45
Chennai,17-02-2023,134,73.7,144.72,111.22,152.76,1.41,127.3
Chennai,18-02-2023,126,69.3,136.08,104.58,143.64,1.32,119.7
Chennai,19-02-2023,75,41.25,81,62.25,85.5,0.79,71.25
Chennai,20-02-2023,74,40.7,79.92,61.42,84.36,0.78,70.3
Chennai,21-02-2023,97,53.35,104.76,80.51,110.58,1.02,92.15
Chennai,22-02-2023,98,53.9,105.84,81.34,111.72,1.03,93.1
Chennai,23-02-2023,111,61.05,119.88,92.13,126.54,1.17,105.45
Chennai,24-02-2023,78,42.9,84.24,64.74,88.92,0.82,74.1
Chennai,25-02-2023,86,47.3,92.88,71.38,98.04,0.9,81.7
Chennai,26-02-2023,98,53.9,105.84,81.34,111.72,1.03,93.1
Chennai,27-02-2023,98,53.9,105.84,81.34,111.72,1.03,93.1
Chennai,28-02-2023,84,46.2,90.72,69.72,95.76,0.88,79.8
Chennai,01-03-2023,85,46.75,91.8,70.55,96.9,0.89,80.75
Chennai,02-03-2023,92,50.6,99.36,76.36,104.88,0.97,87.4
Chennai,03-03-2023,118,64.9,127.44,97.94,134.52,1.24,112.1
Chennai,04-03-2023,113,62.15,122.04,93.79,128.82,1.19,107.35
Chennai,05-03-2023,91,50.05,98.28,75.53,103.74,0.96,86.45
Chennai,06-03-2023,93,51.15,100.44,77.19,106.02,0.98,88.35
Chennai,07-03-2023,91,50.05,98.28,75.53,103.74,0.96,86.45
Chennai,08-03-2023,74,40.7,79.92,61.42,84.36,0.78,70.3
Chennai,09-03-2023,87,47.85,93.96,72.21,99.18,0.91,82.65
Chennai,10-03-2023,93,51.15,100.44,77.19,106.02,0.98,88.35
Chennai,11-03-2023,94,51.7,101.52,78.02,107.16,0.99,89.3
Chennai,12-03-2023,90,49.5,97.2,74.7,102.6,0.95,85.5
Chennai,13-03-2023,85,46.75,91.8,70.55,96.9,0.89,80.75
Chennai,14-03-2023,90,49.5,97.2,74.7,102.6,0.95,85.5
Chennai,15-03-2023,104,57.2,112.32,86.32,118.56,1.09,98.8
Chennai,16-03-2023,61,33.55,65.88,50.63,69.54,0.64,57.95
Chennai,17-03-2023,61,33.55,65.88,50.63,69.54,0.64,57.95
Chennai,18-03-2023,54,29.7,58.32,44.82,61.56,0.57,51.3
Chennai,19-03-2023,51,28.05,55.08,42.33,58.14,0.54,48.45
Chennai,20-03-2023,46,25.3,49.68,38.18,52.44,0.48,43.7
Chennai,21-03-2023,48,26.4,51.84,39.84,54.72,0.5,45.6
Chennai,22-03-2023,55,30.25,59.4,45.65,62.7,0.58,52.25
Chennai,23-03-2023,43,23.65,46.44,35.69,49.02,0.45,40.85
Chennai,24-03-2023,55,30.25,59.4,45.65,62.7,0.58,52.25
Chennai,25-03-2023,41,22.55,44.28,34.03,46.74,0.43,38.95
Chennai,26-03-2023,39,21.45,42.12,32.37,44.46,0.41,37.05
Chennai,27-03-2023,42,23.1,45.36,34.86,47.88,0.44,39.9
Chennai,28-03-2023,54,29.7,58.32,44.82,61.56,0.57,51.3
Chennai,29-03-2023,58,31.9,62.64,48.14,66.12,0.61,55.1
Chennai,30-03-2023,56,30.8,60.48,46.48,63.84,0.59,53.2
Chennai,31-03-2023,63,34.65,68.04,52.29,71.82,0.66,59.85
Chennai,01-04-2023,65,35.75,70.2,53.95,74.1,0.68,61.75
Chennai,02-04-2023,54,29.7,58.32,44.82,61.56,0.57,51.3
Chennai,03-04-2023,72,39.6,77.76,59.76,82.08,0.76,68.4
Chennai,04-04-2023,53,29.15,57.24,43.99,60.42,0.56,50.35
Chennai,05-04-2023,53,29.15,57.24,43.99,60.42,0.56,50.35
Chennai,06-04-2023,53,29.15,57.24,43.99,60.42,0.56,50.35
Chennai,07-04-2023,42,23.1,45.36,34.86,47.88,0.44,39.9
Chennai,08-04-2023,54,29.7,58.32,44.82,61.56,0.57,51.3
Chennai,09-04-2023,56,30.8,60.48,46.48,63.84,0.59,53.2
Chennai,10-04-2023,60,33,64.8,49.8,68.4,0.63,57
Chennai,11-04-2023,69,37.95,74.52,57.27,78.66,0.72,65.55
Chennai,12-04-2023,83,45.65,89.64,68.89,94.62,0.87,78.85
Chennai,13-04-2023,103,56.65,111.24,85.49,117.42,1.08,97.85
Chennai,14-04-2023,98,53.9,105.84,81.34,111.72,1.03,93.1
Chennai,15-04-2023,74,40.7,79.92,61.42,84.36,0.78,70.3
Chennai,16-04-2023,78,42.9,84.24,64.74,88.92,0.82,74.1
Chennai,17-04-2023,84,46.2,90.72,69.72,95.76,0.88,79.8
Chennai,18-04-2023,72,39.6,77.76,59.76,82.08,0.76,68.4
Chennai,19-04-2023,75,41.25,81,62.25,85.5,0.79,71.25
Chennai,20-04-2023,70,38.5,75.6,58.1,79.8,0.74,66.5
Chennai,21-04-2023,73,40.15,78.84,60.59,83.22,0.77,69.35
Chennai,22-04-2023,65,35.75,70.2,53.95,74.1,0.68,61.75
Chennai,23-04-2023,60,33,64.8,49.8,68.4,0.63,57
Chennai,24-04-2023,64,35.2,69.12,53.12,72.96,0.67,60.8
Chennai,25-04-2023,51,28.05,55.08,42.33,58.14,0.54,48.45
Chennai,26-04-2023,62,34.1,66.96,51.46,70.68,0.65,58.9
Chennai,27-04-2023,75,41.25,81,62.25,85.5,0.79,71.25
Chennai,28-04-2023,58,31.9,62.64,48.14,66.12,0.61,55.1
Chennai,29-04-2023,54,29.7,58.32,44.82,61.56,0.57,51.3
Chennai,30-04-2023,59,32.45,63.72,48.97,67.26,0.62,56.05
Chennai,01-05-2023,59,32.45,63.72,48.97,67.26,0.62,56.05
Chennai,02-05-2023,58,31.9,62.64,48.14,66.12,0.61,55.1
Chennai,03-05-2023,59,32.45,63.72,48.97,67.26,0.62,56.05
Chennai,04-05-2023,59,32.45,63.72,48.97,67.26,0.62,56.05
Chennai,05-05-2023,62,34.1,66.96,51.46,70.68,0.65,58.9
Chennai,06-05-2023,64,35.2,69.12,53.12,72.96,0.67,60.8
Chennai,07-05-2023,66,36.3,71.28,54.78,75.24,0.69,62.7
Chennai,08-05-2023,65,35.75,70.2,53.95,74.1,0.68,61.75
Chennai,09-05-2023,67,36.85,72.36,55.61,76.38,0.7,63.65
Chennai,10-05-2023,58,31.9,62.64,48.14,66.12,0.61,55.1
Chennai,11-05-2023,82,45.1,88.56,68.06,93.48,0.86,77.9
Chennai,12-05-2023,111,61.05,119.88,92.13,126.54,1.17,105.45
Chennai,13-05-2023,89,48.95,96.12,73.87,101.46,0.93,84.55
Chennai,14-05-2023,101,55.55,109.08,83.83,115.14,1.06,95.95
Chennai,15-05-2023,92,50.6,99.36,76.36,104.88,0.97,87.4
Chennai,16-05-2023,83,45.65,89.64,68.89,94.62,0.87,78.85
Chennai,17-05-2023,88,48.4,95.04,73.04,100.32,0.92,83.6
Chennai,18-05-2023,71,39.05,76.68,58.93,80.94,0.75,67.45
Chennai,19-05-2023,83,45.65,89.64,68.89,94.62,0.87,78.85
Chennai,20-05-2023,76,41.8,82.08,63.08,86.64,0.8,72.2
Chennai,21-05-2023,65,35.75,70.2,53.95,74.1,0.68,61.75
Chennai,22-05-2023,68,37.4,73.44,56.44,77.52,0.71,64.6
Chennai,23-05-2023,75,41.25,81,62.25,85.5,0.79,71.25
Chennai,24-05-2023,72,39.6,77.76,59.76,82.08,0.76,68.4
Chennai,25-05-2023,67,36.85,72.36,55.61,76.38,0.7,63.65
Chennai,26-05-2023,79,43.45,85.32,65.57,90.06,0.83,75.05
Chennai,27-05-2023,75,41.25,81,62.25,85.5,0.79,71.25
Chennai,28-05-2023,86,47.3,92.88,71.38,98.04,0.9,81.7
Chennai,29-05-2023,76,41.8,82.08,63.08,86.64,0.8,72.2
Chennai,30-05-2023,70,38.5,75.6,58.1,79.8,0.74,66.5
Chennai,31-05-2023,83,45.65,89.64,68.89,94.62,0.87,78.85
Chennai,01-06-2023,82,45.1,88.56,68.06,93.48,0.86,77.9
Chennai,02-06-2023,90,49.5,97.2,74.7,102.6,0.95,85.5
Chennai,03-06-2023,92,50.6,99.36,76.36,104.88,0.97,87.4
Chennai,04-06-2023,80,44,86.4,66.4,91.2,0.84,76
Chennai,05-06-2023,88,48.4,95.04,73.04,100.32,0.92,83.6
Chennai,06-06-2023,70,38.5,75.6,58.1,79.8,0.74,66.5
Chennai,07-06-2023,72,39.6,77.76,59.76,82.08,0.76,68.4
Chennai,08-06-2023,73,40.15,78.84,60.59,83.22,0.77,69.35
Chennai,09-06-2023,69,37.95,74.52,57.27,78.66,0.72,65.55
Chennai,10-06-2023,67,36.85,72.36,55.61,76.38,0.7,63.65
Chennai,11-06-2023,67,36.85,72.36,55.61,76.38,0.7,63.65
Chennai,12-06-2023,54,29.7,58.32,44.82,61.56,0.57,51.3
Chennai,13-06-2023,58,31.9,62.64,48.14,66.12,0.61,55.1
Chennai,14-06-2023,73,40.15,78.84,60.59,83.22,0.77,69.35
Chennai,15-06-2023,84,46.2,90.72,69.72,95.76,0.88,79.8
Chennai,16-06-2023,78,42.9,84.24,64.74,88.92,0.82,74.1
Chennai,17-06-2023,78,42.9,84.24,64.74,88.92,0.82,74.1
Chennai,18-06-2023,66,36.3,71.28,54.78,75.24,0.69,62.7
Chennai,19-06-2023,50,27.5,54,41.5,57,0.53,47.5
Chennai,20-06-2023,57,31.35,61.56,47.31,64.98,0.6,54.15
Chennai,21-06-2023,62,34.1,66.96,51.46,70.68,0.65,58.9
Chennai,22-06-2023,76,41.8,82.08,63.08,86.64,0.8,72.2
Chennai,23-06-2023,73,40.15,78.84,60.59,83.22,0.77,69.35
Chennai,24-06-2023,62,34.1,66.96,51.46,70.68,0.65,58.9
Chennai,25-06-2023,73,40.15,78.84,60.59,83.22,0.77,69.35
Chennai,26-06-2023,76,41.8,82.08,63.08,86.64,0.8,72.2
Chennai,27-06-2023,64,35.2,69.12,53.12,72.96,0.67,60.8
Chennai,28-06-2023,60,33,64.8,49.8,68.4,0.63,57
Chennai,29-06-2023,76,41.8,82.08,63.08,86.64,0.8,72.2
Chennai,30-06-2023,57,31.35,61.56,47.31,64.98,0.6,54.15
Chennai,01-07-2023,61,33.55,65.88,50.63,69.54,0.64,57.95
Chennai,02-07-2023,75,41.25,81,62.25,85.5,0.79,71.25
Chennai,03-07-2023,58,31.9,62.64,48.14,66.12,0.61,55.1
Chennai,04-07-2023,56,30.8,60.48,46.48,63.84,0.59,53.2
Chennai,05-07-2023,64,35.2,69.12,53.12,72.96,0.67,60.8
Chennai,06-07-2023,66,36.3,71.28,54.78,75.24,0.69,62.7
Chennai,07-07-2023,82,45.1,88.56,68.06,93.48,0.86,77.9
Chennai,08-07-2023,63,34.65,68.04,52.29,71.82,0.66,59.85
Chennai,09-07-2023,73,40.15,78.84,60.59,83.22,0.77,69.35
Chennai,10-07-2023,48,26.4,51.84,39.84,54.72,0.5,45.6
Chennai,11-07-2023,52,28.6,56.16,43.16,59.28,0.55,49.4
Chennai,12-07-2023,76,41.8,82.08,63.08,86.64,0.8,72.2
Chennai,13-07-2023,69,37.95,74.52,57.27,78.66,0.72,65.55
Chennai,14-07-2023,78,42.9,84.24,64.74,88.92,0.82,74.1
Chennai,15-07-2023,77,42.35,83.16,63.91,87.78,0.81,73.15
Chennai,16-07-2023,81,44.55,87.48,67.23,92.34,0.85,76.95
Chennai,17-07-2023,78,42.9,84.24,64.74,88.92,0.82,74.1
Chennai,18-07-2023,96,52.8,103.68,79.68,109.44,1.01,91.2
Chennai,19-07-2023,87,47.85,93.96,72.21,99.18,0.91,82.65
Chennai,20-07-2023,88,48.4,95.04,73.04,100.32,0.92,83.6
Chennai,21-07-2023,107,58.85,115.56,88.81,121.98,1.12,101.65
Chennai,22-07-2023,101,55.55,109.08,83.83,115.14,1.06,95.95
Chennai,23-07-2023,61,33.55,65.88,50.63,69.54,0.64,57.95
Chennai,24-07-2023,67,36.85,72.36,55.61,76.38,0.7,63.65
Chennai,25-07-2023,66,36.3,71.28,54.78,75.24,0.69,62.7
Chennai,26-07-2023,58,31.9,62.64,48.14,66.12,0.61,55.1
Chennai,27-07-2023,64,35.2,69.12,53.12,72.96,0.67,60.8
Chennai,28-07-2023,93,51.15,100.44,77.19,106.02,0.98,88.35
Chennai,29-07-2023,96,52.8,103.68,79.68,109.44,1.01,91.2
Chennai,30-07-2023,85,46.75,91.8,70.55,96.9,0.89,80.75
Chennai,31-07-2023,74,40.7,79.92,61.42,84.36,0.78,70.3
Chennai,01-08-2023,79,43.45,85.32,65.57,90.06,0.83,75.05
Chennai,02-08-2023,99,54.45,106.92,82.17,112.86,1.04,94.05
Chennai,03-08-2023,95,52.25,102.6,78.85,108.3,1,90.25
Chennai,04-08-2023,87,47.85,93.96,72.21,99.18,0.91,82.65
Chennai,05-08-2023,79,43.45,85.32,65.57,90.06,0.83,75.05
Chennai,06-08-2023,78,42.9,84.24,64.74,88.92,0.82,74.1
Chennai,07-08-2023,56,30.8,60.48,46.48,63.84,0.59,53.2
Chennai,08-08-2023,66,36.3,71.28,54.78,75.24,0.69,62.7
Chennai,09-08-2023,79,43.45,85.32,65.57,90.06,0.83,75.05
Chennai,10-08-2023,82,45.1,88.56,68.06,93.48,0.86,77.9
Chennai,11-08-2023,61,33.55,65.88,50.63,69.54,0.64,57.95
Chennai,12-08-2023,74,40.7,79.92,61.42,84.36,0.78,70.3
Chennai,13-08-2023,69,37.95,74.52,57.27,78.66,0.72,65.55
Chennai,14-08-2023,54,29.7,58.32,44.82,61.56,0.57,51.3
Chennai,15-08-2023,67,36.85,72.36,55.61,76.38,0.7,63.65
Chennai,16-08-2023,71,39.05,76.68,58.93,80.94,0.75,67.45
Chennai,17-08-2023,77,42.35,83.16,63.91,87.78,0.81,73.15
Chennai,18-08-2023,61,33.55,65.88,50.63,69.54,0.64,57.95
Chennai,19-08-2023,65,35.75,70.2,53.95,74.1,0.68,61.75
Chennai,20-08-2023,62,34.1,66.96,51.46,70.68,0.65,58.9
Chennai,21-08-2023,65,35.75,70.2,53.95,74.1,0.68,61.75
Chennai,22-08-2023,68,37.4,73.44,56.44,77.52,0.71,64.6
Chennai,23-08-2023,74,40.7,79.92,61.42,84.36,0.78,70.3
Chennai,24-08-2023,65,35.75,70.2,53.95,74.1,0.68,61.75
Chennai,25-08-2023,78,42.9,84.24,64.74,88.92,0.82,74.1
Chennai,26-08-2023,68,37.4,73.44,56.44,77.52,0.71,64.6
Chennai,27-08-2023,73,40.15,78.84,60.59,83.22,0.77,69.35
Chennai,28-08-2023,78,42.9,84.24,64.74,88.92,0.82,74.1
Chennai,29-08-2023,66,36.3,71.28,54.78,75.24,0.69,62.7
Chennai,30-08-2023,88,48.4,95.04,73.04,100.32,0.92,83.6
Chennai,31-08-2023,69,37.95,74.52,57.27,78.66,0.72,65.55
Chennai,01-09-2023,71,39.05,76.68,58.93,80.94,0.75,67.45
Chennai,02-09-2023,77,42.35,83.16,63.91,87.78,0.81,73.15
Chennai,03-09-2023,63,34.65,68.04,52.29,71.82,0.66,59.85
Chennai,04-09-2023,53,29.15,57.24,43.99,60.42,0.56,50.35
Chennai,05-09-2023,70,38.5,75.6,58.1,79.8,0.74,66.5
Chennai,06-09-2023,63,34.65,68.04,52.29,71.82,0.66,59.85
Chennai,07-09-2023,71,39.05,76.68,58.93,80.94,0.75,67.45
Chennai,08-09-2023,51,28.05,55.08,42.33,58.14,0.54,48.45
Chennai,09-09-2023,83,45.65,89.64,68.89,94.62,0.87,78.85
Chennai,10-09-2023,63,34.65,68.04,52.29,71.82,0.66,59.85
Chennai,11-09-2023,54,29.7,58.32,44.82,61.56,0.57,51.3
Chennai,12-09-2023,63,34.65,68.04,52.29,71.82,0.66,59.85
Chennai,13-09-2023,57,31.35,61.56,47.31,64.98,0.6,54.15
Chennai,14-09-2023,81,44.55,87.48,67.23,92.34,0.85,76.95
Chennai,15-09-2023,55,30.25,59.4,45.65,62.7,0.58,52.25
Chennai,16-09-2023,54,29.7,58.32,44.82,61.56,0.57,51.3
Chennai,17-09-2023,62,34.1,66.96,51.46,70.68,0.65,58.9
Chennai,18-09-2023,45,24.75,48.6,37.35,51.3,0.47,42.75
Chennai,19-09-2023,50,27.5,54,41.5,57,0.53,47.5
Chennai,20-09-2023,59,32.45,63.72,48.97,67.26,0.62,56.05
Chennai,21-09-2023,64,35.2,69.12,53.12,72.96,0.67,60.8
Chennai,22-09-2023,54,29.7,58.32,44.82,61.56,0.57,51.3
Chennai,23-09-2023,56,30.8,60.48,46.48,63.84,0.59,53.2
Chennai,24-09-2023,49,26.95,52.92,40.67,55.86,0.51,46.55
Chennai,25-09-2023,49,26.95,52.92,40.67,55.86,0.51,46.55
Chennai,26-09-2023,71,39.05,76.68,58.93,80.94,0.75,67.45
Chennai,27-09-2023,84,46.2,90.72,69.72,95.76,0.88,79.8
Chennai,28-09-2023,49,26.95,52.92,40.67,55.86,0.51,46.55
Chennai,29-09-2023,57,31.35,61.56,47.31,64.98,0.6,54.15
Chennai,30-09-2023,57,31.35,61.56,47.31,64.98,0.6,54.15
Chennai,01-10-2023,57,31.35,61.56,47.31,64.98,0.6,54.15
Chennai,02-10-2023,46,25.3,49.68,38.18,52.44,0.48,43.7
Chennai,03-10-2023,56,30.8,60.48,46.48,63.84,0.59,53.2
Chennai,04-10-2023,68,37.4,73.44,56.44,77.52,0.71,64.6
Chennai,05-10-2023,77,42.35,83.16,63.91,87.78,0.81,73.15
Chennai,06-10-2023,76,41.8,82.08,63.08,86.64,0.8,72.2
Chennai,07-10-2023,73,40.15,78.84,60.59,83.22,0.77,69.35
Chennai,08-10-2023,52,28.6,56.16,43.16,59.28,0.55,49.4
Chennai,09-10-2023,47,25.85,50.76,39.01,53.58,0.49,44.65
Chennai,10-10-2023,52,28.6,56.16,43.16,59.28,0.55,49.4
Chennai,11-10-2023,70,38.5,75.6,58.1,79.8,0.74,66.5
Chennai,12-10-2023,55,30.25,59.4,45.65,62.7,0.58,52.25
Chennai,13-10-2023,79,43.45,85.32,65.57,90.06,0.83,75.05
Chennai,14-10-2023,69,37.95,74.52,57.27,78.66,0.72,65.55
Chennai,15-10-2023,75,41.25,81,62.25,85.5,0.79,71.25
Chennai,16-10-2023,73,40.15,78.84,60.59,83.22,0.77,69.35
Chennai,17-10-2023,79,43.45,85.32,65.57,90.06,0.83,75.05
Chennai,18-10-2023,109,59.95,117.72,90.47,124.26,1.14,103.55
Chennai,19-10-2023,120,66,129.6,99.6,136.8,1.26,114
Chennai,20-10-2023,97,53.35,104.76,80.51,110.58,1.02,92.15
Chennai,21-10-2023,90,49.5,97.2,74.7,102.6,0.95,85.5
Chennai,22-10-2023,82,45.1,88.56,68.06,93.48,0.86,77.9
Chennai,23-10-2023,109,59.95,117.72,90.47,124.26,1.14,103.55
Chennai,24-10-2023,121,66.55,130.68,100.43,137.94,1.27,114.95
Chennai,25-10-2023,127,69.85,137.16,105.41,144.78,1.33,120.65
Chennai,26-10-2023,120,66,129.6,99.6,136.8,1.26,114
Chennai,27-10-2023,102,56.1,110.16,84.66,116.28,1.07,96.9
Chennai,28-10-2023,67,36.85,72.36,55.61,76.38,0.7,63.65
Chennai,29-10-2023,60,33,64.8,49.8,68.4,0.63,57
Chennai,30-10-2023,65,35.75,70.2,53.95,74.1,0.68,61.75
Chennai,31-10-2023,129,70.95,139.32,107.07,147.06,1.35,122.55
Chennai,01-11-2023,93,51.15,100.44,77.19,106.02,0.98,88.35
Chennai,02-11-2023,61,33.55,65.88,50.63,69.54,0.64,57.95
Chennai,03-11-2023,57,31.35,61.56,47.31,64.98,0.6,54.15
Chennai,04-11-2023,59,32.45,63.72,48.97,67.26,0.62,56.05
Chennai,05-11-2023,33,18.15,35.64,27.39,37.62,0.35,31.35
Chennai,06-11-2023,40,22,43.2,33.2,45.6,0.42,38
Chennai,07-11-2023,49,26.95,52.92,40.67,55.86,0.51,46.55
Chennai,08-11-2023,73,40.15,78.84,60.59,83.22,0.77,69.35
Chennai,09-11-2023,69,37.95,74.52,57.27,78.66,0.72,65.55
Chennai,10-11-2023,83,45.65,89.64,68.89,94.62,0.87,78.85
Chennai,11-11-2023,115,63.25,124.2,95.45,131.1,1.21,109.25
Chennai,12-11-2023,178,97.9,192.24,147.74,202.92,1.87,169.1
Chennai,13-11-2023,245,134.75,264.6,203.35,279.3,2.57,232.75
Chennai,14-11-2023,111,61.05,119.88,92.13,126.54,1.17,105.45
Chennai,15-11-2023,66,36.3,71.28,54.78,75.24,0.69,62.7
Chennai,16-11-2023,90,49.5,97.2,74.7,102.6,0.95,85.5
Chennai,17-11-2023,97,53.35,104.76,80.51,110.58,1.02,92.15
Chennai,18-11-2023,57,31.35,61.56,47.31,64.98,0.6,54.15
Chennai,19-11-2023,50,27.5,54,41.5,57,0.53,47.5
Chennai,20-11-2023,50,27.5,54,41.5,57,0.53,47.5
Chennai,21-11-2023,55,30.25,59.4,45.65,62.7,0.58,52.25
Chennai,22-11-2023,45,24.75,48.6,37.35,51.3,0.47,42.75
Chennai,23-11-2023,49,26.95,52.92,40.67,55.86,0.51,46.55
Chennai,24-11-2023,41,22.55,44.28,34.03,46.74,0.43,38.95
Chennai,25-11-2023,46,25.3,49.68,38.18,52.44,0.48,43.7
Chennai,26-11-2023,72,39.6,77.76,59.76,82.08,0.76,68.4
Chennai,27-11-2023,51,28.05,55.08,42.33,58.14,0.54,48.45
Chennai,28-11-2023,44,24.2,47.52,36.52,50.16,0.46,41.8
Chennai,29-11-2023,43,23.65,46.44,35.69,49.02,0.45,40.85
Chennai,30-11-2023,41,22.55,44.28,34.03,46.74,0.43,38.95
Chennai,01-12-2023,42,23.1,45.36,34.86,47.88,0.44,39.9
Chennai,02-12-2023,65,35.75,70.2,53.95,74.1,0.68,61.75
Chennai,03-12-2023,46,25.3,49.68,38.18,52.44,0.48,43.7
Chennai,04-12-2023,36,19.8,38.88,29.88,41.04,0.38,34.2
Chennai,07-12-2023,38,20.9,41.04,31.54,43.32,0.4,36.1
Chennai,08-12-2023,57,31.35,61.56,47.31,64.98,0.6,54.15
Chennai,09-12-2023,70,38.5,75.6,58.1,79.8,0.74,66.5
Chennai,10-12-2023,88,48.4,95.04,73.04,100.32,0.92,83.6
Chennai,11-12-2023,82,45.1,88.56,68.06,93.48,0.86,77.9
Chennai,12-12-2023,70,38.5,75.6,58.1,79.8,0.74,66.5
Chennai,13-12-2023,114,62.7,123.12,94.62,129.96,1.2,108.3
Chennai,14-12-2023,87,47.85,93.96,72.21,99.18,0.91,82.65
Chennai,15-12-2023,110,60.5,118.8,91.3,125.4,1.16,104.5
Chennai,16-12-2023,92,50.6,99.36,76.36,104.88,0.97,87.4
Chennai,17-12-2023,74,40.7,79.92,61.42,84.36,0.78,70.3
Chennai,18-12-2023,77,42.35,83.16,63.91,87.78,0.81,73.15
Chennai,19-12-2023,100,55,108,83,114,1.05,95
Chennai,20-12-2023,96,52.8,103.68,79.68,109.44,1.01,91.2
Chennai,21-12-2023,140,77,151.2,116.2,159.6,1.47,133
Chennai,22-12-2023,172,94.6,185.76,142.76,196.08,1.81,163.4
Chennai,23-12-2023,138,75.9,149.04,114.54,157.32,1.45,131.1
Chennai,24-12-2023,130,71.5,140.4,107.9,148.2,1.37,123.5
Chennai,25-12-2023,88,48.4,95.04,73.04,100.32,0.92,83.6
Chennai,26-12-2023,77,42.35,83.16,63.91,87.78,0.81,73.15
Chennai,27-12-2023,74,40.7,79.92,61.42,84.36,0.78,70.3
Chennai,28-12-2023,70,38.5,75.6,58.1,79.8,0.74,66.5
Chennai,29-12-2023,66,36.3,71.28,54.78,75.24,0.69,62.7
Chennai,30-12-2023,71,39.05,76.68,58.93,80.94,0.75,67.45
Chennai,31-12-2023,93,51.15,100.44,77.19,106.02,0.98,88.35
Chennai,01-01-2024,142,78.1,153.36,117.86,161.88,1.49,134.9
Chennai,02-01-2024,101,55.55,109.08,83.83,115.14,1.06,95.95
Chennai,03-01-2024,119,65.45,128.52,98.77,135.66,1.25,113.05
Chennai,04-01-2024,107,58.85,115.56,88.81,121.98,1.12,101.65
Chennai,05-01-2024,92,50.6,99.36,76.36,104.88,0.97,87.4
Chennai,06-01-2024,71,39.05,76.68,58.93,80.94,0.75,67.45
Chennai,07-01-2024,66,36.3,71.28,54.78,75.24,0.69,62.7
Chennai,08-01-2024,67,36.85,72.36,55.61,76.38,0.7,63.65
Chennai,09-01-2024,80,44,86.4,66.4,91.2,0.84,76
Chennai,10-01-2024,81,44.55,87.48,67.23,92.34,0.85,76.95
Chennai,11-01-2024,94,51.7,101.52,78.02,107.16,0.99,89.3
Chennai,12-01-2024,114,62.7,123.12,94.62,129.96,1.2,108.3
Chennai,13-01-2024,136,74.8,146.88,112.88,155.04,1.43,129.2
Chennai,14-01-2024,231,127.05,249.48,191.73,263.34,2.43,219.45
Chennai,15-01-2024,176,96.8,190.08,146.08,200.64,1.85,167.2
Chennai,16-01-2024,113,62.15,122.04,93.79,128.82,1.19,107.35
Chennai,17-01-2024,78,42.9,84.24,64.74,88.92,0.82,74.1
Chennai,18-01-2024,76,41.8,82.08,63.08,86.64,0.8,72.2
Chennai,19-01-2024,74,40.7,79.92,61.42,84.36,0.78,70.3
Chennai,20-01-2024,81,44.55,87.48,67.23,92.34,0.85,76.95
Chennai,21-01-2024,79,43.45,85.32,65.57,90.06,0.83,75.05
Chennai,22-01-2024,72,39.6,77.76,59.76,82.08,0.76,68.4
Chennai,23-01-2024,99,54.45,106.92,82.17,112.86,1.04,94.05
Chennai,24-01-2024,123,67.65,132.84,102.09,140.22,1.29,116.85
Chennai,25-01-2024,108,59.4,116.64,89.64,123.12,1.13,102.6
Chennai,26-01-2024,108,59.4,116.64,89.64,123.12,1.13,102.6
Chennai,27-01-2024,95,52.25,102.6,78.85,108.3,1,90.25
Chennai,28-01-2024,96,52.8,103.68,79.68,109.44,1.01,91.2
Chennai,29-01-2024,122,67.1,131.76,101.26,139.08,1.28,115.9
Chennai,30-01-2024,122,67.1,131.76,101.26,139.08,1.28,115.9
Chennai,31-01-2024,98,53.9,105.84,81.34,111.72,1.03,93.1
Chennai,01-02-2024,55,30.25,59.4,45.65,62.7,0.58,52.25
Chennai,02-02-2024,39,21.45,42.12,32.37,44.46,0.41,37.05
Chennai,03-02-2024,69,37.95,74.52,57.27,78.66,0.72,65.55
Chennai,04-02-2024,72,39.6,77.76,59.76,82.08,0.76,68.4
Chennai,05-02-2024,72,39.6,77.76,59.76,82.08,0.76,68.4
Chennai,06-02-2024,88,48.4,95.04,73.04,100.32,0.92,83.6
Chennai,07-02-2024,109,59.95,117.72,90.47,124.26,1.14,103.55
Chennai,08-02-2024,93,51.15,100.44,77.19,106.02,0.98,88.35
Chennai,09-02-2024,83,45.65,89.64,68.89,94.62,0.87,78.85
Chennai,10-02-2024,85,46.75,91.8,70.55,96.9,0.89,80.75
Chennai,11-02-2024,100,55,108,83,114,1.05,95
Chennai,12-02-2024,69,37.95,74.52,57.27,78.66,0.72,65.55
Chennai,13-02-2024,68,37.4,73.44,56.44,77.52,0.71,64.6
Chennai,14-02-2024,63,34.65,68.04,52.29,71.82,0.66,59.85
Chennai,15-02-2024,88,48.4,95.04,73.04,100.32,0.92,83.6
Chennai,16-02-2024,84,46.2,90.72,69.72,95.76,0.88,79.8
Chennai,17-02-2024,84,46.2,90.72,69.72,95.76,0.88,79.8
Chennai,18-02-2024,87,47.85,93.96,72.21,99.18,0.91,82.65
Chennai,19-02-2024,86,47.3,92.88,71.38,98.04,0.9,81.7
Chennai,20-02-2024,100,55,108,83,114,1.05,95
Chennai,21-02-2024,98,53.9,105.84,81.34,111.72,1.03,93.1
Chennai,22-02-2024,89,48.95,96.12,73.87,101.46,0.93,84.55
Chennai,23-02-2024,82,45.1,88.56,68.06,93.48,0.86,77.9
Chennai,24-02-2024,72,39.6,77.76,59.76,82.08,0.76,68.4
Chennai,25-02-2024,69,37.95,74.52,57.27,78.66,0.72,65.55
Chennai,26-02-2024,64,35.2,69.12,53.12,72.96,0.67,60.8
Chennai,27-02-2024,65,35.75,70.2,53.95,74.1,0.68,61.75
Chennai,28-02-2024,72,39.6,77.76,59.76,82.08,0.76,68.4
Chennai,29-02-2024,77,42.35,83.16,63.91,87.78,0.81,73.15
Chennai,01-03-2024,83,45.65,89.64,68.89,94.62,0.87,78.85
Chennai,02-03-2024,101,55.55,109.08,83.83,115.14,1.06,95.95
Chennai,03-03-2024,80,44,86.4,66.4,91.2,0.84,76
Chennai,04-03-2024,84,46.2,90.72,69.72,95.76,0.88,79.8
Chennai,05-03-2024,76,41.8,82.08,63.08,86.64,0.8,72.2
Chennai,06-03-2024,90,49.5,97.2,74.7,102.6,0.95,85.5
Chennai,07-03-2024,81,44.55,87.48,67.23,92.34,0.85,76.95
Chennai,08-03-2024,83,45.65,89.64,68.89,94.62,0.87,78.85
Chennai,09-03-2024,90,49.5,97.2,74.7,102.6,0.95,85.5
Chennai,10-03-2024,78,42.9,84.24,64.74,88.92,0.82,74.1
Chennai,11-03-2024,77,42.35,83.16,63.91,87.78,0.81,73.15
Chennai,12-03-2024,77,42.35,83.16,63.91,87.78,0.81,73.15
Chennai,13-03-2024,85,46.75,91.8,70.55,96.9,0.89,80.75
Chennai,14-03-2024,88,48.4,95.04,73.04,100.32,0.92,83.6
Chennai,15-03-2024,76,41.8,82.08,63.08,86.64,0.8,72.2
Chennai,16-03-2024,67,36.85,72.36,55.61,76.38,0.7,63.65
Chennai,17-03-2024,54,29.7,58.32,44.82,61.56,0.57,51.3
Chennai,18-03-2024,52,28.6,56.16,43.16,59.28,0.55,49.4
Chennai,19-03-2024,62,34.1,66.96,51.46,70.68,0.65,58.9
Chennai,20-03-2024,83,45.65,89.64,68.89,94.62,0.87,78.85
Chennai,21-03-2024,67,36.85,72.36,55.61,76.38,0.7,63.65
Chennai,22-03-2024,70,38.5,75.6,58.1,79.8,0.74,66.5
Chennai,23-03-2024,73,40.15,78.84,60.59,83.22,0.77,69.35
Chennai,24-03-2024,71,39.05,76.68,58.93,80.94,0.75,67.45
Chennai,25-03-2024,63,34.65,68.04,52.29,71.82,0.66,59.85
Chennai,26-03-2024,64,35.2,69.12,53.12,72.96,0.67,60.8
Chennai,27-03-2024,69,37.95,74.52,57.27,78.66,0.72,65.55
Chennai,28-03-2024,64,35.2,69.12,53.12,72.96,0.67,60.8
Chennai,29-03-2024,58,31.9,62.64,48.14,66.12,0.61,55.1
Chennai,30-03-2024,58,31.9,62.64,48.14,66.12,0.61,55.1
Chennai,31-03-2024,58,31.9,62.64,48.14,66.12,0.61,55.1
Chennai,01-04-2024,46,25.3,49.68,38.18,52.44,0.48,43.7
Chennai,02-04-2024,56,30.8,60.48,46.48,63.84,0.59,53.2
Chennai,03-04-2024,64,35.2,69.12,53.12,72.96,0.67,60.8
Chennai,04-04-2024,66,36.3,71.28,54.78,75.24,0.69,62.7
Chennai,05-04-2024,62,34.1,66.96,51.46,70.68,0.65,58.9
Chennai,06-04-2024,59,32.45,63.72,48.97,67.26,0.62,56.05
Chennai,07-04-2024,65,35.75,70.2,53.95,74.1,0.68,61.75
Chennai,08-04-2024,62,34.1,66.96,51.46,70.68,0.65,58.9
Chennai,09-04-2024,62,34.1,66.96,51.46,70.68,0.65,58.9
Chennai,10-04-2024,75,41.25,81,62.25,85.5,0.79,71.25
Chennai,11-04-2024,63,34.65,68.04,52.29,71.82,0.66,59.85
Chennai,12-04-2024,61,33.55,65.88,50.63,69.54,0.64,57.95
Chennai,13-04-2024,62,34.1,66.96,51.46,70.68,0.65,58.9
Chennai,14-04-2024,79,43.45,85.32,65.57,90.06,0.83,75.05
Chennai,15-04-2024,67,36.85,72.36,55.61,76.38,0.7,63.65
Chennai,16-04-2024,69,37.95,74.52,57.27,78.66,0.72,65.55
Chennai,17-04-2024,77,42.35,83.16,63.91,87.78,0.81,73.15
Chennai,18-04-2024,54,29.7,58.32,44.82,61.56,0.57,51.3
Chennai,19-04-2024,57,31.35,61.56,47.31,64.98,0.6,54.15
Chennai,20-04-2024,58,31.9,62.64,48.14,66.12,0.61,55.1
Chennai,21-04-2024,64,35.2,69.12,53.12,72.96,0.67,60.8
Chennai,22-04-2024,56,30.8,60.48,46.48,63.84,0.59,53.2
Chennai,23-04-2024,58,31.9,62.64,48.14,66.12,0.61,55.1
Chennai,24-04-2024,58,31.9,62.64,48.14,66.12,0.61,55.1
Chennai,25-04-2024,56,30.8,60.48,46.48,63.84,0.59,53.2
Chennai,26-04-2024,60,33,64.8,49.8,68.4,0.63,57
Chennai,27-04-2024,64,35.2,69.12,53.12,72.96,0.67,60.8
Chennai,28-04-2024,58,31.9,62.64,48.14,66.12,0.61,55.1
Chennai,29-04-2024,43,23.65,46.44,35.69,49.02,0.45,40.85
Chennai,30-04-2024,55,30.25,59.4,45.65,62.7,0.58,52.25
Chennai,01-05-2024,59,32.45,63.72,48.97,67.26,0.62,56.05
Chennai,02-05-2024,54,29.7,58.32,44.82,61.56,0.57,51.3
Chennai,03-05-2024,62,34.1,66.96,51.46,70.68,0.65,58.9
Chennai,04-05-2024,60,33,64.8,49.8,68.4,0.63,57
Chennai,05-05-2024,57,31.35,61.56,47.31,64.98,0.6,54.15
Chennai,06-05-2024,59,32.45,63.72,48.97,67.26,0.62,56.05
Chennai,07-05-2024,61,33.55,65.88,50.63,69.54,0.64,57.95
Chennai,08-05-2024,62,34.1,66.96,51.46,70.68,0.65,58.9
Chennai,09-05-2024,46,25.3,49.68,38.18,52.44,0.48,43.7
Chennai,10-05-2024,51,28.05,55.08,42.33,58.14,0.54,48.45
Chennai,11-05-2024,56,30.8,60.48,46.48,63.84,0.59,53.2
Chennai,12-05-2024,50,27.5,54,41.5,57,0.53,47.5
Chennai,13-05-2024,67,36.85,72.36,55.61,76.38,0.7,63.65
Chennai,14-05-2024,56,30.8,60.48,46.48,63.84,0.59,53.2
Chennai,15-05-2024,62,34.1,66.96,51.46,70.68,0.65,58.9
Chennai,16-05-2024,55,30.25,59.4,45.65,62.7,0.58,52.25
Chennai,17-05-2024,59,32.45,63.72,48.97,67.26,0.62,56.05
Chennai,18-05-2024,68,37.4,73.44,56.44,77.52,0.71,64.6
Chennai,19-05-2024,63,34.65,68.04,52.29,71.82,0.66,59.85
Chennai,20-05-2024,62,34.1,66.96,51.46,70.68,0.65,58.9
Chennai,21-05-2024,66,36.3,71.28,54.78,75.24,0.69,62.7
Chennai,22-05-2024,51,28.05,55.08,42.33,58.14,0.54,48.45
Chennai,23-05-2024,70,38.5,75.6,58.1,79.8,0.74,66.5
Chennai,24-05-2024,70,38.5,75.6,58.1,79.8,0.74,66.5
Chennai,25-05-2024,77,42.35,83.16,63.91,87.78,0.81,73.15
Chennai,26-05-2024,85,46.75,91.8,70.55,96.9,0.89,80.75
Chennai,27-05-2024,86,47.3,92.88,71.38,98.04,0.9,81.7
Chennai,28-05-2024,97,53.35,104.76,80.51,110.58,1.02,92.15
Chennai,29-05-2024,102,56.1,110.16,84.66,116.28,1.07,96.9
Chennai,30-05-2024,84,46.2,90.72,69.72,95.76,0.88,79.8
Chennai,31-05-2024,85,46.75,91.8,70.55,96.9,0.89,80.75
Chennai,01-06-2024,74,40.7,79.92,61.42,84.36,0.78,70.3
Chennai,02-06-2024,65,35.75,70.2,53.95,74.1,0.68,61.75
Chennai,03-06-2024,65,35.75,70.2,53.95,74.1,0.68,61.75
Chennai,04-06-2024,65,35.75,70.2,53.95,74.1,0.68,61.75
Chennai,05-06-2024,59,32.45,63.72,48.97,67.26,0.62,56.05
Chennai,06-06-2024,59,32.45,63.72,48.97,67.26,0.62,56.05
Chennai,07-06-2024,62,34.1,66.96,51.46,70.68,0.65,58.9
Chennai,08-06-2024,99,54.45,106.92,82.17,112.86,1.04,94.05
Chennai,09-06-2024,65,35.75,70.2,53.95,74.1,0.68,61.75
Chennai,10-06-2024,97,53.35,104.76,80.51,110.58,1.02,92.15
Chennai,11-06-2024,74,40.7,79.92,61.42,84.36,0.78,70.3
Chennai,12-06-2024,64,35.2,69.12,53.12,72.96,0.67,60.8
Chennai,13-06-2024,72,39.6,77.76,59.76,82.08,0.76,68.4
Chennai,14-06-2024,65,35.75,70.2,53.95,74.1,0.68,61.75
Chennai,15-06-2024,76,41.8,82.08,63.08,86.64,0.8,72.2
Chennai,16-06-2024,77,42.35,83.16,63.91,87.78,0.81,73.15
Chennai,17-06-2024,62,34.1,66.96,51.46,70.68,0.65,58.9
Chennai,18-06-2024,64,35.2,69.12,53.12,72.96,0.67,60.8
Chennai,19-06-2024,60,33,64.8,49.8,68.4,0.63,57
Chennai,20-06-2024,54,29.7,58.32,44.82,61.56,0.57,51.3
Chennai,21-06-2024,58,31.9,62.64,48.14,66.12,0.61,55.1
Chennai,22-06-2024,60,33,64.8,49.8,68.4,0.63,57
Chennai,23-06-2024,57,31.35,61.56,47.31,64.98,0.6,54.15
Chennai,24-06-2024,59,32.45,63.72,48.97,67.26,0.62,56.05
Chennai,25-06-2024,65,35.75,70.2,53.95,74.1,0.68,61.75
Chennai,26-06-2024,61,33.55,65.88,50.63,69.54,0.64,57.95
Chennai,27-06-2024,60,33,64.8,49.8,68.4,0.63,57
Chennai,28-06-2024,59,32.45,63.72,48.97,67.26,0.62,56.05
Chennai,29-06-2024,68,37.4,73.44,56.44,77.52,0.71,64.6
Chennai,30-06-2024,67,36.85,72.36,55.61,76.38,0.7,63.65
Chennai,01-07-2024,57,31.35,61.56,47.31,64.98,0.6,54.15
Chennai,02-07-2024,70,38.5,75.6,58.1,79.8,0.74,66.5
Chennai,03-07-2024,72,39.6,77.76,59.76,82.08,0.76,68.4
Chennai,04-07-2024,57,31.35,61.56,47.31,64.98,0.6,54.15
Chennai,05-07-2024,63,34.65,68.04,52.29,71.82,0.66,59.85
Chennai,06-07-2024,71,39.05,76.68,58.93,80.94,0.75,67.45
Chennai,07-07-2024,59,32.45,63.72,48.97,67.26,0.62,56.05
Chennai,08-07-2024,48,26.4,51.84,39.84,54.72,0.5,45.6
Chennai,09-07-2024,57,31.35,61.56,47.31,64.98,0.6,54.15
Chennai,10-07-2024,68,37.4,73.44,56.44,77.52,0.71,64.6
Chennai,11-07-2024,69,37.95,74.52,57.27,78.66,0.72,65.55
Chennai,12-07-2024,73,40.15,78.84,60.59,83.22,0.77,69.35
Chennai,13-07-2024,54,29.7,58.32,44.82,61.56,0.57,51.3
Chennai,14-07-2024,63,34.65,68.04,52.29,71.82,0.66,59.85
Chennai,15-07-2024,54,29.7,58.32,44.82,61.56,0.57,51.3
Chennai,16-07-2024,48,26.4,51.84,39.84,54.72,0.5,45.6
Chennai,17-07-2024,67,36.85,72.36,55.61,76.38,0.7,63.65
Chennai,18-07-2024,62,34.1,66.96,51.46,70.68,0.65,58.9
Chennai,19-07-2024,68,37.4,73.44,56.44,77.52,0.71,64.6
Chennai,20-07-2024,69,37.95,74.52,57.27,78.66,0.72,65.55
Chennai,21-07-2024,95,52.25,102.6,78.85,108.3,1,90.25
Chennai,22-07-2024,94,51.7,101.52,78.02,107.16,0.99,89.3
Chennai,23-07-2024,93,51.15,100.44,77.19,106.02,0.98,88.35
Chennai,24-07-2024,69,37.95,74.52,57.27,78.66,0.72,65.55
Chennai,25-07-2024,68,37.4,73.44,56.44,77.52,0.71,64.6
Chennai,26-07-2024,73,40.15,78.84,60.59,83.22,0.77,69.35
Chennai,27-07-2024,77,42.35,83.16,63.91,87.78,0.81,73.15
Chennai,28-07-2024,78,42.9,84.24,64.74,88.92,0.82,74.1
Chennai,29-07-2024,80,44,86.4,66.4,91.2,0.84,76
Chennai,30-07-2024,77,42.35,83.16,63.91,87.78,0.81,73.15
Chennai,31-07-2024,75,41.25,81,62.25,85.5,0.79,71.25
Chennai,01-08-2024,78,42.9,84.24,64.74,88.92,0.82,74.1
Chennai,02-08-2024,89,48.95,96.12,73.87,101.46,0.93,84.55
Chennai,03-08-2024,72,39.6,77.76,59.76,82.08,0.76,68.4
Chennai,04-08-2024,60,33,64.8,49.8,68.4,0.63,57
Chennai,05-08-2024,65,35.75,70.2,53.95,74.1,0.68,61.75
Chennai,06-08-2024,72,39.6,77.76,59.76,82.08,0.76,68.4
Chennai,07-08-2024,68,37.4,73.44,56.44,77.52,0.71,64.6
Chennai,08-08-2024,64,35.2,69.12,53.12,72.96,0.67,60.8
Chennai,09-08-2024,55,30.25,59.4,45.65,62.7,0.58,52.25
Chennai,10-08-2024,72,39.6,77.76,59.76,82.08,0.76,68.4
Chennai,11-08-2024,72,39.6,77.76,59.76,82.08,0.76,68.4
Chennai,12-08-2024,72,39.6,77.76,59.76,82.08,0.76,68.4
Chennai,13-08-2024,75,41.25,81,62.25,85.5,0.79,71.25
Chennai,14-08-2024,76,41.8,82.08,63.08,86.64,0.8,72.2
Chennai,15-08-2024,81,44.55,87.48,67.23,92.34,0.85,76.95
Chennai,16-08-2024,62,34.1,66.96,51.46,70.68,0.65,58.9
Chennai,17-08-2024,66,36.3,71.28,54.78,75.24,0.69,62.7
Chennai,18-08-2024,82,45.1,88.56,68.06,93.48,0.86,77.9
Chennai,19-08-2024,65,35.75,70.2,53.95,74.1,0.68,61.75
Chennai,20-08-2024,60,33,64.8,49.8,68.4,0.63,57
Chennai,21-08-2024,82,45.1,88.56,68.06,93.48,0.86,77.9
Chennai,22-08-2024,51,28.05,55.08,42.33,58.14,0.54,48.45
Chennai,23-08-2024,53,29.15,57.24,43.99,60.42,0.56,50.35
Chennai,24-08-2024,49,26.95,52.92,40.67,55.86,0.51,46.55
Chennai,25-08-2024,59,32.45,63.72,48.97,67.26,0.62,56.05
Chennai,26-08-2024,47,25.85,50.76,39.01,53.58,0.49,44.65
Chennai,27-08-2024,51,28.05,55.08,42.33,58.14,0.54,48.45
Chennai,28-08-2024,49,26.95,52.92,40.67,55.86,0.51,46.55
Chennai,29-08-2024,47,25.85,50.76,39.01,53.58,0.49,44.65
Chennai,30-08-2024,45,24.75,48.6,37.35,51.3,0.47,42.75
Chennai,31-08-2024,41,22.55,44.28,34.03,46.74,0.43,38.95
Chennai,01-09-2024,44,24.2,47.52,36.52,50.16,0.46,41.8
Chennai,02-09-2024,42,23.1,45.36,34.86,47.88,0.44,39.9
Chennai,03-09-2024,50,27.5,54,41.5,57,0.53,47.5
Chennai,04-09-2024,44,24.2,47.52,36.52,50.16,0.46,41.8
Chennai,05-09-2024,62,34.1,66.96,51.46,70.68,0.65,58.9
Chennai,06-09-2024,55,30.25,59.4,45.65,62.7,0.58,52.25
Chennai,07-09-2024,67,36.85,72.36,55.61,76.38,0.7,63.65
Chennai,08-09-2024,48,26.4,51.84,39.84,54.72,0.5,45.6
Chennai,09-09-2024,56,30.8,60.48,46.48,63.84,0.59,53.2
Chennai,10-09-2024,55,30.25,59.4,45.65,62.7,0.58,52.25
Chennai,11-09-2024,62,34.1,66.96,51.46,70.68,0.65,58.9
Chennai,12-09-2024,58,31.9,62.64,48.14,66.12,0.61,55.1
Chennai,13-09-2024,53,29.15,57.24,43.99,60.42,0.56,50.35
Chennai,14-09-2024,51,28.05,55.08,42.33,58.14,0.54,48.45
Chennai,15-09-2024,50,27.5,54,41.5,57,0.53,47.5
Chennai,16-09-2024,47,25.85,50.76,39.01,53.58,0.49,44.65
Chennai,17-09-2024,51,28.05,55.08,42.33,58.14,0.54,48.45
Chennai,18-09-2024,49,26.95,52.92,40.67,55.86,0.51,46.55
Chennai,19-09-2024,72,39.6,77.76,59.76,82.08,0.76,68.4
Chennai,20-09-2024,92,50.6,99.36,76.36,104.88,0.97,87.4
Chennai,21-09-2024,63,34.65,68.04,52.29,71.82,0.66,59.85
Chennai,22-09-2024,56,30.8,60.48,46.48,63.84,0.59,53.2
Chennai,23-09-2024,51,28.05,55.08,42.33,58.14,0.54,48.45
Chennai,24-09-2024,59,32.45,63.72,48.97,67.26,0.62,56.05
Chennai,25-09-2024,58,31.9,62.64,48.14,66.12,0.61,55.1
Chennai,26-09-2024,56,30.8,60.48,46.48,63.84,0.59,53.2
Chennai,27-09-2024,67,36.85,72.36,55.61,76.38,0.7,63.65
Chennai,28-09-2024,72,39.6,77.76,59.76,82.08,0.76,68.4
Chennai,29-09-2024,51,28.05,55.08,42.33,58.14,0.54,48.45
Chennai,30-09-2024,44,24.2,47.52,36.52,50.16,0.46,41.8
Chennai,01-10-2024,46,25.3,49.68,38.18,52.44,0.48,43.7
Chennai,02-10-2024,55,30.25,59.4,45.65,62.7,0.58,52.25
Chennai,03-10-2024,52,28.6,56.16,43.16,59.28,0.55,49.4
Chennai,04-10-2024,69,37.95,74.52,57.27,78.66,0.72,65.55
Chennai,05-10-2024,58,31.9,62.64,48.14,66.12,0.61,55.1
Chennai,06-10-2024,70,38.5,75.6,58.1,79.8,0.74,66.5
Chennai,07-10-2024,51,28.05,55.08,42.33,58.14,0.54,48.45
Chennai,08-10-2024,44,24.2,47.52,36.52,50.16,0.46,41.8
Chennai,09-10-2024,35,19.25,37.8,29.05,39.9,0.37,33.25
Chennai,10-10-2024,37,20.35,39.96,30.71,42.18,0.39,35.15
Chennai,11-10-2024,51,28.05,55.08,42.33,58.14,0.54,48.45
Chennai,12-10-2024,30,16.5,32.4,24.9,34.2,0.32,28.5
Chennai,13-10-2024,30,16.5,32.4,24.9,34.2,0.32,28.5
Chennai,14-10-2024,36,19.8,38.88,29.88,41.04,0.38,34.2
Chennai,15-10-2024,45,24.75,48.6,37.35,51.3,0.47,42.75
Chennai,16-10-2024,50,27.5,54,41.5,57,0.53,47.5
Chennai,17-10-2024,43,23.65,46.44,35.69,49.02,0.45,40.85
Chennai,18-10-2024,66,36.3,71.28,54.78,75.24,0.69,62.7
Chennai,19-10-2024,64,35.2,69.12,53.12,72.96,0.67,60.8
Chennai,20-10-2024,51,28.05,55.08,42.33,58.14,0.54,48.45
Chennai,21-10-2024,44,24.2,47.52,36.52,50.16,0.46,41.8
Chennai,22-10-2024,55,30.25,59.4,45.65,62.7,0.58,52.25
Chennai,23-10-2024,69,37.95,74.52,57.27,78.66,0.72,65.55
Chennai,24-10-2024,102,56.1,110.16,84.66,116.28,1.07,96.9
Chennai,25-10-2024,102,56.1,110.16,84.66,116.28,1.07,96.9
Chennai,26-10-2024,92,50.6,99.36,76.36,104.88,0.97,87.4
Chennai,27-10-2024,119,65.45,128.52,98.77,135.66,1.25,113.05
Chennai,28-10-2024,131,72.05,141.48,108.73,149.34,1.38,124.45
Chennai,29-10-2024,90,49.5,97.2,74.7,102.6,0.95,85.5
Chennai,30-10-2024,117,64.35,126.36,97.11,133.38,1.23,111.15
Chennai,31-10-2024,213,117.15,230.04,176.79,242.82,2.24,202.35
Chennai,01-11-2024,142,78.1,153.36,117.86,161.88,1.49,134.9
Chennai,02-11-2024,71,39.05,76.68,58.93,80.94,0.75,67.45
Chennai,03-11-2024,72,39.6,77.76,59.76,82.08,0.76,68.4
Chennai,04-11-2024,56,30.8,60.48,46.48,63.84,0.59,53.2
Chennai,05-11-2024,90,49.5,97.2,74.7,102.6,0.95,85.5
Chennai,06-11-2024,107,58.85,115.56,88.81,121.98,1.12,101.65
Chennai,07-11-2024,51,28.05,55.08,42.33,58.14,0.54,48.45
Chennai,08-11-2024,50,27.5,54,41.5,57,0.53,47.5
Chennai,09-11-2024,57,31.35,61.56,47.31,64.98,0.6,54.15
Chennai,10-11-2024,85,46.75,91.8,70.55,96.9,0.89,80.75
Chennai,11-11-2024,99,54.45,106.92,82.17,112.86,1.04,94.05
Chennai,12-11-2024,60,33,64.8,49.8,68.4,0.63,57
Chennai,13-11-2024,42,23.1,45.36,34.86,47.88,0.44,39.9
Chennai,14-11-2024,44,24.2,47.52,36.52,50.16,0.46,41.8
Chennai,15-11-2024,45,24.75,48.6,37.35,51.3,0.47,42.75
Chennai,16-11-2024,53,29.15,57.24,43.99,60.42,0.56,50.35
Chennai,17-11-2024,124,68.2,133.92,102.92,141.36,1.3,117.8
Chennai,18-11-2024,124,68.2,133.92,102.92,141.36,1.3,117.8
Chennai,19-11-2024,126,69.3,136.08,104.58,143.64,1.32,119.7
Chennai,20-11-2024,112,61.6,120.96,92.96,127.68,1.18,106.4
Chennai,21-11-2024,114,62.7,123.12,94.62,129.96,1.2,108.3
Chennai,22-11-2024,134,73.7,144.72,111.22,152.76,1.41,127.3
Chennai,23-11-2024,138,75.9,149.04,114.54,157.32,1.45,131.1
Chennai,24-11-2024,88,48.4,95.04,73.04,100.32,0.92,83.6
Chennai,25-11-2024,114,62.7,123.12,94.62,129.96,1.2,108.3
Chennai,26-11-2024,129,70.95,139.32,107.07,147.06,1.35,122.55
Chennai,27-11-2024,133,73.15,143.64,110.39,151.62,1.4,126.35
Chennai,28-11-2024,134,73.7,144.72,111.22,152.76,1.41,127.3
Chennai,29-11-2024,103,56.65,111.24,85.49,117.42,1.08,97.85
Chennai,30-11-2024,64,35.2,69.12,53.12,72.96,0.67,60.8
Chennai,01-12-2024,24,13.2,25.92,19.92,27.36,0.25,22.8
Chennai,02-12-2024,40,22,43.2,33.2,45.6,0.42,38
Chennai,03-12-2024,53,29.15,57.24,43.99,60.42,0.56,50.35
Chennai,04-12-2024,45,24.75,48.6,37.35,51.3,0.47,42.75
Chennai,05-12-2024,38,20.9,41.04,31.54,43.32,0.4,36.1
Chennai,06-12-2024,56,30.8,60.48,46.48,63.84,0.59,53.2
Chennai,07-12-2024,44,24.2,47.52,36.52,50.16,0.46,41.8
Chennai,08-12-2024,49,26.95,52.92,40.67,55.86,0.51,46.55
Chennai,09-12-2024,75,41.25,81,62.25,85.5,0.79,71.25
Chennai,10-12-2024,89,48.95,96.12,73.87,101.46,0.93,84.55
Chennai,11-12-2024,76,41.8,82.08,63.08,86.64,0.8,72.2
Chennai,12-12-2024,46,25.3,49.68,38.18,52.44,0.48,43.7
Chennai,13-12-2024,80,44,86.4,66.4,91.2,0.84,76
Chennai,14-12-2024,96,52.8,103.68,79.68,109.44,1.01,91.2
Chennai,15-12-2024,81,44.55,87.48,67.23,92.34,0.85,76.95
Chennai,16-12-2024,99,54.45,106.92,82.17,112.86,1.04,94.05
Chennai,17-12-2024,97,53.35,104.76,80.51,110.58,1.02,92.15
Chennai,18-12-2024,120,66,129.6,99.6,136.8,1.26,114
Chennai,19-12-2024,85,46.75,91.8,70.55,96.9,0.89,80.75
Chennai,20-12-2024,47,25.85,50.76,39.01,53.58,0.49,44.65
Chennai,21-12-2024,50,27.5,54,41.5,57,0.53,47.5
Chennai,22-12-2024,41,22.55,44.28,34.03,46.74,0.43,38.95
Chennai,23-12-2024,46,25.3,49.68,38.18,52.44,0.48,43.7
Chennai,24-12-2024,39,21.45,42.12,32.37,44.46,0.41,37.05
Chennai,25-12-2024,44,24.2,47.52,36.52,50.16,0.46,41.8
Chennai,26-12-2024,41,22.55,44.28,34.03,46.74,0.43,38.95
Chennai,27-12-2024,36,19.8,38.88,29.88,41.04,0.38,34.2
Chennai,28-12-2024,55,30.25,59.4,45.65,62.7,0.58,52.25
Chennai,29-12-2024,79,43.45,85.32,65.57,90.06,0.83,75.05
Chennai,30-12-2024,96,52.8,103.68,79.68,109.44,1.01,91.2
Chennai,31-12-2024,104,57.2,112.32,86.32,118.56,1.09,98.8
