City,Date,AQI,PM2.5,PM10,NO2,SO2,CO,O3
Delhi,01-01-2018,406,223.3,438.48,336.98,462.84,4.26,385.7
Delhi,02-01-2018,418,229.9,451.44,346.94,476.52,4.39,397.1
Delhi,03-01-2018,382,210.1,412.56,317.06,435.48,4.01,362.9
Delhi,04-01-2018,366,201.3,395.28,303.78,417.24,3.84,347.7
Delhi,05-01-2018,390,214.5,421.2,323.7,444.6,4.1,370.5
Delhi,06-01-2018,405,222.75,437.4,336.15,461.7,4.25,384.75
Delhi,07-01-2018,355,195.25,383.4,294.65,404.7,3.73,337.25
Delhi,08-01-2018,288,158.4,311.04,239.04,328.32,3.02,273.6
Delhi,09-01-2018,359,197.45,387.72,297.97,409.26,3.77,341.05
Delhi,10-01-2018,352,193.6,380.16,292.16,401.28,3.7,334.4
Delhi,11-01-2018,309,169.95,333.72,256.47,352.26,3.24,293.55
Delhi,12-01-2018,298,163.9,321.84,247.34,339.72,3.13,283.1
Delhi,13-01-2018,359,197.45,387.72,297.97,409.26,3.77,341.05
Delhi,14-01-2018,321,176.55,346.68,266.43,365.94,3.37,304.95
Delhi,15-01-2018,331,182.05,357.48,274.73,377.34,3.48,314.45
Delhi,16-01-2018,255,140.25,275.4,211.65,290.7,2.68,242.25
Delhi,17-01-2018,353,194.15,381.24,292.99,402.42,3.71,335.35
Delhi,18-01-2018,400,220,432,332,456,4.2,380
Delhi,19-01-2018,406,223.3,438.48,336.98,462.84,4.26,385.7
Delhi,20-01-2018,323,177.65,348.84,268.09,368.22,3.39,306.85
Delhi,21-01-2018,276,151.8,298.08,229.08,314.64,2.9,262.2
Delhi,22-01-2018,342,188.1,369.36,283.86,389.88,3.59,324.9
Delhi,23-01-2018,324,178.2,349.92,268.92,369.36,3.4,307.8
Delhi,24-01-2018,270,148.5,291.6,224.1,307.8,2.84,256.5
Delhi,25-01-2018,243,133.65,262.44,201.69,277.02,2.55,230.85
Delhi,26-01-2018,261,143.55,281.88,216.63,297.54,2.74,247.95
Delhi,27-01-2018,286,157.3,308.88,237.38,326.04,3,271.7
Delhi,28-01-2018,300,165,324,249,342,3.15,285
Delhi,29-01-2018,302,166.1,326.16,250.66,344.28,3.17,286.9
Delhi,30-01-2018,270,148.5,291.6,224.1,307.8,2.84,256.5
Delhi,31-01-2018,244,134.2,263.52,202.52,278.16,2.56,231.8
Delhi,01-02-2018,274,150.7,295.92,227.42,312.36,2.88,260.3
Delhi,02-02-2018,293,161.15,316.44,243.19,334.02,3.08,278.35
Delhi,03-02-2018,243,133.65,262.44,201.69,277.02,2.55,230.85
Delhi,04-02-2018,256,140.8,276.48,212.48,291.84,2.69,243.2
Delhi,05-02-2018,291,160.05,314.28,241.53,331.74,3.06,276.45
Delhi,06-02-2018,287,157.85,309.96,238.21,327.18,3.01,272.65
Delhi,07-02-2018,261,143.55,281.88,216.63,297.54,2.74,247.95
Delhi,08-02-2018,308,169.4,332.64,255.64,351.12,3.23,292.6
Delhi,09-02-2018,335,184.25,361.8,278.05,381.9,3.52,318.25
Delhi,10-02-2018,341,187.55,368.28,283.03,388.74,3.58,323.95
Delhi,11-02-2018,304,167.2,328.32,252.32,346.56,3.19,288.8
Delhi,12-02-2018,178,97.9,192.24,147.74,202.92,1.87,169.1
Delhi,13-02-2018,191,105.05,206.28,158.53,217.74,2.01,181.45
Delhi,14-02-2018,187,102.85,201.96,155.21,213.18,1.96,177.65
Delhi,15-02-2018,187,102.85,201.96,155.21,213.18,1.96,177.65
Delhi,16-02-2018,235,129.25,253.8,195.05,267.9,2.47,223.25
Delhi,17-02-2018,256,140.8,276.48,212.48,291.84,2.69,243.2
Delhi,18-02-2018,257,141.35,277.56,213.31,292.98,2.7,244.15
Delhi,19-02-2018,294,161.7,317.52,244.02,335.16,3.09,279.3
Delhi,20-02-2018,296,162.8,319.68,245.68,337.44,3.11,281.2
Delhi,21-02-2018,308,169.4,332.64,255.64,351.12,3.23,292.6
Delhi,22-02-2018,300,165,324,249,342,3.15,285
Delhi,23-02-2018,302,166.1,326.16,250.66,344.28,3.17,286.9
Delhi,24-02-2018,320,176,345.6,265.6,364.8,3.36,304
Delhi,25-02-2018,266,146.3,287.28,220.78,303.24,2.79,252.7
Delhi,26-02-2018,156,85.8,168.48,129.48,177.84,1.64,148.2
Delhi,27-02-2018,160,88,172.8,132.8,182.4,1.68,152
Delhi,28-02-2018,272,149.6,293.76,225.76,310.08,2.86,258.4
Delhi,01-03-2018,257,141.35,277.56,213.31,292.98,2.7,244.15
Delhi,02-03-2018,260,143,280.8,215.8,296.4,2.73,247
Delhi,03-03-2018,203,111.65,219.24,168.49,231.42,2.13,192.85
Delhi,04-03-2018,178,97.9,192.24,147.74,202.92,1.87,169.1
Delhi,05-03-2018,172,94.6,185.76,142.76,196.08,1.81,163.4
Delhi,06-03-2018,167,91.85,180.36,138.61,190.38,1.75,158.65
Delhi,07-03-2018,185,101.75,199.8,153.55,210.9,1.94,175.75
Delhi,08-03-2018,245,134.75,264.6,203.35,279.3,2.57,232.75
Delhi,09-03-2018,280,154,302.4,232.4,319.2,2.94,266
Delhi,10-03-2018,170,93.5,183.6,141.1,193.8,1.79,161.5
Delhi,11-03-2018,170,93.5,183.6,141.1,193.8,1.79,161.5
Delhi,12-03-2018,214,117.7,231.12,177.62,243.96,2.25,203.3
Delhi,13-03-2018,217,119.35,234.36,180.11,247.38,2.28,206.15
Delhi,14-03-2018,267,146.85,288.36,221.61,304.38,2.8,253.65
Delhi,15-03-2018,297,163.35,320.76,246.51,338.58,3.12,282.15
Delhi,16-03-2018,256,140.8,276.48,212.48,291.84,2.69,243.2
Delhi,17-03-2018,186,102.3,200.88,154.38,212.04,1.95,176.7
Delhi,18-03-2018,169,92.95,182.52,140.27,192.66,1.77,160.55
Delhi,19-03-2018,173,95.15,186.84,143.59,197.22,1.82,164.35
Delhi,20-03-2018,217,119.35,234.36,180.11,247.38,2.28,206.15
Delhi,21-03-2018,289,158.95,312.12,239.87,329.46,3.03,274.55
Delhi,22-03-2018,186,102.3,200.88,154.38,212.04,1.95,176.7
Delhi,23-03-2018,151,83.05,163.08,125.33,172.14,1.59,143.45
Delhi,24-03-2018,175,96.25,189,145.25,199.5,1.84,166.25
Delhi,25-03-2018,195,107.25,210.6,161.85,222.3,2.05,185.25
Delhi,26-03-2018,183,100.65,197.64,151.89,208.62,1.92,173.85
Delhi,27-03-2018,230,126.5,248.4,190.9,262.2,2.42,218.5
Delhi,28-03-2018,255,140.25,275.4,211.65,290.7,2.68,242.25
Delhi,29-03-2018,213,117.15,230.04,176.79,242.82,2.24,202.35
Delhi,30-03-2018,218,119.9,235.44,180.94,248.52,2.29,207.1
Delhi,31-03-2018,256,140.8,276.48,212.48,291.84,2.69,243.2
Delhi,01-04-2018,195,107.25,210.6,161.85,222.3,2.05,185.25
Delhi,02-04-2018,219,120.45,236.52,181.77,249.66,2.3,208.05
Delhi,03-04-2018,207,113.85,223.56,171.81,235.98,2.17,196.65
Delhi,04-04-2018,203,111.65,219.24,168.49,231.42,2.13,192.85
Delhi,05-04-2018,290,159.5,313.2,240.7,330.6,3.05,275.5
Delhi,06-04-2018,208,114.4,224.64,172.64,237.12,2.18,197.6
Delhi,07-04-2018,143,78.65,154.44,118.69,163.02,1.5,135.85
Delhi,08-04-2018,141,77.55,152.28,117.03,160.74,1.48,133.95
Delhi,09-04-2018,120,66,129.6,99.6,136.8,1.26,114
Delhi,10-04-2018,230,126.5,248.4,190.9,262.2,2.42,218.5
Delhi,11-04-2018,141,77.55,152.28,117.03,160.74,1.48,133.95
Delhi,12-04-2018,99,54.45,106.92,82.17,112.86,1.04,94.05
Delhi,13-04-2018,188,103.4,203.04,156.04,214.32,1.97,178.6
Delhi,14-04-2018,217,119.35,234.36,180.11,247.38,2.28,206.15
Delhi,15-04-2018,224,123.2,241.92,185.92,255.36,2.35,212.8
Delhi,16-04-2018,285,156.75,307.8,236.55,324.9,2.99,270.75
Delhi,17-04-2018,244,134.2,263.52,202.52,278.16,2.56,231.8
Delhi,18-04-2018,228,125.4,246.24,189.24,259.92,2.39,216.6
Delhi,19-04-2018,244,134.2,263.52,202.52,278.16,2.56,231.8
Delhi,20-04-2018,246,135.3,265.68,204.18,280.44,2.58,233.7
Delhi,21-04-2018,356,195.8,384.48,295.48,405.84,3.74,338.2
Delhi,22-04-2018,211,116.05,227.88,175.13,240.54,2.22,200.45
Delhi,23-04-2018,160,88,172.8,132.8,182.4,1.68,152
Delhi,24-04-2018,254,139.7,274.32,210.82,289.56,2.67,241.3
Delhi,25-04-2018,266,146.3,287.28,220.78,303.24,2.79,252.7
Delhi,26-04-2018,313,172.15,338.04,259.79,356.82,3.29,297.35
Delhi,27-04-2018,310,170.5,334.8,257.3,353.4,3.26,294.5
Delhi,28-04-2018,301,165.55,325.08,249.83,343.14,3.16,285.95
Delhi,29-04-2018,248,136.4,267.84,205.84,282.72,2.6,235.6
Delhi,30-04-2018,209,114.95,225.72,173.47,238.26,2.19,198.55
Delhi,01-05-2018,177,97.35,191.16,146.91,201.78,1.86,168.15
Delhi,02-05-2018,153,84.15,165.24,126.99,174.42,1.61,145.35
Delhi,03-05-2018,160,88,172.8,132.8,182.4,1.68,152
Delhi,04-05-2018,139,76.45,150.12,115.37,158.46,1.46,132.05
Delhi,05-05-2018,173,95.15,186.84,143.59,197.22,1.82,164.35
Delhi,06-05-2018,269,147.95,290.52,223.27,306.66,2.82,255.55
Delhi,07-05-2018,211,116.05,227.88,175.13,240.54,2.22,200.45
Delhi,08-05-2018,208,114.4,224.64,172.64,237.12,2.18,197.6
Delhi,09-05-2018,163,89.65,176.04,135.29,185.82,1.71,154.85
Delhi,10-05-2018,190,104.5,205.2,157.7,216.6,2,180.5
Delhi,11-05-2018,256,140.8,276.48,212.48,291.84,2.69,243.2
Delhi,12-05-2018,304,167.2,328.32,252.32,346.56,3.19,288.8
Delhi,13-05-2018,215,118.25,232.2,178.45,245.1,2.26,204.25
Delhi,14-05-2018,130,71.5,140.4,107.9,148.2,1.37,123.5
Delhi,15-05-2018,164,90.2,177.12,136.12,186.96,1.72,155.8
Delhi,16-05-2018,190,104.5,205.2,157.7,216.6,2,180.5
Delhi,17-05-2018,243,133.65,262.44,201.69,277.02,2.55,230.85
Delhi,18-05-2018,225,123.75,243,186.75,256.5,2.36,213.75
Delhi,19-05-2018,242,133.1,261.36,200.86,275.88,2.54,229.9
Delhi,20-05-2018,199,109.45,214.92,165.17,226.86,2.09,189.05
Delhi,21-05-2018,183,100.65,197.64,151.89,208.62,1.92,173.85
Delhi,22-05-2018,212,116.6,228.96,175.96,241.68,2.23,201.4
Delhi,23-05-2018,301,165.55,325.08,249.83,343.14,3.16,285.95
Delhi,24-05-2018,252,138.6,272.16,209.16,287.28,2.65,239.4
Delhi,25-05-2018,251,138.05,271.08,208.33,286.14,2.64,238.45
Delhi,26-05-2018,235,129.25,253.8,195.05,267.9,2.47,223.25
Delhi,27-05-2018,277,152.35,299.16,229.91,315.78,2.91,263.15
Delhi,28-05-2018,275,151.25,297,228.25,313.5,2.89,261.25
Delhi,29-05-2018,285,156.75,307.8,236.55,324.9,2.99,270.75
Delhi,30-05-2018,281,154.55,303.48,233.23,320.34,2.95,266.95
Delhi,31-05-2018,208,114.4,224.64,172.64,237.12,2.18,197.6
Delhi,01-06-2018,198,108.9,213.84,164.34,225.72,2.08,188.1
Delhi,02-06-2018,173,95.15,186.84,143.59,197.22,1.82,164.35
Delhi,03-06-2018,174,95.7,187.92,144.42,198.36,1.83,165.3
Delhi,04-06-2018,183,100.65,197.64,151.89,208.62,1.92,173.85
Delhi,05-06-2018,169,92.95,182.52,140.27,192.66,1.77,160.55
Delhi,06-06-2018,136,74.8,146.88,112.88,155.04,1.43,129.2
Delhi,07-06-2018,164,90.2,177.12,136.12,186.96,1.72,155.8
Delhi,08-06-2018,179,98.45,193.32,148.57,204.06,1.88,170.05
Delhi,09-06-2018,127,69.85,137.16,105.41,144.78,1.33,120.65
Delhi,10-06-2018,158,86.9,170.64,131.14,180.12,1.66,150.1
Delhi,11-06-2018,183,100.65,197.64,151.89,208.62,1.92,173.85
Delhi,12-06-2018,296,162.8,319.68,245.68,337.44,3.11,281.2
Delhi,13-06-2018,445,244.75,480.6,369.35,507.3,4.67,422.75
Delhi,14-06-2018,431,237.05,465.48,357.73,491.34,4.53,409.45
Delhi,15-06-2018,447,245.85,482.76,371.01,509.58,4.69,424.65
Delhi,16-06-2018,369,202.95,398.52,306.27,420.66,3.87,350.55
Delhi,17-06-2018,289,158.95,312.12,239.87,329.46,3.03,274.55
Delhi,18-06-2018,171,94.05,184.68,141.93,194.94,1.8,162.45
Delhi,19-06-2018,121,66.55,130.68,100.43,137.94,1.27,114.95
Delhi,20-06-2018,177,97.35,191.16,146.91,201.78,1.86,168.15
Delhi,21-06-2018,226,124.3,244.08,187.58,257.64,2.37,214.7
Delhi,22-06-2018,236,129.8,254.88,195.88,269.04,2.48,224.2
Delhi,23-06-2018,218,119.9,235.44,180.94,248.52,2.29,207.1
Delhi,24-06-2018,183,100.65,197.64,151.89,208.62,1.92,173.85
Delhi,25-06-2018,192,105.6,207.36,159.36,218.88,2.02,182.4
Delhi,26-06-2018,110,60.5,118.8,91.3,125.4,1.16,104.5
Delhi,27-06-2018,93,51.15,100.44,77.19,106.02,0.98,88.35
Delhi,28-06-2018,76,41.8,82.08,63.08,86.64,0.8,72.2
Delhi,29-06-2018,72,39.6,77.76,59.76,82.08,0.76,68.4
Delhi,30-06-2018,96,52.8,103.68,79.68,109.44,1.01,91.2
Delhi,01-07-2018,92,50.6,99.36,76.36,104.88,0.97,87.4
Delhi,02-07-2018,106,58.3,114.48,87.98,120.84,1.11,100.7
Delhi,03-07-2018,114,62.7,123.12,94.62,129.96,1.2,108.3
Delhi,04-07-2018,137,75.35,147.96,113.71,156.18,1.44,130.15
Delhi,05-07-2018,123,67.65,132.84,102.09,140.22,1.29,116.85
Delhi,06-07-2018,147,80.85,158.76,122.01,167.58,1.54,139.65
Delhi,07-07-2018,151,83.05,163.08,125.33,172.14,1.59,143.45
Delhi,08-07-2018,182,100.1,196.56,151.06,207.48,1.91,172.9
Delhi,09-07-2018,157,86.35,169.56,130.31,178.98,1.65,149.15
Delhi,10-07-2018,134,73.7,144.72,111.22,152.76,1.41,127.3
Delhi,11-07-2018,106,58.3,114.48,87.98,120.84,1.11,100.7
Delhi,12-07-2018,143,78.65,154.44,118.69,163.02,1.5,135.85
Delhi,13-07-2018,99,54.45,106.92,82.17,112.86,1.04,94.05
Delhi,14-07-2018,76,41.8,82.08,63.08,86.64,0.8,72.2
Delhi,15-07-2018,76,41.8,82.08,63.08,86.64,0.8,72.2
Delhi,16-07-2018,87,47.85,93.96,72.21,99.18,0.91,82.65
Delhi,17-07-2018,91,50.05,98.28,75.53,103.74,0.96,86.45
Delhi,18-07-2018,106,58.3,114.48,87.98,120.84,1.11,100.7
Delhi,19-07-2018,88,48.4,95.04,73.04,100.32,0.92,83.6
Delhi,20-07-2018,80,44,86.4,66.4,91.2,0.84,76
Delhi,21-07-2018,111,61.05,119.88,92.13,126.54,1.17,105.45
Delhi,22-07-2018,61,33.55,65.88,50.63,69.54,0.64,57.95
Delhi,23-07-2018,67,36.85,72.36,55.61,76.38,0.7,63.65
Delhi,24-07-2018,90,49.5,97.2,74.7,102.6,0.95,85.5
Delhi,25-07-2018,78,42.9,84.24,64.74,88.92,0.82,74.1
Delhi,26-07-2018,74,40.7,79.92,61.42,84.36,0.78,70.3
Delhi,27-07-2018,54,29.7,58.32,44.82,61.56,0.57,51.3
Delhi,28-07-2018,57,31.35,61.56,47.31,64.98,0.6,54.15
Delhi,29-07-2018,90,49.5,97.2,74.7,102.6,0.95,85.5
Delhi,30-07-2018,115,63.25,124.2,95.45,131.1,1.21,109.25
Delhi,31-07-2018,132,72.6,142.56,109.56,150.48,1.39,125.4
Delhi,01-08-2018,153,84.15,165.24,126.99,174.42,1.61,145.35
Delhi,02-08-2018,235,129.25,253.8,195.05,267.9,2.47,223.25
Delhi,03-08-2018,213,117.15,230.04,176.79,242.82,2.24,202.35
Delhi,04-08-2018,216,118.8,233.28,179.28,246.24,2.27,205.2
Delhi,05-08-2018,241,132.55,260.28,200.03,274.74,2.53,228.95
Delhi,06-08-2018,133,73.15,143.64,110.39,151.62,1.4,126.35
Delhi,07-08-2018,113,62.15,122.04,93.79,128.82,1.19,107.35
Delhi,08-08-2018,86,47.3,92.88,71.38,98.04,0.9,81.7
Delhi,09-08-2018,88,48.4,95.04,73.04,100.32,0.92,83.6
Delhi,10-08-2018,102,56.1,110.16,84.66,116.28,1.07,96.9
Delhi,11-08-2018,96,52.8,103.68,79.68,109.44,1.01,91.2
Delhi,12-08-2018,83,45.65,89.64,68.89,94.62,0.87,78.85
Delhi,13-08-2018,94,51.7,101.52,78.02,107.16,0.99,89.3
Delhi,14-08-2018,117,64.35,126.36,97.11,133.38,1.23,111.15
Delhi,15-08-2018,120,66,129.6,99.6,136.8,1.26,114
Delhi,16-08-2018,86,47.3,92.88,71.38,98.04,0.9,81.7
Delhi,17-08-2018,84,46.2,90.72,69.72,95.76,0.88,79.8
Delhi,18-08-2018,80,44,86.4,66.4,91.2,0.84,76
Delhi,19-08-2018,89,48.95,96.12,73.87,101.46,0.93,84.55
Delhi,20-08-2018,137,75.35,147.96,113.71,156.18,1.44,130.15
Delhi,21-08-2018,87,47.85,93.96,72.21,99.18,0.91,82.65
Delhi,22-08-2018,78,42.9,84.24,64.74,88.92,0.82,74.1
Delhi,23-08-2018,69,37.95,74.52,57.27,78.66,0.72,65.55
Delhi,24-08-2018,80,44,86.4,66.4,91.2,0.84,76
Delhi,25-08-2018,89,48.95,96.12,73.87,101.46,0.93,84.55
Delhi,26-08-2018,78,42.9,84.24,64.74,88.92,0.82,74.1
Delhi,27-08-2018,62,34.1,66.96,51.46,70.68,0.65,58.9
Delhi,28-08-2018,71,39.05,76.68,58.93,80.94,0.75,67.45
Delhi,29-08-2018,68,37.4,73.44,56.44,77.52,0.71,64.6
Delhi,30-08-2018,78,42.9,84.24,64.74,88.92,0.82,74.1
Delhi,31-08-2018,127,69.85,137.16,105.41,144.78,1.33,120.65
Delhi,01-09-2018,114,62.7,123.12,94.62,129.96,1.2,108.3
Delhi,02-09-2018,106,58.3,114.48,87.98,120.84,1.11,100.7
Delhi,03-09-2018,73,40.15,78.84,60.59,83.22,0.77,69.35
Delhi,04-09-2018,112,61.6,120.96,92.96,127.68,1.18,106.4
Delhi,05-09-2018,90,49.5,97.2,74.7,102.6,0.95,85.5
Delhi,06-09-2018,137,75.35,147.96,113.71,156.18,1.44,130.15
Delhi,07-09-2018,91,50.05,98.28,75.53,103.74,0.96,86.45
Delhi,08-09-2018,86,47.3,92.88,71.38,98.04,0.9,81.7
Delhi,09-09-2018,61,33.55,65.88,50.63,69.54,0.64,57.95
Delhi,10-09-2018,84,46.2,90.72,69.72,95.76,0.88,79.8
Delhi,11-09-2018,79,43.45,85.32,65.57,90.06,0.83,75.05
Delhi,12-09-2018,90,49.5,97.2,74.7,102.6,0.95,85.5
Delhi,13-09-2018,103,56.65,111.24,85.49,117.42,1.08,97.85
Delhi,14-09-2018,102,56.1,110.16,84.66,116.28,1.07,96.9
Delhi,15-09-2018,118,64.9,127.44,97.94,134.52,1.24,112.1
Delhi,16-09-2018,121,66.55,130.68,100.43,137.94,1.27,114.95
Delhi,17-09-2018,135,74.25,145.8,112.05,153.9,1.42,128.25
Delhi,18-09-2018,150,82.5,162,124.5,171,1.58,142.5
Delhi,19-09-2018,154,84.7,166.32,127.82,175.56,1.62,146.3
Delhi,20-09-2018,164,90.2,177.12,136.12,186.96,1.72,155.8
Delhi,21-09-2018,143,78.65,154.44,118.69,163.02,1.5,135.85
Delhi,22-09-2018,54,29.7,58.32,44.82,61.56,0.57,51.3
Delhi,23-09-2018,62,34.1,66.96,51.46,70.68,0.65,58.9
Delhi,24-09-2018,52,28.6,56.16,43.16,59.28,0.55,49.4
Delhi,25-09-2018,55,30.25,59.4,45.65,62.7,0.58,52.25
Delhi,26-09-2018,88,48.4,95.04,73.04,100.32,0.92,83.6
Delhi,27-09-2018,151,83.05,163.08,125.33,172.14,1.59,143.45
Delhi,28-09-2018,197,108.35,212.76,163.51,224.58,2.07,187.15
Delhi,29-09-2018,219,120.45,236.52,181.77,249.66,2.3,208.05
Delhi,30-09-2018,158,86.9,170.64,131.14,180.12,1.66,150.1
Delhi,01-10-2018,148,81.4,159.84,122.84,168.72,1.55,140.6
Delhi,02-10-2018,202,111.1,218.16,167.66,230.28,2.12,191.9
Delhi,03-10-2018,143,78.65,154.44,118.69,163.02,1.5,135.85
Delhi,04-10-2018,201,110.55,217.08,166.83,229.14,2.11,190.95
Delhi,05-10-2018,256,140.8,276.48,212.48,291.84,2.69,243.2
Delhi,06-10-2018,209,114.95,225.72,173.47,238.26,2.19,198.55
Delhi,07-10-2018,181,99.55,195.48,150.23,206.34,1.9,171.95
Delhi,08-10-2018,246,135.3,265.68,204.18,280.44,2.58,233.7
Delhi,09-10-2018,251,138.05,271.08,208.33,286.14,2.64,238.45
Delhi,10-10-2018,241,132.55,260.28,200.03,274.74,2.53,228.95
Delhi,11-10-2018,210,115.5,226.8,174.3,239.4,2.21,199.5
Delhi,12-10-2018,154,84.7,166.32,127.82,175.56,1.62,146.3
Delhi,13-10-2018,262,144.1,282.96,217.46,298.68,2.75,248.9
Delhi,14-10-2018,204,112.2,220.32,169.32,232.56,2.14,193.8
Delhi,15-10-2018,246,135.3,265.68,204.18,280.44,2.58,233.7
Delhi,16-10-2018,291,160.05,314.28,241.53,331.74,3.06,276.45
Delhi,17-10-2018,313,172.15,338.04,259.79,356.82,3.29,297.35
Delhi,18-10-2018,297,163.35,320.76,246.51,338.58,3.12,282.15
Delhi,19-10-2018,276,151.8,298.08,229.08,314.64,2.9,262.2
Delhi,20-10-2018,326,179.3,352.08,270.58,371.64,3.42,309.7
Delhi,21-10-2018,292,160.6,315.36,242.36,332.88,3.07,277.4
Delhi,22-10-2018,272,149.6,293.76,225.76,310.08,2.86,258.4
Delhi,23-10-2018,254,139.7,274.32,210.82,289.56,2.67,241.3
Delhi,24-10-2018,328,180.4,354.24,272.24,373.92,3.44,311.6
Delhi,25-10-2018,331,182.05,357.48,274.73,377.34,3.48,314.45
Delhi,26-10-2018,361,198.55,389.88,299.63,411.54,3.79,342.95
Delhi,27-10-2018,350,192.5,378,290.5,399,3.68,332.5
Delhi,28-10-2018,366,201.3,395.28,303.78,417.24,3.84,347.7
Delhi,29-10-2018,367,201.85,396.36,304.61,418.38,3.85,348.65
Delhi,30-10-2018,401,220.55,433.08,332.83,457.14,4.21,380.95
Delhi,31-10-2018,358,196.9,386.64,297.14,408.12,3.76,340.1
Delhi,01-11-2018,393,216.15,424.44,326.19,448.02,4.13,373.35
Delhi,02-11-2018,370,203.5,399.6,307.1,421.8,3.89,351.5
Delhi,03-11-2018,340,187,367.2,282.2,387.6,3.57,323
Delhi,04-11-2018,171,94.05,184.68,141.93,194.94,1.8,162.45
Delhi,05-11-2018,426,234.3,460.08,353.58,485.64,4.47,404.7
Delhi,06-11-2018,338,185.9,365.04,280.54,385.32,3.55,321.1
Delhi,07-11-2018,281,154.55,303.48,233.23,320.34,2.95,266.95
Delhi,08-11-2018,390,214.5,421.2,323.7,444.6,4.1,370.5
Delhi,09-11-2018,423,232.65,456.84,351.09,482.22,4.44,401.85
Delhi,10-11-2018,401,220.55,433.08,332.83,457.14,4.21,380.95
Delhi,11-11-2018,405,222.75,437.4,336.15,461.7,4.25,384.75
Delhi,12-11-2018,399,219.45,430.92,331.17,454.86,4.19,379.05
Delhi,13-11-2018,409,224.95,441.72,339.47,466.26,4.29,388.55
Delhi,14-11-2018,312,171.6,336.96,258.96,355.68,3.28,296.4
Delhi,15-11-2018,217,119.35,234.36,180.11,247.38,2.28,206.15
Delhi,16-11-2018,285,156.75,307.8,236.55,324.9,2.99,270.75
Delhi,17-11-2018,267,146.85,288.36,221.61,304.38,2.8,253.65
Delhi,18-11-2018,311,171.05,335.88,258.13,354.54,3.27,295.45
Delhi,19-11-2018,330,181.5,356.4,273.9,376.2,3.47,313.5
Delhi,20-11-2018,374,205.7,403.92,310.42,426.36,3.93,355.3
Delhi,21-11-2018,374,205.7,403.92,310.42,426.36,3.93,355.3
Delhi,22-11-2018,273,150.15,294.84,226.59,311.22,2.87,259.35
Delhi,23-11-2018,337,185.35,363.96,279.71,384.18,3.54,320.15
Delhi,24-11-2018,249,136.95,268.92,206.67,283.86,2.61,236.55
Delhi,25-11-2018,262,144.1,282.96,217.46,298.68,2.75,248.9
Delhi,26-11-2018,336,184.8,362.88,278.88,383.04,3.53,319.2
Delhi,27-11-2018,352,193.6,380.16,292.16,401.28,3.7,334.4
Delhi,28-11-2018,316,173.8,341.28,262.28,360.24,3.32,300.2
Delhi,29-11-2018,358,196.9,386.64,297.14,408.12,3.76,340.1
Delhi,30-11-2018,352,193.6,380.16,292.16,401.28,3.7,334.4
Delhi,01-12-2018,306,168.3,330.48,253.98,348.84,3.21,290.7
Delhi,02-12-2018,297,163.35,320.76,246.51,338.58,3.12,282.15
Delhi,03-12-2018,328,180.4,354.24,272.24,373.92,3.44,311.6
Delhi,04-12-2018,356,195.8,384.48,295.48,405.84,3.74,338.2
Delhi,05-12-2018,331,182.05,357.48,274.73,377.34,3.48,314.45
Delhi,06-12-2018,349,191.95,376.92,289.67,397.86,3.66,331.55
Delhi,07-12-2018,348,191.4,375.84,288.84,396.72,3.65,330.6
Delhi,08-12-2018,347,190.85,374.76,288.01,395.58,3.64,329.65
Delhi,09-12-2018,374,205.7,403.92,310.42,426.36,3.93,355.3
Delhi,10-12-2018,403,221.65,435.24,334.49,459.42,4.23,382.85
Delhi,11-12-2018,413,227.15,446.04,342.79,470.82,4.34,392.35
Delhi,12-12-2018,392,215.6,423.36,325.36,446.88,4.12,372.4
Delhi,13-12-2018,194,106.7,209.52,161.02,221.16,2.04,184.3
Delhi,14-12-2018,249,136.95,268.92,206.67,283.86,2.61,236.55
Delhi,15-12-2018,261,143.55,281.88,216.63,297.54,2.74,247.95
Delhi,16-12-2018,282,155.1,304.56,234.06,321.48,2.96,267.9
Delhi,17-12-2018,337,185.35,363.96,279.71,384.18,3.54,320.15
Delhi,18-12-2018,353,194.15,381.24,292.99,402.42,3.71,335.35
Delhi,19-12-2018,353,194.15,381.24,292.99,402.42,3.71,335.35
Delhi,20-12-2018,394,216.7,425.52,327.02,449.16,4.14,374.3
Delhi,21-12-2018,386,212.3,416.88,320.38,440.04,4.05,366.7
Delhi,22-12-2018,421,231.55,454.68,349.43,479.94,4.42,399.95
Delhi,23-12-2018,450,247.5,486,373.5,513,4.73,427.5
Delhi,24-12-2018,448,246.4,483.84,371.84,510.72,4.7,425.6
Delhi,25-12-2018,409,224.95,441.72,339.47,466.26,4.29,388.55
Delhi,26-12-2018,384,211.2,414.72,318.72,437.76,4.03,364.8
Delhi,27-12-2018,399,219.45,430.92,331.17,454.86,4.19,379.05
Delhi,28-12-2018,392,215.6,423.36,325.36,446.88,4.12,372.4
Delhi,29-12-2018,385,211.75,415.8,319.55,438.9,4.04,365.75
Delhi,30-12-2018,415,228.25,448.2,344.45,473.1,4.36,394.25
Delhi,31-12-2018,420,231,453.6,348.6,478.8,4.41,399
Delhi,01-01-2019,393,216.15,424.44,326.19,448.02,4.13,373.35
Delhi,02-01-2019,430,236.5,464.4,356.9,490.2,4.52,408.5
Delhi,03-01-2019,444,244.2,479.52,368.52,506.16,4.66,421.8
Delhi,04-01-2019,386,212.3,416.88,320.38,440.04,4.05,366.7
Delhi,05-01-2019,407,223.85,439.56,337.81,463.98,4.27,386.65
Delhi,06-01-2019,336,184.8,362.88,278.88,383.04,3.53,319.2
Delhi,07-01-2019,333,183.15,359.64,276.39,379.62,3.5,316.35
Delhi,08-01-2019,320,176,345.6,265.6,364.8,3.36,304
Delhi,09-01-2019,288,158.4,311.04,239.04,328.32,3.02,273.6
Delhi,10-01-2019,292,160.6,315.36,242.36,332.88,3.07,277.4
Delhi,11-01-2019,371,204.05,400.68,307.93,422.94,3.9,352.45
Delhi,12-01-2019,423,232.65,456.84,351.09,482.22,4.44,401.85
Delhi,13-01-2019,414,227.7,447.12,343.62,471.96,4.35,393.3
Delhi,14-01-2019,247,135.85,266.76,205.01,281.58,2.59,234.65
Delhi,15-01-2019,237,130.35,255.96,196.71,270.18,2.49,225.15
Delhi,16-01-2019,371,204.05,400.68,307.93,422.94,3.9,352.45
Delhi,17-01-2019,440,242,475.2,365.2,501.6,4.62,418
Delhi,18-01-2019,397,218.35,428.76,329.51,452.58,4.17,377.15
Delhi,19-01-2019,378,207.9,408.24,313.74,430.92,3.97,359.1
Delhi,20-01-2019,404,222.2,436.32,335.32,460.56,4.24,383.8
Delhi,21-01-2019,346,190.3,373.68,287.18,394.44,3.63,328.7
Delhi,22-01-2019,104,57.2,112.32,86.32,118.56,1.09,98.8
Delhi,23-01-2019,212,116.6,228.96,175.96,241.68,2.23,201.4
Delhi,24-01-2019,311,171.05,335.88,258.13,354.54,3.27,295.45
Delhi,25-01-2019,151,83.05,163.08,125.33,172.14,1.59,143.45
Delhi,26-01-2019,233,128.15,251.64,193.39,265.62,2.45,221.35
Delhi,27-01-2019,262,144.1,282.96,217.46,298.68,2.75,248.9
Delhi,28-01-2019,267,146.85,288.36,221.61,304.38,2.8,253.65
Delhi,29-01-2019,276,151.8,298.08,229.08,314.64,2.9,262.2
Delhi,30-01-2019,327,179.85,353.16,271.41,372.78,3.43,310.65
Delhi,31-01-2019,359,197.45,387.72,297.97,409.26,3.77,341.05
Delhi,01-02-2019,306,168.3,330.48,253.98,348.84,3.21,290.7
Delhi,02-02-2019,332,182.6,358.56,275.56,378.48,3.49,315.4
Delhi,03-02-2019,289,158.95,312.12,239.87,329.46,3.03,274.55
Delhi,04-02-2019,288,158.4,311.04,239.04,328.32,3.02,273.6
Delhi,05-02-2019,382,210.1,412.56,317.06,435.48,4.01,362.9
Delhi,06-02-2019,352,193.6,380.16,292.16,401.28,3.7,334.4
Delhi,07-02-2019,176,96.8,190.08,146.08,200.64,1.85,167.2
Delhi,08-02-2019,144,79.2,155.52,119.52,164.16,1.51,136.8
Delhi,09-02-2019,158,86.9,170.64,131.14,180.12,1.66,150.1
Delhi,10-02-2019,276,151.8,298.08,229.08,314.64,2.9,262.2
Delhi,11-02-2019,309,169.95,333.72,256.47,352.26,3.24,293.55
Delhi,12-02-2019,342,188.1,369.36,283.86,389.88,3.59,324.9
Delhi,13-02-2019,367,201.85,396.36,304.61,418.38,3.85,348.65
Delhi,14-02-2019,340,187,367.2,282.2,387.6,3.57,323
Delhi,15-02-2019,245,134.75,264.6,203.35,279.3,2.57,232.75
Delhi,16-02-2019,276,151.8,298.08,229.08,314.64,2.9,262.2
Delhi,17-02-2019,222,122.1,239.76,184.26,253.08,2.33,210.9
Delhi,18-02-2019,255,140.25,275.4,211.65,290.7,2.68,242.25
Delhi,19-02-2019,221,121.55,238.68,183.43,251.94,2.32,209.95
Delhi,20-02-2019,271,149.05,292.68,224.93,308.94,2.85,257.45
Delhi,21-02-2019,144,79.2,155.52,119.52,164.16,1.51,136.8
Delhi,22-02-2019,186,102.3,200.88,154.38,212.04,1.95,176.7
Delhi,23-02-2019,113,62.15,122.04,93.79,128.82,1.19,107.35
Delhi,24-02-2019,190,104.5,205.2,157.7,216.6,2,180.5
Delhi,25-02-2019,217,119.35,234.36,180.11,247.38,2.28,206.15
Delhi,26-02-2019,116,63.8,125.28,96.28,132.24,1.22,110.2
Delhi,27-02-2019,100,55,108,83,114,1.05,95
Delhi,28-02-2019,170,93.5,183.6,141.1,193.8,1.79,161.5
Delhi,01-03-2019,225,123.75,243,186.75,256.5,2.36,213.75
Delhi,02-03-2019,217,119.35,234.36,180.11,247.38,2.28,206.15
Delhi,03-03-2019,117,64.35,126.36,97.11,133.38,1.23,111.15
Delhi,04-03-2019,234,128.7,252.72,194.22,266.76,2.46,222.3
Delhi,05-03-2019,140,77,151.2,116.2,159.6,1.47,133
Delhi,06-03-2019,186,102.3,200.88,154.38,212.04,1.95,176.7
Delhi,07-03-2019,217,119.35,234.36,180.11,247.38,2.28,206.15
Delhi,08-03-2019,197,108.35,212.76,163.51,224.58,2.07,187.15
Delhi,09-03-2019,187,102.85,201.96,155.21,213.18,1.96,177.65
Delhi,10-03-2019,160,88,172.8,132.8,182.4,1.68,152
Delhi,11-03-2019,187,102.85,201.96,155.21,213.18,1.96,177.65
Delhi,12-03-2019,134,73.7,144.72,111.22,152.76,1.41,127.3
Delhi,13-03-2019,178,97.9,192.24,147.74,202.92,1.87,169.1
Delhi,14-03-2019,266,146.3,287.28,220.78,303.24,2.79,252.7
Delhi,15-03-2019,154,84.7,166.32,127.82,175.56,1.62,146.3
Delhi,16-03-2019,139,76.45,150.12,115.37,158.46,1.46,132.05
Delhi,17-03-2019,192,105.6,207.36,159.36,218.88,2.02,182.4
Delhi,18-03-2019,196,107.8,211.68,162.68,223.44,2.06,186.2
Delhi,19-03-2019,216,118.8,233.28,179.28,246.24,2.27,205.2
Delhi,20-03-2019,208,114.4,224.64,172.64,237.12,2.18,197.6
Delhi,21-03-2019,242,133.1,261.36,200.86,275.88,2.54,229.9
Delhi,22-03-2019,114,62.7,123.12,94.62,129.96,1.2,108.3
Delhi,23-03-2019,132,72.6,142.56,109.56,150.48,1.39,125.4
Delhi,24-03-2019,121,66.55,130.68,100.43,137.94,1.27,114.95
Delhi,25-03-2019,139,76.45,150.12,115.37,158.46,1.46,132.05
Delhi,26-03-2019,159,87.45,171.72,131.97,181.26,1.67,151.05
Delhi,27-03-2019,171,94.05,184.68,141.93,194.94,1.8,162.45
Delhi,28-03-2019,234,128.7,252.72,194.22,266.76,2.46,222.3
Delhi,29-03-2019,232,127.6,250.56,192.56,264.48,2.44,220.4
Delhi,30-03-2019,233,128.15,251.64,193.39,265.62,2.45,221.35
Delhi,31-03-2019,182,100.1,196.56,151.06,207.48,1.91,172.9
Delhi,01-04-2019,151,83.05,163.08,125.33,172.14,1.59,143.45
Delhi,02-04-2019,198,108.9,213.84,164.34,225.72,2.08,188.1
Delhi,03-04-2019,187,102.85,201.96,155.21,213.18,1.96,177.65
Delhi,04-04-2019,254,139.7,274.32,210.82,289.56,2.67,241.3
Delhi,05-04-2019,264,145.2,285.12,219.12,300.96,2.77,250.8
Delhi,06-04-2019,266,146.3,287.28,220.78,303.24,2.79,252.7
Delhi,07-04-2019,302,166.1,326.16,250.66,344.28,3.17,286.9
Delhi,08-04-2019,264,145.2,285.12,219.12,300.96,2.77,250.8
Delhi,09-04-2019,204,112.2,220.32,169.32,232.56,2.14,193.8
Delhi,10-04-2019,238,130.9,257.04,197.54,271.32,2.5,226.1
Delhi,11-04-2019,183,100.65,197.64,151.89,208.62,1.92,173.85
Delhi,12-04-2019,212,116.6,228.96,175.96,241.68,2.23,201.4
Delhi,13-04-2019,170,93.5,183.6,141.1,193.8,1.79,161.5
Delhi,14-04-2019,137,75.35,147.96,113.71,156.18,1.44,130.15
Delhi,15-04-2019,168,92.4,181.44,139.44,191.52,1.76,159.6
Delhi,16-04-2019,180,99,194.4,149.4,205.2,1.89,171
Delhi,17-04-2019,84,46.2,90.72,69.72,95.76,0.88,79.8
Delhi,18-04-2019,114,62.7,123.12,94.62,129.96,1.2,108.3
Delhi,19-04-2019,157,86.35,169.56,130.31,178.98,1.65,149.15
Delhi,20-04-2019,198,108.9,213.84,164.34,225.72,2.08,188.1
Delhi,21-04-2019,203,111.65,219.24,168.49,231.42,2.13,192.85
Delhi,22-04-2019,236,129.8,254.88,195.88,269.04,2.48,224.2
Delhi,23-04-2019,247,135.85,266.76,205.01,281.58,2.59,234.65
Delhi,24-04-2019,221,121.55,238.68,183.43,251.94,2.32,209.95
Delhi,25-04-2019,251,138.05,271.08,208.33,286.14,2.64,238.45
Delhi,26-04-2019,215,118.25,232.2,178.45,245.1,2.26,204.25
Delhi,27-04-2019,256,140.8,276.48,212.48,291.84,2.69,243.2
Delhi,28-04-2019,264,145.2,285.12,219.12,300.96,2.77,250.8
Delhi,29-04-2019,248,136.4,267.84,205.84,282.72,2.6,235.6
Delhi,30-04-2019,250,137.5,270,207.5,285,2.63,237.5
Delhi,01-05-2019,295,162.25,318.6,244.85,336.3,3.1,280.25
Delhi,02-05-2019,257,141.35,277.56,213.31,292.98,2.7,244.15
Delhi,03-05-2019,183,100.65,197.64,151.89,208.62,1.92,173.85
Delhi,04-05-2019,182,100.1,196.56,151.06,207.48,1.91,172.9
Delhi,05-05-2019,227,124.85,245.16,188.41,258.78,2.38,215.65
Delhi,06-05-2019,249,136.95,268.92,206.67,283.86,2.61,236.55
Delhi,07-05-2019,294,161.7,317.52,244.02,335.16,3.09,279.3
Delhi,08-05-2019,357,196.35,385.56,296.31,406.98,3.75,339.15
Delhi,09-05-2019,347,190.85,374.76,288.01,395.58,3.64,329.65
Delhi,10-05-2019,277,152.35,299.16,229.91,315.78,2.91,263.15
Delhi,11-05-2019,251,138.05,271.08,208.33,286.14,2.64,238.45
Delhi,12-05-2019,334,183.7,360.72,277.22,380.76,3.51,317.3
Delhi,13-05-2019,322,177.1,347.76,267.26,367.08,3.38,305.9
Delhi,14-05-2019,153,84.15,165.24,126.99,174.42,1.61,145.35
Delhi,15-05-2019,186,102.3,200.88,154.38,212.04,1.95,176.7
Delhi,16-05-2019,187,102.85,201.96,155.21,213.18,1.96,177.65
Delhi,17-05-2019,265,145.75,286.2,219.95,302.1,2.78,251.75
Delhi,18-05-2019,105,57.75,113.4,87.15,119.7,1.1,99.75
Delhi,19-05-2019,185,101.75,199.8,153.55,210.9,1.94,175.75
Delhi,20-05-2019,206,113.3,222.48,170.98,234.84,2.16,195.7
Delhi,21-05-2019,190,104.5,205.2,157.7,216.6,2,180.5
Delhi,22-05-2019,158,86.9,170.64,131.14,180.12,1.66,150.1
Delhi,23-05-2019,223,122.65,240.84,185.09,254.22,2.34,211.85
Delhi,24-05-2019,123,67.65,132.84,102.09,140.22,1.29,116.85
Delhi,25-05-2019,121,66.55,130.68,100.43,137.94,1.27,114.95
Delhi,26-05-2019,142,78.1,153.36,117.86,161.88,1.49,134.9
Delhi,27-05-2019,160,88,172.8,132.8,182.4,1.68,152
Delhi,28-05-2019,177,97.35,191.16,146.91,201.78,1.86,168.15
Delhi,29-05-2019,185,101.75,199.8,153.55,210.9,1.94,175.75
Delhi,30-05-2019,218,119.9,235.44,180.94,248.52,2.29,207.1
Delhi,31-05-2019,280,154,302.4,232.4,319.2,2.94,266
Delhi,01-06-2019,264,145.2,285.12,219.12,300.96,2.77,250.8
Delhi,02-06-2019,201,110.55,217.08,166.83,229.14,2.11,190.95
Delhi,03-06-2019,261,143.55,281.88,216.63,297.54,2.74,247.95
Delhi,04-06-2019,169,92.95,182.52,140.27,192.66,1.77,160.55
Delhi,05-06-2019,192,105.6,207.36,159.36,218.88,2.02,182.4
Delhi,06-06-2019,206,113.3,222.48,170.98,234.84,2.16,195.7
Delhi,07-06-2019,173,95.15,186.84,143.59,197.22,1.82,164.35
Delhi,08-06-2019,181,99.55,195.48,150.23,206.34,1.9,171.95
Delhi,09-06-2019,239,131.45,258.12,198.37,272.46,2.51,227.05
Delhi,10-06-2019,207,113.85,223.56,171.81,235.98,2.17,196.65
Delhi,11-06-2019,307,168.85,331.56,254.81,349.98,3.22,291.65
Delhi,12-06-2019,233,128.15,251.64,193.39,265.62,2.45,221.35
Delhi,13-06-2019,175,96.25,189,145.25,199.5,1.84,166.25
Delhi,14-06-2019,171,94.05,184.68,141.93,194.94,1.8,162.45
Delhi,15-06-2019,224,123.2,241.92,185.92,255.36,2.35,212.8
Delhi,16-06-2019,178,97.9,192.24,147.74,202.92,1.87,169.1
Delhi,17-06-2019,123,67.65,132.84,102.09,140.22,1.29,116.85
Delhi,18-06-2019,97,53.35,104.76,80.51,110.58,1.02,92.15
Delhi,19-06-2019,199,109.45,214.92,165.17,226.86,2.09,189.05
Delhi,20-06-2019,141,77.55,152.28,117.03,160.74,1.48,133.95
Delhi,21-06-2019,177,97.35,191.16,146.91,201.78,1.86,168.15
Delhi,22-06-2019,189,103.95,204.12,156.87,215.46,1.98,179.55
Delhi,23-06-2019,148,81.4,159.84,122.84,168.72,1.55,140.6
Delhi,24-06-2019,109,59.95,117.72,90.47,124.26,1.14,103.55
Delhi,25-06-2019,133,73.15,143.64,110.39,151.62,1.4,126.35
Delhi,26-06-2019,162,89.1,174.96,134.46,184.68,1.7,153.9
Delhi,27-06-2019,184,101.2,198.72,152.72,209.76,1.93,174.8
Delhi,28-06-2019,191,105.05,206.28,158.53,217.74,2.01,181.45
Delhi,29-06-2019,231,127.05,249.48,191.73,263.34,2.43,219.45
Delhi,30-06-2019,237,130.35,255.96,196.71,270.18,2.49,225.15
Delhi,01-07-2019,183,100.65,197.64,151.89,208.62,1.92,173.85
Delhi,02-07-2019,218,119.9,235.44,180.94,248.52,2.29,207.1
Delhi,03-07-2019,136,74.8,146.88,112.88,155.04,1.43,129.2
Delhi,04-07-2019,103,56.65,111.24,85.49,117.42,1.08,97.85
Delhi,05-07-2019,106,58.3,114.48,87.98,120.84,1.11,100.7
Delhi,06-07-2019,88,48.4,95.04,73.04,100.32,0.92,83.6
Delhi,07-07-2019,91,50.05,98.28,75.53,103.74,0.96,86.45
Delhi,08-07-2019,127,69.85,137.16,105.41,144.78,1.33,120.65
Delhi,09-07-2019,126,69.3,136.08,104.58,143.64,1.32,119.7
Delhi,10-07-2019,148,81.4,159.84,122.84,168.72,1.55,140.6
Delhi,11-07-2019,317,174.35,342.36,263.11,361.38,3.33,301.15
Delhi,12-07-2019,272,149.6,293.76,225.76,310.08,2.86,258.4
Delhi,13-07-2019,275,151.25,297,228.25,313.5,2.89,261.25
Delhi,14-07-2019,235,129.25,253.8,195.05,267.9,2.47,223.25
Delhi,15-07-2019,168,92.4,181.44,139.44,191.52,1.76,159.6
Delhi,16-07-2019,93,51.15,100.44,77.19,106.02,0.98,88.35
Delhi,17-07-2019,73,40.15,78.84,60.59,83.22,0.77,69.35
Delhi,18-07-2019,85,46.75,91.8,70.55,96.9,0.89,80.75
Delhi,19-07-2019,145,79.75,156.6,120.35,165.3,1.52,137.75
Delhi,20-07-2019,124,68.2,133.92,102.92,141.36,1.3,117.8
Delhi,21-07-2019,108,59.4,116.64,89.64,123.12,1.13,102.6
Delhi,22-07-2019,112,61.6,120.96,92.96,127.68,1.18,106.4
Delhi,23-07-2019,148,81.4,159.84,122.84,168.72,1.55,140.6
Delhi,24-07-2019,164,90.2,177.12,136.12,186.96,1.72,155.8
Delhi,25-07-2019,78,42.9,84.24,64.74,88.92,0.82,74.1
Delhi,26-07-2019,81,44.55,87.48,67.23,92.34,0.85,76.95
Delhi,27-07-2019,61,33.55,65.88,50.63,69.54,0.64,57.95
Delhi,28-07-2019,64,35.2,69.12,53.12,72.96,0.67,60.8
Delhi,29-07-2019,65,35.75,70.2,53.95,74.1,0.68,61.75
Delhi,30-07-2019,80,44,86.4,66.4,91.2,0.84,76
Delhi,31-07-2019,80,44,86.4,66.4,91.2,0.84,76
Delhi,01-08-2019,89,48.95,96.12,73.87,101.46,0.93,84.55
Delhi,02-08-2019,84,46.2,90.72,69.72,95.76,0.88,79.8
Delhi,03-08-2019,89,48.95,96.12,73.87,101.46,0.93,84.55
Delhi,04-08-2019,87,47.85,93.96,72.21,99.18,0.91,82.65
Delhi,05-08-2019,105,57.75,113.4,87.15,119.7,1.1,99.75
Delhi,06-08-2019,76,41.8,82.08,63.08,86.64,0.8,72.2
Delhi,07-08-2019,75,41.25,81,62.25,85.5,0.79,71.25
Delhi,08-08-2019,79,43.45,85.32,65.57,90.06,0.83,75.05
Delhi,09-08-2019,75,41.25,81,62.25,85.5,0.79,71.25
Delhi,10-08-2019,59,32.45,63.72,48.97,67.26,0.62,56.05
Delhi,11-08-2019,68,37.4,73.44,56.44,77.52,0.71,64.6
Delhi,12-08-2019,57,31.35,61.56,47.31,64.98,0.6,54.15
Delhi,13-08-2019,69,37.95,74.52,57.27,78.66,0.72,65.55
Delhi,14-08-2019,63,34.65,68.04,52.29,71.82,0.66,59.85
Delhi,15-08-2019,75,41.25,81,62.25,85.5,0.79,71.25
Delhi,16-08-2019,53,29.15,57.24,43.99,60.42,0.56,50.35
Delhi,17-08-2019,49,26.95,52.92,40.67,55.86,0.51,46.55
Delhi,18-08-2019,49,26.95,52.92,40.67,55.86,0.51,46.55
Delhi,19-08-2019,81,44.55,87.48,67.23,92.34,0.85,76.95
Delhi,20-08-2019,97,53.35,104.76,80.51,110.58,1.02,92.15
Delhi,21-08-2019,109,59.95,117.72,90.47,124.26,1.14,103.55
Delhi,22-08-2019,123,67.65,132.84,102.09,140.22,1.29,116.85
Delhi,23-08-2019,129,70.95,139.32,107.07,147.06,1.35,122.55
Delhi,24-08-2019,147,80.85,158.76,122.01,167.58,1.54,139.65
Delhi,25-08-2019,91,50.05,98.28,75.53,103.74,0.96,86.45
Delhi,26-08-2019,66,36.3,71.28,54.78,75.24,0.69,62.7
Delhi,27-08-2019,117,64.35,126.36,97.11,133.38,1.23,111.15
Delhi,28-08-2019,105,57.75,113.4,87.15,119.7,1.1,99.75
Delhi,29-08-2019,91,50.05,98.28,75.53,103.74,0.96,86.45
Delhi,30-08-2019,101,55.55,109.08,83.83,115.14,1.06,95.95
Delhi,31-08-2019,114,62.7,123.12,94.62,129.96,1.2,108.3
Delhi,01-09-2019,108,59.4,116.64,89.64,123.12,1.13,102.6
Delhi,02-09-2019,96,52.8,103.68,79.68,109.44,1.01,91.2
Delhi,03-09-2019,141,77.55,152.28,117.03,160.74,1.48,133.95
Delhi,04-09-2019,173,95.15,186.84,143.59,197.22,1.82,164.35
Delhi,05-09-2019,95,52.25,102.6,78.85,108.3,1,90.25
Delhi,06-09-2019,90,49.5,97.2,74.7,102.6,0.95,85.5
Delhi,07-09-2019,82,45.1,88.56,68.06,93.48,0.86,77.9
Delhi,08-09-2019,77,42.35,83.16,63.91,87.78,0.81,73.15
Delhi,09-09-2019,108,59.4,116.64,89.64,123.12,1.13,102.6
Delhi,10-09-2019,137,75.35,147.96,113.71,156.18,1.44,130.15
Delhi,11-09-2019,168,92.4,181.44,139.44,191.52,1.76,159.6
Delhi,12-09-2019,151,83.05,163.08,125.33,172.14,1.59,143.45
Delhi,13-09-2019,86,47.3,92.88,71.38,98.04,0.9,81.7
Delhi,14-09-2019,72,39.6,77.76,59.76,82.08,0.76,68.4
Delhi,15-09-2019,72,39.6,77.76,59.76,82.08,0.76,68.4
Delhi,16-09-2019,105,57.75,113.4,87.15,119.7,1.1,99.75
Delhi,17-09-2019,135,74.25,145.8,112.05,153.9,1.42,128.25
Delhi,18-09-2019,110,60.5,118.8,91.3,125.4,1.16,104.5
Delhi,19-09-2019,66,36.3,71.28,54.78,75.24,0.69,62.7
Delhi,20-09-2019,90,49.5,97.2,74.7,102.6,0.95,85.5
Delhi,21-09-2019,114,62.7,123.12,94.62,129.96,1.2,108.3
Delhi,22-09-2019,67,36.85,72.36,55.61,76.38,0.7,63.65
Delhi,23-09-2019,83,45.65,89.64,68.89,94.62,0.87,78.85
Delhi,24-09-2019,94,51.7,101.52,78.02,107.16,0.99,89.3
Delhi,25-09-2019,90,49.5,97.2,74.7,102.6,0.95,85.5
Delhi,26-09-2019,74,40.7,79.92,61.42,84.36,0.78,70.3
Delhi,27-09-2019,63,34.65,68.04,52.29,71.82,0.66,59.85
Delhi,28-09-2019,67,36.85,72.36,55.61,76.38,0.7,63.65
Delhi,29-09-2019,60,33,64.8,49.8,68.4,0.63,57
Delhi,30-09-2019,68,37.4,73.44,56.44,77.52,0.71,64.6
Delhi,01-10-2019,93,51.15,100.44,77.19,106.02,0.98,88.35
Delhi,02-10-2019,90,49.5,97.2,74.7,102.6,0.95,85.5
Delhi,03-10-2019,136,74.8,146.88,112.88,155.04,1.43,129.2
Delhi,04-10-2019,100,55,108,83,114,1.05,95
Delhi,05-10-2019,98,53.9,105.84,81.34,111.72,1.03,93.1
Delhi,06-10-2019,127,69.85,137.16,105.41,144.78,1.33,120.65
Delhi,07-10-2019,130,71.5,140.4,107.9,148.2,1.37,123.5
Delhi,08-10-2019,112,61.6,120.96,92.96,127.68,1.18,106.4
Delhi,09-10-2019,173,95.15,186.84,143.59,197.22,1.82,164.35
Delhi,10-10-2019,211,116.05,227.88,175.13,240.54,2.22,200.45
Delhi,11-10-2019,216,118.8,233.28,179.28,246.24,2.27,205.2
Delhi,12-10-2019,222,122.1,239.76,184.26,253.08,2.33,210.9
Delhi,13-10-2019,270,148.5,291.6,224.1,307.8,2.84,256.5
Delhi,14-10-2019,252,138.6,272.16,209.16,287.28,2.65,239.4
Delhi,15-10-2019,270,148.5,291.6,224.1,307.8,2.84,256.5
Delhi,16-10-2019,304,167.2,328.32,252.32,346.56,3.19,288.8
Delhi,17-10-2019,284,156.2,306.72,235.72,323.76,2.98,269.8
Delhi,18-10-2019,248,136.4,267.84,205.84,282.72,2.6,235.6
Delhi,19-10-2019,161,88.55,173.88,133.63,183.54,1.69,152.95
Delhi,20-10-2019,238,130.9,257.04,197.54,271.32,2.5,226.1
Delhi,21-10-2019,249,136.95,268.92,206.67,283.86,2.61,236.55
Delhi,22-10-2019,207,113.85,223.56,171.81,235.98,2.17,196.65
Delhi,23-10-2019,242,133.1,261.36,200.86,275.88,2.54,229.9
Delhi,24-10-2019,311,171.05,335.88,258.13,354.54,3.27,295.45
Delhi,25-10-2019,284,156.2,306.72,235.72,323.76,2.98,269.8
Delhi,26-10-2019,287,157.85,309.96,238.21,327.18,3.01,272.65
Delhi,27-10-2019,337,185.35,363.96,279.71,384.18,3.54,320.15
Delhi,28-10-2019,368,202.4,397.44,305.44,419.52,3.86,349.6
Delhi,29-10-2019,400,220,432,332,456,4.2,380
Delhi,30-10-2019,419,230.45,452.52,347.77,477.66,4.4,398.05
Delhi,31-10-2019,410,225.5,442.8,340.3,467.4,4.31,389.5
Delhi,01-11-2019,484,266.2,522.72,401.72,551.76,5.08,459.8
Delhi,02-11-2019,399,219.45,430.92,331.17,454.86,4.19,379.05
Delhi,03-11-2019,494,271.7,533.52,410.02,563.16,5.19,469.3
Delhi,04-11-2019,407,223.85,439.56,337.81,463.98,4.27,386.65
Delhi,05-11-2019,324,178.2,349.92,268.92,369.36,3.4,307.8
Delhi,06-11-2019,214,117.7,231.12,177.62,243.96,2.25,203.3
Delhi,07-11-2019,309,169.95,333.72,256.47,352.26,3.24,293.55
Delhi,08-11-2019,330,181.5,356.4,273.9,376.2,3.47,313.5
Delhi,09-11-2019,283,155.65,305.64,234.89,322.62,2.97,268.85
Delhi,10-11-2019,321,176.55,346.68,266.43,365.94,3.37,304.95
Delhi,11-11-2019,360,198,388.8,298.8,410.4,3.78,342
Delhi,12-11-2019,425,233.75,459,352.75,484.5,4.46,403.75
Delhi,13-11-2019,456,250.8,492.48,378.48,519.84,4.79,433.2
Delhi,14-11-2019,463,254.65,500.04,384.29,527.82,4.86,439.85
Delhi,15-11-2019,458,251.9,494.64,380.14,522.12,4.81,435.1
Delhi,16-11-2019,357,196.35,385.56,296.31,406.98,3.75,339.15
Delhi,17-11-2019,215,118.25,232.2,178.45,245.1,2.26,204.25
Delhi,18-11-2019,214,117.7,231.12,177.62,243.96,2.25,203.3
Delhi,19-11-2019,242,133.1,261.36,200.86,275.88,2.54,229.9
Delhi,20-11-2019,301,165.55,325.08,249.83,343.14,3.16,285.95
Delhi,21-11-2019,366,201.3,395.28,303.78,417.24,3.84,347.7
Delhi,22-11-2019,360,198,388.8,298.8,410.4,3.78,342
Delhi,23-11-2019,312,171.6,336.96,258.96,355.68,3.28,296.4
Delhi,24-11-2019,234,128.7,252.72,194.22,266.76,2.46,222.3
Delhi,25-11-2019,252,138.6,272.16,209.16,287.28,2.65,239.4
Delhi,26-11-2019,270,148.5,291.6,224.1,307.8,2.84,256.5
Delhi,27-11-2019,134,73.7,144.72,111.22,152.76,1.41,127.3
Delhi,28-11-2019,106,58.3,114.48,87.98,120.84,1.11,100.7
Delhi,29-11-2019,84,46.2,90.72,69.72,95.76,0.88,79.8
Delhi,30-11-2019,193,106.15,208.44,160.19,220.02,2.03,183.35
Delhi,01-12-2019,250,137.5,270,207.5,285,2.63,237.5
Delhi,02-12-2019,279,153.45,301.32,231.57,318.06,2.93,265.05
Delhi,03-12-2019,282,155.1,304.56,234.06,321.48,2.96,267.9
Delhi,04-12-2019,296,162.8,319.68,245.68,337.44,3.11,281.2
Delhi,05-12-2019,382,210.1,412.56,317.06,435.48,4.01,362.9
Delhi,06-12-2019,404,222.2,436.32,335.32,460.56,4.24,383.8
Delhi,07-12-2019,371,204.05,400.68,307.93,422.94,3.9,352.45
Delhi,08-12-2019,391,215.05,422.28,324.53,445.74,4.11,371.45
Delhi,09-12-2019,343,188.65,370.44,284.69,391.02,3.6,325.85
Delhi,10-12-2019,369,202.95,398.52,306.27,420.66,3.87,350.55
Delhi,11-12-2019,408,224.4,440.64,338.64,465.12,4.28,387.6
Delhi,12-12-2019,430,236.5,464.4,356.9,490.2,4.52,408.5
Delhi,13-12-2019,240,132,259.2,199.2,273.6,2.52,228
Delhi,14-12-2019,163,89.65,176.04,135.29,185.82,1.71,154.85
Delhi,15-12-2019,213,117.15,230.04,176.79,242.82,2.24,202.35
Delhi,16-12-2019,186,102.3,200.88,154.38,212.04,1.95,176.7
Delhi,17-12-2019,168,92.4,181.44,139.44,191.52,1.76,159.6
Delhi,18-12-2019,292,160.6,315.36,242.36,332.88,3.07,277.4
Delhi,19-12-2019,362,199.1,390.96,300.46,412.68,3.8,343.9
Delhi,20-12-2019,432,237.6,466.56,358.56,492.48,4.54,410.4
Delhi,21-12-2019,418,229.9,451.44,346.94,476.52,4.39,397.1
Delhi,22-12-2019,322,177.1,347.76,267.26,367.08,3.38,305.9
Delhi,23-12-2019,327,179.85,353.16,271.41,372.78,3.43,310.65
Delhi,24-12-2019,383,210.65,413.64,317.89,436.62,4.02,363.85
Delhi,25-12-2019,350,192.5,378,290.5,399,3.68,332.5
Delhi,26-12-2019,349,191.95,376.92,289.67,397.86,3.66,331.55
Delhi,27-12-2019,373,205.15,402.84,309.59,425.22,3.92,354.35
Delhi,28-12-2019,409,224.95,441.72,339.47,466.26,4.29,388.55
Delhi,29-12-2019,431,237.05,465.48,357.73,491.34,4.53,409.45
Delhi,30-12-2019,446,245.3,481.68,370.18,508.44,4.68,423.7
Delhi,31-12-2019,387,212.85,417.96,321.21,441.18,4.06,367.65
Delhi,01-01-2020,437,240.35,471.96,362.71,498.18,4.59,415.15
Delhi,02-01-2020,417,229.35,450.36,346.11,475.38,4.38,396.15
Delhi,03-01-2020,352,193.6,380.16,292.16,401.28,3.7,334.4
Delhi,04-01-2020,334,183.7,360.72,277.22,380.76,3.51,317.3
Delhi,05-01-2020,330,181.5,356.4,273.9,376.2,3.47,313.5
Delhi,06-01-2020,325,178.75,351,269.75,370.5,3.41,308.75
Delhi,07-01-2020,254,139.7,274.32,210.82,289.56,2.67,241.3
Delhi,08-01-2020,266,146.3,287.28,220.78,303.24,2.79,252.7
Delhi,09-01-2020,203,111.65,219.24,168.49,231.42,2.13,192.85
Delhi,10-01-2020,255,140.25,275.4,211.65,290.7,2.68,242.25
Delhi,11-01-2020,288,158.4,311.04,239.04,328.32,3.02,273.6
Delhi,12-01-2020,348,191.4,375.84,288.84,396.72,3.65,330.6
Delhi,13-01-2020,366,201.3,395.28,303.78,417.24,3.84,347.7
Delhi,14-01-2020,283,155.65,305.64,234.89,322.62,2.97,268.85
Delhi,15-01-2020,218,119.9,235.44,180.94,248.52,2.29,207.1
Delhi,16-01-2020,281,154.55,303.48,233.23,320.34,2.95,266.95
Delhi,17-01-2020,265,145.75,286.2,219.95,302.1,2.78,251.75
Delhi,18-01-2020,243,133.65,262.44,201.69,277.02,2.55,230.85
Delhi,19-01-2020,277,152.35,299.16,229.91,315.78,2.91,263.15
Delhi,20-01-2020,269,147.95,290.52,223.27,306.66,2.82,255.55
Delhi,21-01-2020,364,200.2,393.12,302.12,414.96,3.82,345.8
Delhi,22-01-2020,370,203.5,399.6,307.1,421.8,3.89,351.5
Delhi,23-01-2020,211,116.05,227.88,175.13,240.54,2.22,200.45
Delhi,24-01-2020,151,83.05,163.08,125.33,172.14,1.59,143.45
Delhi,25-01-2020,250,137.5,270,207.5,285,2.63,237.5
Delhi,26-01-2020,325,178.75,351,269.75,370.5,3.41,308.75
Delhi,27-01-2020,345,189.75,372.6,286.35,393.3,3.62,327.75
Delhi,28-01-2020,243,133.65,262.44,201.69,277.02,2.55,230.85
Delhi,29-01-2020,194,106.7,209.52,161.02,221.16,2.04,184.3
Delhi,30-01-2020,202,111.1,218.16,167.66,230.28,2.12,191.9
Delhi,31-01-2020,190,104.5,205.2,157.7,216.6,2,180.5
Delhi,01-02-2020,232,127.6,250.56,192.56,264.48,2.44,220.4
Delhi,02-02-2020,244,134.2,263.52,202.52,278.16,2.56,231.8
Delhi,03-02-2020,270,148.5,291.6,224.1,307.8,2.84,256.5
Delhi,04-02-2020,310,170.5,334.8,257.3,353.4,3.26,294.5
Delhi,05-02-2020,312,171.6,336.96,258.96,355.68,3.28,296.4
Delhi,06-02-2020,231,127.05,249.48,191.73,263.34,2.43,219.45
Delhi,07-02-2020,295,162.25,318.6,244.85,336.3,3.1,280.25
Delhi,08-02-2020,289,158.95,312.12,239.87,329.46,3.03,274.55
Delhi,09-02-2020,285,156.75,307.8,236.55,324.9,2.99,270.75
Delhi,10-02-2020,309,169.95,333.72,256.47,352.26,3.24,293.55
Delhi,11-02-2020,323,177.65,348.84,268.09,368.22,3.39,306.85
Delhi,12-02-2020,320,176,345.6,265.6,364.8,3.36,304
Delhi,13-02-2020,241,132.55,260.28,200.03,274.74,2.53,228.95
Delhi,14-02-2020,173,95.15,186.84,143.59,197.22,1.82,164.35
Delhi,15-02-2020,167,91.85,180.36,138.61,190.38,1.75,158.65
Delhi,16-02-2020,247,135.85,266.76,205.01,281.58,2.59,234.65
Delhi,17-02-2020,293,161.15,316.44,243.19,334.02,3.08,278.35
Delhi,18-02-2020,252,138.6,272.16,209.16,287.28,2.65,239.4
Delhi,19-02-2020,272,149.6,293.76,225.76,310.08,2.86,258.4
Delhi,20-02-2020,230,126.5,248.4,190.9,262.2,2.42,218.5
Delhi,21-02-2020,144,79.2,155.52,119.52,164.16,1.51,136.8
Delhi,22-02-2020,100,55,108,83,114,1.05,95
Delhi,23-02-2020,225,123.75,243,186.75,256.5,2.36,213.75
Delhi,24-02-2020,142,78.1,153.36,117.86,161.88,1.49,134.9
Delhi,25-02-2020,249,136.95,268.92,206.67,283.86,2.61,236.55
Delhi,26-02-2020,274,150.7,295.92,227.42,312.36,2.88,260.3
Delhi,27-02-2020,233,128.15,251.64,193.39,265.62,2.45,221.35
Delhi,28-02-2020,198,108.9,213.84,164.34,225.72,2.08,188.1
Delhi,01-03-2020,90,49.5,97.2,74.7,102.6,0.95,85.5
Delhi,02-03-2020,205,112.75,221.4,170.15,233.7,2.15,194.75
Delhi,03-03-2020,205,112.75,221.4,170.15,233.7,2.15,194.75
Delhi,04-03-2020,195,107.25,210.6,161.85,222.3,2.05,185.25
Delhi,05-03-2020,79,43.45,85.32,65.57,90.06,0.83,75.05
Delhi,06-03-2020,64,35.2,69.12,53.12,72.96,0.67,60.8
Delhi,07-03-2020,67,36.85,72.36,55.61,76.38,0.7,63.65
Delhi,08-03-2020,164,90.2,177.12,136.12,186.96,1.72,155.8
Delhi,09-03-2020,123,67.65,132.84,102.09,140.22,1.29,116.85
Delhi,10-03-2020,188,103.4,203.04,156.04,214.32,1.97,178.6
Delhi,11-03-2020,116,63.8,125.28,96.28,132.24,1.22,110.2
Delhi,12-03-2020,127,69.85,137.16,105.41,144.78,1.33,120.65
Delhi,13-03-2020,173,95.15,186.84,143.59,197.22,1.82,164.35
Delhi,14-03-2020,108,59.4,116.64,89.64,123.12,1.13,102.6
Delhi,15-03-2020,131,72.05,141.48,108.73,149.34,1.38,124.45
Delhi,16-03-2020,139,76.45,150.12,115.37,158.46,1.46,132.05
Delhi,17-03-2020,157,86.35,169.56,130.31,178.98,1.65,149.15
Delhi,18-03-2020,151,83.05,163.08,125.33,172.14,1.59,143.45
Delhi,19-03-2020,186,102.3,200.88,154.38,212.04,1.95,176.7
Delhi,20-03-2020,192,105.6,207.36,159.36,218.88,2.02,182.4
Delhi,21-03-2020,186,102.3,200.88,154.38,212.04,1.95,176.7
Delhi,22-03-2020,191,105.05,206.28,158.53,217.74,2.01,181.45
Delhi,23-03-2020,124,68.2,133.92,102.92,141.36,1.3,117.8
Delhi,24-03-2020,122,67.1,131.76,101.26,139.08,1.28,115.9
Delhi,25-03-2020,77,42.35,83.16,63.91,87.78,0.81,73.15
Delhi,26-03-2020,92,50.6,99.36,76.36,104.88,0.97,87.4
Delhi,27-03-2020,69,37.95,74.52,57.27,78.66,0.72,65.55
Delhi,28-03-2020,45,24.75,48.6,37.35,51.3,0.47,42.75
Delhi,29-03-2020,62,34.1,66.96,51.46,70.68,0.65,58.9
Delhi,30-03-2020,71,39.05,76.68,58.93,80.94,0.75,67.45
Delhi,31-03-2020,76,41.8,82.08,63.08,86.64,0.8,72.2
Delhi,01-04-2020,73,40.15,78.84,60.59,83.22,0.77,69.35
Delhi,02-04-2020,69,37.95,74.52,57.27,78.66,0.72,65.55
Delhi,03-04-2020,79,43.45,85.32,65.57,90.06,0.83,75.05
Delhi,04-04-2020,87,47.85,93.96,72.21,99.18,0.91,82.65
Delhi,05-04-2020,102,56.1,110.16,84.66,116.28,1.07,96.9
Delhi,06-04-2020,142,78.1,153.36,117.86,161.88,1.49,134.9
Delhi,07-04-2020,90,49.5,97.2,74.7,102.6,0.95,85.5
Delhi,08-04-2020,83,45.65,89.64,68.89,94.62,0.87,78.85
Delhi,09-04-2020,86,47.3,92.88,71.38,98.04,0.9,81.7
Delhi,10-04-2020,118,64.9,127.44,97.94,134.52,1.24,112.1
Delhi,11-04-2020,124,68.2,133.92,102.92,141.36,1.3,117.8
Delhi,12-04-2020,94,51.7,101.52,78.02,107.16,0.99,89.3
Delhi,13-04-2020,126,69.3,136.08,104.58,143.64,1.32,119.7
Delhi,14-04-2020,130,71.5,140.4,107.9,148.2,1.37,123.5
Delhi,15-04-2020,155,85.25,167.4,128.65,176.7,1.63,147.25
Delhi,16-04-2020,180,99,194.4,149.4,205.2,1.89,171
Delhi,17-04-2020,105,57.75,113.4,87.15,119.7,1.1,99.75
Delhi,18-04-2020,98,53.9,105.84,81.34,111.72,1.03,93.1
Delhi,19-04-2020,85,46.75,91.8,70.55,96.9,0.89,80.75
Delhi,20-04-2020,119,65.45,128.52,98.77,135.66,1.25,113.05
Delhi,21-04-2020,87,47.85,93.96,72.21,99.18,0.91,82.65
Delhi,22-04-2020,131,72.05,141.48,108.73,149.34,1.38,124.45
Delhi,23-04-2020,122,67.1,131.76,101.26,139.08,1.28,115.9
Delhi,24-04-2020,139,76.45,150.12,115.37,158.46,1.46,132.05
Delhi,25-04-2020,98,53.9,105.84,81.34,111.72,1.03,93.1
Delhi,26-04-2020,117,64.35,126.36,97.11,133.38,1.23,111.15
Delhi,27-04-2020,89,48.95,96.12,73.87,101.46,0.93,84.55
Delhi,28-04-2020,100,55,108,83,114,1.05,95
Delhi,29-04-2020,125,68.75,135,103.75,142.5,1.31,118.75
Delhi,30-04-2020,138,75.9,149.04,114.54,157.32,1.45,131.1
Delhi,01-05-2020,146,80.3,157.68,121.18,166.44,1.53,138.7
Delhi,02-05-2020,112,61.6,120.96,92.96,127.68,1.18,106.4
Delhi,03-05-2020,93,51.15,100.44,77.19,106.02,0.98,88.35
Delhi,04-05-2020,94,51.7,101.52,78.02,107.16,0.99,89.3
Delhi,05-05-2020,119,65.45,128.52,98.77,135.66,1.25,113.05
Delhi,06-05-2020,139,76.45,150.12,115.37,158.46,1.46,132.05
Delhi,07-05-2020,127,69.85,137.16,105.41,144.78,1.33,120.65
Delhi,08-05-2020,134,73.7,144.72,111.22,152.76,1.41,127.3
Delhi,09-05-2020,144,79.2,155.52,119.52,164.16,1.51,136.8
Delhi,10-05-2020,121,66.55,130.68,100.43,137.94,1.27,114.95
Delhi,11-05-2020,116,63.8,125.28,96.28,132.24,1.22,110.2
Delhi,12-05-2020,125,68.75,135,103.75,142.5,1.31,118.75
Delhi,13-05-2020,150,82.5,162,124.5,171,1.58,142.5
Delhi,14-05-2020,149,81.95,160.92,123.67,169.86,1.56,141.55
Delhi,15-05-2020,123,67.65,132.84,102.09,140.22,1.29,116.85
Delhi,16-05-2020,179,98.45,193.32,148.57,204.06,1.88,170.05
Delhi,17-05-2020,200,110,216,166,228,2.1,190
Delhi,18-05-2020,206,113.3,222.48,170.98,234.84,2.16,195.7
Delhi,19-05-2020,212,116.6,228.96,175.96,241.68,2.23,201.4
Delhi,20-05-2020,166,91.3,179.28,137.78,189.24,1.74,157.7
Delhi,21-05-2020,147,80.85,158.76,122.01,167.58,1.54,139.65
Delhi,22-05-2020,199,109.45,214.92,165.17,226.86,2.09,189.05
Delhi,23-05-2020,181,99.55,195.48,150.23,206.34,1.9,171.95
Delhi,24-05-2020,172,94.6,185.76,142.76,196.08,1.81,163.4
Delhi,25-05-2020,153,84.15,165.24,126.99,174.42,1.61,145.35
Delhi,26-05-2020,154,84.7,166.32,127.82,175.56,1.62,146.3
Delhi,27-05-2020,156,85.8,168.48,129.48,177.84,1.64,148.2
Delhi,28-05-2020,188,103.4,203.04,156.04,214.32,1.97,178.6
Delhi,29-05-2020,101,55.55,109.08,83.83,115.14,1.06,95.95
Delhi,30-05-2020,78,42.9,84.24,64.74,88.92,0.82,74.1
Delhi,31-05-2020,72,39.6,77.76,59.76,82.08,0.76,68.4
Delhi,01-06-2020,104,57.2,112.32,86.32,118.56,1.09,98.8
Delhi,02-06-2020,124,68.2,133.92,102.92,141.36,1.3,117.8
Delhi,03-06-2020,122,67.1,131.76,101.26,139.08,1.28,115.9
Delhi,04-06-2020,153,84.15,165.24,126.99,174.42,1.61,145.35
Delhi,05-06-2020,111,61.05,119.88,92.13,126.54,1.17,105.45
Delhi,06-06-2020,102,56.1,110.16,84.66,116.28,1.07,96.9
Delhi,07-06-2020,107,58.85,115.56,88.81,121.98,1.12,101.65
Delhi,08-06-2020,108,59.4,116.64,89.64,123.12,1.13,102.6
Delhi,09-06-2020,139,76.45,150.12,115.37,158.46,1.46,132.05
Delhi,10-06-2020,152,83.6,164.16,126.16,173.28,1.6,144.4
Delhi,11-06-2020,141,77.55,152.28,117.03,160.74,1.48,133.95
Delhi,12-06-2020,153,84.15,165.24,126.99,174.42,1.61,145.35
Delhi,13-06-2020,123,67.65,132.84,102.09,140.22,1.29,116.85
Delhi,14-06-2020,154,84.7,166.32,127.82,175.56,1.62,146.3
Delhi,15-06-2020,115,63.25,124.2,95.45,131.1,1.21,109.25
Delhi,16-06-2020,118,64.9,127.44,97.94,134.52,1.24,112.1
Delhi,17-06-2020,109,59.95,117.72,90.47,124.26,1.14,103.55
Delhi,18-06-2020,95,52.25,102.6,78.85,108.3,1,90.25
Delhi,19-06-2020,148,81.4,159.84,122.84,168.72,1.55,140.6
Delhi,20-06-2020,149,81.95,160.92,123.67,169.86,1.56,141.55
Delhi,21-06-2020,98,53.9,105.84,81.34,111.72,1.03,93.1
Delhi,22-06-2020,92,50.6,99.36,76.36,104.88,0.97,87.4
Delhi,23-06-2020,76,41.8,82.08,63.08,86.64,0.8,72.2
Delhi,24-06-2020,66,36.3,71.28,54.78,75.24,0.69,62.7
Delhi,25-06-2020,85,46.75,91.8,70.55,96.9,0.89,80.75
Delhi,26-06-2020,105,57.75,113.4,87.15,119.7,1.1,99.75
Delhi,27-06-2020,108,59.4,116.64,89.64,123.12,1.13,102.6
Delhi,28-06-2020,209,114.95,225.72,173.47,238.26,2.19,198.55
Delhi,29-06-2020,230,126.5,248.4,190.9,262.2,2.42,218.5
Delhi,30-06-2020,102,56.1,110.16,84.66,116.28,1.07,96.9
Delhi,01-07-2020,117,64.35,126.36,97.11,133.38,1.23,111.15
Delhi,02-07-2020,127,69.85,137.16,105.41,144.78,1.33,120.65
Delhi,03-07-2020,156,85.8,168.48,129.48,177.84,1.64,148.2
Delhi,04-07-2020,105,57.75,113.4,87.15,119.7,1.1,99.75
Delhi,05-07-2020,90,49.5,97.2,74.7,102.6,0.95,85.5
Delhi,06-07-2020,90,49.5,97.2,74.7,102.6,0.95,85.5
Delhi,07-07-2020,65,35.75,70.2,53.95,74.1,0.68,61.75
Delhi,08-07-2020,51,28.05,55.08,42.33,58.14,0.54,48.45
Delhi,09-07-2020,78,42.9,84.24,64.74,88.92,0.82,74.1
Delhi,10-07-2020,67,36.85,72.36,55.61,76.38,0.7,63.65
Delhi,11-07-2020,68,37.4,73.44,56.44,77.52,0.71,64.6
Delhi,12-07-2020,71,39.05,76.68,58.93,80.94,0.75,67.45
Delhi,13-07-2020,72,39.6,77.76,59.76,82.08,0.76,68.4
Delhi,14-07-2020,127,69.85,137.16,105.41,144.78,1.33,120.65
Delhi,15-07-2020,124,68.2,133.92,102.92,141.36,1.3,117.8
Delhi,16-07-2020,72,39.6,77.76,59.76,82.08,0.76,68.4
Delhi,17-07-2020,79,43.45,85.32,65.57,90.06,0.83,75.05
Delhi,18-07-2020,92,50.6,99.36,76.36,104.88,0.97,87.4
Delhi,19-07-2020,65,35.75,70.2,53.95,74.1,0.68,61.75
Delhi,20-07-2020,60,33,64.8,49.8,68.4,0.63,57
Delhi,21-07-2020,61,33.55,65.88,50.63,69.54,0.64,57.95
Delhi,22-07-2020,59,32.45,63.72,48.97,67.26,0.62,56.05
Delhi,23-07-2020,65,35.75,70.2,53.95,74.1,0.68,61.75
Delhi,24-07-2020,100,55,108,83,114,1.05,95
Delhi,25-07-2020,67,36.85,72.36,55.61,76.38,0.7,63.65
Delhi,26-07-2020,78,42.9,84.24,64.74,88.92,0.82,74.1
Delhi,27-07-2020,100,55,108,83,114,1.05,95
Delhi,28-07-2020,72,39.6,77.76,59.76,82.08,0.76,68.4
Delhi,29-07-2020,90,49.5,97.2,74.7,102.6,0.95,85.5
Delhi,30-07-2020,55,30.25,59.4,45.65,62.7,0.58,52.25
Delhi,31-07-2020,75,41.25,81,62.25,85.5,0.79,71.25
Delhi,01-08-2020,81,44.55,87.48,67.23,92.34,0.85,76.95
Delhi,02-08-2020,61,33.55,65.88,50.63,69.54,0.64,57.95
Delhi,03-08-2020,67,36.85,72.36,55.61,76.38,0.7,63.65
Delhi,04-08-2020,62,34.1,66.96,51.46,70.68,0.65,58.9
Delhi,05-08-2020,86,47.3,92.88,71.38,98.04,0.9,81.7
Delhi,06-08-2020,69,37.95,74.52,57.27,78.66,0.72,65.55
Delhi,07-08-2020,54,29.7,58.32,44.82,61.56,0.57,51.3
Delhi,08-08-2020,87,47.85,93.96,72.21,99.18,0.91,82.65
Delhi,09-08-2020,74,40.7,79.92,61.42,84.36,0.78,70.3
Delhi,10-08-2020,72,39.6,77.76,59.76,82.08,0.76,68.4
Delhi,11-08-2020,75,41.25,81,62.25,85.5,0.79,71.25
Delhi,12-08-2020,63,34.65,68.04,52.29,71.82,0.66,59.85
Delhi,13-08-2020,50,27.5,54,41.5,57,0.53,47.5
Delhi,14-08-2020,58,31.9,62.64,48.14,66.12,0.61,55.1
Delhi,15-08-2020,67,36.85,72.36,55.61,76.38,0.7,63.65
Delhi,16-08-2020,52,28.6,56.16,43.16,59.28,0.55,49.4
Delhi,17-08-2020,66,36.3,71.28,54.78,75.24,0.69,62.7
Delhi,18-08-2020,72,39.6,77.76,59.76,82.08,0.76,68.4
Delhi,19-08-2020,57,31.35,61.56,47.31,64.98,0.6,54.15
Delhi,20-08-2020,50,27.5,54,41.5,57,0.53,47.5
Delhi,21-08-2020,57,31.35,61.56,47.31,64.98,0.6,54.15
Delhi,22-08-2020,53,29.15,57.24,43.99,60.42,0.56,50.35
Delhi,23-08-2020,53,29.15,57.24,43.99,60.42,0.56,50.35
Delhi,24-08-2020,45,24.75,48.6,37.35,51.3,0.47,42.75
Delhi,25-08-2020,61,33.55,65.88,50.63,69.54,0.64,57.95
Delhi,26-08-2020,57,31.35,61.56,47.31,64.98,0.6,54.15
Delhi,27-08-2020,64,35.2,69.12,53.12,72.96,0.67,60.8
Delhi,28-08-2020,79,43.45,85.32,65.57,90.06,0.83,75.05
Delhi,29-08-2020,77,42.35,83.16,63.91,87.78,0.81,73.15
Delhi,30-08-2020,70,38.5,75.6,58.1,79.8,0.74,66.5
Delhi,31-08-2020,41,22.55,44.28,34.03,46.74,0.43,38.95
Delhi,01-09-2020,53,29.15,57.24,43.99,60.42,0.56,50.35
Delhi,02-09-2020,69,37.95,74.52,57.27,78.66,0.72,65.55
Delhi,03-09-2020,84,46.2,90.72,69.72,95.76,0.88,79.8
Delhi,04-09-2020,82,45.1,88.56,68.06,93.48,0.86,77.9
Delhi,05-09-2020,101,55.55,109.08,83.83,115.14,1.06,95.95
Delhi,06-09-2020,70,38.5,75.6,58.1,79.8,0.74,66.5
Delhi,07-09-2020,93,51.15,100.44,77.19,106.02,0.98,88.35
Delhi,08-09-2020,79,43.45,85.32,65.57,90.06,0.83,75.05
Delhi,09-09-2020,105,57.75,113.4,87.15,119.7,1.1,99.75
Delhi,10-09-2020,108,59.4,116.64,89.64,123.12,1.13,102.6
Delhi,11-09-2020,136,74.8,146.88,112.88,155.04,1.43,129.2
Delhi,12-09-2020,144,79.2,155.52,119.52,164.16,1.51,136.8
Delhi,13-09-2020,142,78.1,153.36,117.86,161.88,1.49,134.9
Delhi,14-09-2020,152,83.6,164.16,126.16,173.28,1.6,144.4
Delhi,15-09-2020,144,79.2,155.52,119.52,164.16,1.51,136.8
Delhi,16-09-2020,151,83.05,163.08,125.33,172.14,1.59,143.45
Delhi,17-09-2020,120,66,129.6,99.6,136.8,1.26,114
Delhi,18-09-2020,108,59.4,116.64,89.64,123.12,1.13,102.6
Delhi,19-09-2020,118,64.9,127.44,97.94,134.52,1.24,112.1
Delhi,20-09-2020,148,81.4,159.84,122.84,168.72,1.55,140.6
Delhi,21-09-2020,142,78.1,153.36,117.86,161.88,1.49,134.9
Delhi,22-09-2020,115,63.25,124.2,95.45,131.1,1.21,109.25
Delhi,23-09-2020,76,41.8,82.08,63.08,86.64,0.8,72.2
Delhi,24-09-2020,104,57.2,112.32,86.32,118.56,1.09,98.8
Delhi,25-09-2020,143,78.65,154.44,118.69,163.02,1.5,135.85
Delhi,26-09-2020,165,90.75,178.2,136.95,188.1,1.73,156.75
Delhi,27-09-2020,117,64.35,126.36,97.11,133.38,1.23,111.15
Delhi,28-09-2020,159,87.45,171.72,131.97,181.26,1.67,151.05
Delhi,29-09-2020,177,97.35,191.16,146.91,201.78,1.86,168.15
Delhi,30-09-2020,156,85.8,168.48,129.48,177.84,1.64,148.2
Delhi,01-10-2020,152,83.6,164.16,126.16,173.28,1.6,144.4
Delhi,02-10-2020,180,99,194.4,149.4,205.2,1.89,171
Delhi,03-10-2020,189,103.95,204.12,156.87,215.46,1.98,179.55
Delhi,04-10-2020,184,101.2,198.72,152.72,209.76,1.93,174.8
Delhi,05-10-2020,179,98.45,193.32,148.57,204.06,1.88,170.05
Delhi,06-10-2020,178,97.9,192.24,147.74,202.92,1.87,169.1
Delhi,07-10-2020,215,118.25,232.2,178.45,245.1,2.26,204.25
Delhi,08-10-2020,208,114.4,224.64,172.64,237.12,2.18,197.6
Delhi,09-10-2020,202,111.1,218.16,167.66,230.28,2.12,191.9
Delhi,10-10-2020,221,121.55,238.68,183.43,251.94,2.32,209.95
Delhi,11-10-2020,216,118.8,233.28,179.28,246.24,2.27,205.2
Delhi,12-10-2020,261,143.55,281.88,216.63,297.54,2.74,247.95
Delhi,13-10-2020,300,165,324,249,342,3.15,285
Delhi,14-10-2020,276,151.8,298.08,229.08,314.64,2.9,262.2
Delhi,15-10-2020,312,171.6,336.96,258.96,355.68,3.28,296.4
Delhi,16-10-2020,237,130.35,255.96,196.71,270.18,2.49,225.15
Delhi,17-10-2020,287,157.85,309.96,238.21,327.18,3.01,272.65
Delhi,18-10-2020,254,139.7,274.32,210.82,289.56,2.67,241.3
Delhi,19-10-2020,244,134.2,263.52,202.52,278.16,2.56,231.8
Delhi,20-10-2020,223,122.65,240.84,185.09,254.22,2.34,211.85
Delhi,21-10-2020,256,140.8,276.48,212.48,291.84,2.69,243.2
Delhi,22-10-2020,296,162.8,319.68,245.68,337.44,3.11,281.2
Delhi,23-10-2020,366,201.3,395.28,303.78,417.24,3.84,347.7
Delhi,24-10-2020,345,189.75,372.6,286.35,393.3,3.62,327.75
Delhi,25-10-2020,349,191.95,376.92,289.67,397.86,3.66,331.55
Delhi,26-10-2020,353,194.15,381.24,292.99,402.42,3.71,335.35
Delhi,27-10-2020,312,171.6,336.96,258.96,355.68,3.28,296.4
Delhi,28-10-2020,297,163.35,320.76,246.51,338.58,3.12,282.15
Delhi,29-10-2020,395,217.25,426.6,327.85,450.3,4.15,375.25
Delhi,30-10-2020,374,205.7,403.92,310.42,426.36,3.93,355.3
Delhi,31-10-2020,367,201.85,396.36,304.61,418.38,3.85,348.65
Delhi,01-11-2020,364,200.2,393.12,302.12,414.96,3.82,345.8
Delhi,02-11-2020,293,161.15,316.44,243.19,334.02,3.08,278.35
Delhi,03-11-2020,302,166.1,326.16,250.66,344.28,3.17,286.9
Delhi,04-11-2020,343,188.65,370.44,284.69,391.02,3.6,325.85
Delhi,05-11-2020,450,247.5,486,373.5,513,4.73,427.5
Delhi,06-11-2020,406,223.3,438.48,336.98,462.84,4.26,385.7
Delhi,07-11-2020,427,234.85,461.16,354.41,486.78,4.48,405.65
Delhi,08-11-2020,416,228.8,449.28,345.28,474.24,4.37,395.2
Delhi,09-11-2020,477,262.35,515.16,395.91,543.78,5.01,453.15
Delhi,10-11-2020,476,261.8,514.08,395.08,542.64,5,452.2
Delhi,11-11-2020,344,189.2,371.52,285.52,392.16,3.61,326.8
Delhi,12-11-2020,314,172.7,339.12,260.62,357.96,3.3,298.3
Delhi,13-11-2020,339,186.45,366.12,281.37,386.46,3.56,322.05
Delhi,14-11-2020,414,227.7,447.12,343.62,471.96,4.35,393.3
Delhi,15-11-2020,435,239.25,469.8,361.05,495.9,4.57,413.25
Delhi,16-11-2020,221,121.55,238.68,183.43,251.94,2.32,209.95
Delhi,17-11-2020,171,94.05,184.68,141.93,194.94,1.8,162.45
Delhi,18-11-2020,211,116.05,227.88,175.13,240.54,2.22,200.45
Delhi,19-11-2020,283,155.65,305.64,234.89,322.62,2.97,268.85
Delhi,20-11-2020,296,162.8,319.68,245.68,337.44,3.11,281.2
Delhi,21-11-2020,251,138.05,271.08,208.33,286.14,2.64,238.45
Delhi,22-11-2020,274,150.7,295.92,227.42,312.36,2.88,260.3
Delhi,23-11-2020,295,162.25,318.6,244.85,336.3,3.1,280.25
Delhi,24-11-2020,379,208.45,409.32,314.57,432.06,3.98,360.05
Delhi,25-11-2020,413,227.15,446.04,342.79,470.82,4.34,392.35
Delhi,26-11-2020,302,166.1,326.16,250.66,344.28,3.17,286.9
Delhi,27-11-2020,137,75.35,147.96,113.71,156.18,1.44,130.15
Delhi,28-11-2020,231,127.05,249.48,191.73,263.34,2.43,219.45
Delhi,29-11-2020,256,140.8,276.48,212.48,291.84,2.69,243.2
Delhi,30-11-2020,318,174.9,343.44,263.94,362.52,3.34,302.1
Delhi,01-12-2020,367,201.85,396.36,304.61,418.38,3.85,348.65
Delhi,02-12-2020,373,205.15,402.84,309.59,425.22,3.92,354.35
Delhi,03-12-2020,341,187.55,368.28,283.03,388.74,3.58,323.95
Delhi,04-12-2020,382,210.1,412.56,317.06,435.48,4.01,362.9
Delhi,05-12-2020,404,222.2,436.32,335.32,460.56,4.24,383.8
Delhi,06-12-2020,389,213.95,420.12,322.87,443.46,4.08,369.55
Delhi,07-12-2020,400,220,432,332,456,4.2,380
Delhi,08-12-2020,383,210.65,413.64,317.89,436.62,4.02,363.85
Delhi,09-12-2020,358,196.9,386.64,297.14,408.12,3.76,340.1
Delhi,10-12-2020,284,156.2,306.72,235.72,323.76,2.98,269.8
Delhi,11-12-2020,295,162.25,318.6,244.85,336.3,3.1,280.25
Delhi,12-12-2020,356,195.8,384.48,295.48,405.84,3.74,338.2
Delhi,13-12-2020,305,167.75,329.4,253.15,347.7,3.2,289.75
Delhi,14-12-2020,160,88,172.8,132.8,182.4,1.68,152
Delhi,15-12-2020,230,126.5,248.4,190.9,262.2,2.42,218.5
Delhi,16-12-2020,262,144.1,282.96,217.46,298.68,2.75,248.9
Delhi,17-12-2020,256,140.8,276.48,212.48,291.84,2.69,243.2
Delhi,18-12-2020,281,154.55,303.48,233.23,320.34,2.95,266.95
Delhi,19-12-2020,290,159.5,313.2,240.7,330.6,3.05,275.5
Delhi,20-12-2020,321,176.55,346.68,266.43,365.94,3.37,304.95
Delhi,21-12-2020,332,182.6,358.56,275.56,378.48,3.49,315.4
Delhi,22-12-2020,418,229.9,451.44,346.94,476.52,4.39,397.1
Delhi,23-12-2020,433,238.15,467.64,359.39,493.62,4.55,411.35
Delhi,24-12-2020,423,232.65,456.84,351.09,482.22,4.44,401.85
Delhi,25-12-2020,357,196.35,385.56,296.31,406.98,3.75,339.15
Delhi,26-12-2020,337,185.35,363.96,279.71,384.18,3.54,320.15
Delhi,27-12-2020,396,217.8,427.68,328.68,451.44,4.16,376.2
Delhi,28-12-2020,253,139.15,273.24,209.99,288.42,2.66,240.35
Delhi,29-12-2020,265,145.75,286.2,219.95,302.1,2.78,251.75
Delhi,30-12-2020,290,159.5,313.2,240.7,330.6,3.05,275.5
Delhi,31-12-2020,347,190.85,374.76,288.01,395.58,3.64,329.65
Delhi,01-01-2021,441,242.55,476.28,366.03,502.74,4.63,418.95
Delhi,02-01-2021,443,243.65,478.44,367.69,505.02,4.65,420.85
Delhi,03-01-2021,354,194.7,382.32,293.82,403.56,3.72,336.3
Delhi,04-01-2021,151,83.05,163.08,125.33,172.14,1.59,143.45
Delhi,05-01-2021,140,77,151.2,116.2,159.6,1.47,133
Delhi,06-01-2021,226,124.3,244.08,187.58,257.64,2.37,214.7
Delhi,07-01-2021,255,140.25,275.4,211.65,290.7,2.68,242.25
Delhi,08-01-2021,234,128.7,252.72,194.22,266.76,2.46,222.3
Delhi,09-01-2021,301,165.55,325.08,249.83,343.14,3.16,285.95
Delhi,10-01-2021,245,134.75,264.6,203.35,279.3,2.57,232.75
Delhi,11-01-2021,243,133.65,262.44,201.69,277.02,2.55,230.85
Delhi,12-01-2021,293,161.15,316.44,243.19,334.02,3.08,278.35
Delhi,13-01-2021,354,194.7,382.32,293.82,403.56,3.72,336.3
Delhi,14-01-2021,429,235.95,463.32,356.07,489.06,4.5,407.55
Delhi,15-01-2021,460,253,496.8,381.8,524.4,4.83,437
Delhi,16-01-2021,407,223.85,439.56,337.81,463.98,4.27,386.65
Delhi,17-01-2021,347,190.85,374.76,288.01,395.58,3.64,329.65
Delhi,18-01-2021,372,204.6,401.76,308.76,424.08,3.91,353.4
Delhi,19-01-2021,404,222.2,436.32,335.32,460.56,4.24,383.8
Delhi,20-01-2021,283,155.65,305.64,234.89,322.62,2.97,268.85
Delhi,21-01-2021,296,162.8,319.68,245.68,337.44,3.11,281.2
Delhi,22-01-2021,364,200.2,393.12,302.12,414.96,3.82,345.8
Delhi,23-01-2021,326,179.3,352.08,270.58,371.64,3.42,309.7
Delhi,24-01-2021,363,199.65,392.04,301.29,413.82,3.81,344.85
Delhi,25-01-2021,323,177.65,348.84,268.09,368.22,3.39,306.85
Delhi,26-01-2021,330,181.5,356.4,273.9,376.2,3.47,313.5
Delhi,27-01-2021,318,174.9,343.44,263.94,362.52,3.34,302.1
Delhi,28-01-2021,357,196.35,385.56,296.31,406.98,3.75,339.15
Delhi,29-01-2021,387,212.85,417.96,321.21,441.18,4.06,367.65
Delhi,30-01-2021,309,169.95,333.72,256.47,352.26,3.24,293.55
Delhi,31-01-2021,289,158.95,312.12,239.87,329.46,3.03,274.55
Delhi,01-02-2021,352,193.6,380.16,292.16,401.28,3.7,334.4
Delhi,02-02-2021,364,200.2,393.12,302.12,414.96,3.82,345.8
Delhi,03-02-2021,330,181.5,356.4,273.9,376.2,3.47,313.5
Delhi,04-02-2021,316,173.8,341.28,262.28,360.24,3.32,300.2
Delhi,05-02-2021,133,73.15,143.64,110.39,151.62,1.4,126.35
Delhi,06-02-2021,199,109.45,214.92,165.17,226.86,2.09,189.05
Delhi,07-02-2021,232,127.6,250.56,192.56,264.48,2.44,220.4
Delhi,08-02-2021,303,166.65,327.24,251.49,345.42,3.18,287.85
Delhi,09-02-2021,305,167.75,329.4,253.15,347.7,3.2,289.75
Delhi,10-02-2021,291,160.05,314.28,241.53,331.74,3.06,276.45
Delhi,11-02-2021,330,181.5,356.4,273.9,376.2,3.47,313.5
Delhi,12-02-2021,341,187.55,368.28,283.03,388.74,3.58,323.95
Delhi,13-02-2021,334,183.7,360.72,277.22,380.76,3.51,317.3
Delhi,14-02-2021,351,193.05,379.08,291.33,400.14,3.69,333.45
Delhi,15-02-2021,313,172.15,338.04,259.79,356.82,3.29,297.35
Delhi,16-02-2021,327,179.85,353.16,271.41,372.78,3.43,310.65
Delhi,17-02-2021,324,178.2,349.92,268.92,369.36,3.4,307.8
Delhi,18-02-2021,302,166.1,326.16,250.66,344.28,3.17,286.9
Delhi,19-02-2021,311,171.05,335.88,258.13,354.54,3.27,295.45
Delhi,20-02-2021,249,136.95,268.92,206.67,283.86,2.61,236.55
Delhi,21-02-2021,297,163.35,320.76,246.51,338.58,3.12,282.15
Delhi,22-02-2021,288,158.4,311.04,239.04,328.32,3.02,273.6
Delhi,23-02-2021,250,137.5,270,207.5,285,2.63,237.5
Delhi,24-02-2021,278,152.9,300.24,230.74,316.92,2.92,264.1
Delhi,25-02-2021,298,163.9,321.84,247.34,339.72,3.13,283.1
Delhi,26-02-2021,229,125.95,247.32,190.07,261.06,2.4,217.55
Delhi,27-02-2021,203,111.65,219.24,168.49,231.42,2.13,192.85
Delhi,28-02-2021,208,114.4,224.64,172.64,237.12,2.18,197.6
Delhi,01-03-2021,177,97.35,191.16,146.91,201.78,1.86,168.15
Delhi,02-03-2021,175,96.25,189,145.25,199.5,1.84,166.25
Delhi,03-03-2021,188,103.4,203.04,156.04,214.32,1.97,178.6
Delhi,04-03-2021,278,152.9,300.24,230.74,316.92,2.92,264.1
Delhi,05-03-2021,255,140.25,275.4,211.65,290.7,2.68,242.25
Delhi,06-03-2021,204,112.2,220.32,169.32,232.56,2.14,193.8
Delhi,07-03-2021,256,140.8,276.48,212.48,291.84,2.69,243.2
Delhi,08-03-2021,207,113.85,223.56,171.81,235.98,2.17,196.65
Delhi,09-03-2021,283,155.65,305.64,234.89,322.62,2.97,268.85
Delhi,10-03-2021,175,96.25,189,145.25,199.5,1.84,166.25
Delhi,11-03-2021,242,133.1,261.36,200.86,275.88,2.54,229.9
Delhi,12-03-2021,218,119.9,235.44,180.94,248.52,2.29,207.1
Delhi,13-03-2021,209,114.95,225.72,173.47,238.26,2.19,198.55
Delhi,14-03-2021,209,114.95,225.72,173.47,238.26,2.19,198.55
Delhi,15-03-2021,206,113.3,222.48,170.98,234.84,2.16,195.7
Delhi,16-03-2021,258,141.9,278.64,214.14,294.12,2.71,245.1
Delhi,17-03-2021,311,171.05,335.88,258.13,354.54,3.27,295.45
Delhi,18-03-2021,315,173.25,340.2,261.45,359.1,3.31,299.25
Delhi,19-03-2021,279,153.45,301.32,231.57,318.06,2.93,265.05
Delhi,20-03-2021,234,128.7,252.72,194.22,266.76,2.46,222.3
Delhi,21-03-2021,244,134.2,263.52,202.52,278.16,2.56,231.8
Delhi,22-03-2021,196,107.8,211.68,162.68,223.44,2.06,186.2
Delhi,23-03-2021,244,134.2,263.52,202.52,278.16,2.56,231.8
Delhi,24-03-2021,175,96.25,189,145.25,199.5,1.84,166.25
Delhi,25-03-2021,148,81.4,159.84,122.84,168.72,1.55,140.6
Delhi,26-03-2021,150,82.5,162,124.5,171,1.58,142.5
Delhi,27-03-2021,199,109.45,214.92,165.17,226.86,2.09,189.05
Delhi,28-03-2021,233,128.15,251.64,193.39,265.62,2.45,221.35
Delhi,29-03-2021,225,123.75,243,186.75,256.5,2.36,213.75
Delhi,30-03-2021,232,127.6,250.56,192.56,264.48,2.44,220.4
Delhi,31-03-2021,203,111.65,219.24,168.49,231.42,2.13,192.85
Delhi,01-04-2021,182,100.1,196.56,151.06,207.48,1.91,172.9
Delhi,02-04-2021,176,96.8,190.08,146.08,200.64,1.85,167.2
Delhi,03-04-2021,159,87.45,171.72,131.97,181.26,1.67,151.05
Delhi,04-04-2021,171,94.05,184.68,141.93,194.94,1.8,162.45
Delhi,05-04-2021,205,112.75,221.4,170.15,233.7,2.15,194.75
Delhi,06-04-2021,279,153.45,301.32,231.57,318.06,2.93,265.05
Delhi,07-04-2021,250,137.5,270,207.5,285,2.63,237.5
Delhi,08-04-2021,153,84.15,165.24,126.99,174.42,1.61,145.35
Delhi,09-04-2021,170,93.5,183.6,141.1,193.8,1.79,161.5
Delhi,10-04-2021,181,99.55,195.48,150.23,206.34,1.9,171.95
Delhi,11-04-2021,186,102.3,200.88,154.38,212.04,1.95,176.7
Delhi,12-04-2021,241,132.55,260.28,200.03,274.74,2.53,228.95
Delhi,13-04-2021,231,127.05,249.48,191.73,263.34,2.43,219.45
Delhi,14-04-2021,199,109.45,214.92,165.17,226.86,2.09,189.05
Delhi,15-04-2021,220,121,237.6,182.6,250.8,2.31,209
Delhi,16-04-2021,238,130.9,257.04,197.54,271.32,2.5,226.1
Delhi,17-04-2021,128,70.4,138.24,106.24,145.92,1.34,121.6
Delhi,18-04-2021,154,84.7,166.32,127.82,175.56,1.62,146.3
Delhi,19-04-2021,187,102.85,201.96,155.21,213.18,1.96,177.65
Delhi,20-04-2021,191,105.05,206.28,158.53,217.74,2.01,181.45
Delhi,21-04-2021,134,73.7,144.72,111.22,152.76,1.41,127.3
Delhi,22-04-2021,140,77,151.2,116.2,159.6,1.47,133
Delhi,23-04-2021,126,69.3,136.08,104.58,143.64,1.32,119.7
Delhi,24-04-2021,125,68.75,135,103.75,142.5,1.31,118.75
Delhi,25-04-2021,192,105.6,207.36,159.36,218.88,2.02,182.4
Delhi,26-04-2021,256,140.8,276.48,212.48,291.84,2.69,243.2
Delhi,27-04-2021,284,156.2,306.72,235.72,323.76,2.98,269.8
Delhi,28-04-2021,312,171.6,336.96,258.96,355.68,3.28,296.4
Delhi,29-04-2021,296,162.8,319.68,245.68,337.44,3.11,281.2
Delhi,30-04-2021,287,157.85,309.96,238.21,327.18,3.01,272.65
Delhi,01-05-2021,238,130.9,257.04,197.54,271.32,2.5,226.1
Delhi,02-05-2021,174,95.7,187.92,144.42,198.36,1.83,165.3
Delhi,03-05-2021,245,134.75,264.6,203.35,279.3,2.57,232.75
Delhi,04-05-2021,173,95.15,186.84,143.59,197.22,1.82,164.35
Delhi,05-05-2021,175,96.25,189,145.25,199.5,1.84,166.25
Delhi,06-05-2021,156,85.8,168.48,129.48,177.84,1.64,148.2
Delhi,07-05-2021,142,78.1,153.36,117.86,161.88,1.49,134.9
Delhi,08-05-2021,173,95.15,186.84,143.59,197.22,1.82,164.35
Delhi,09-05-2021,166,91.3,179.28,137.78,189.24,1.74,157.7
Delhi,10-05-2021,136,74.8,146.88,112.88,155.04,1.43,129.2
Delhi,11-05-2021,151,83.05,163.08,125.33,172.14,1.59,143.45
Delhi,12-05-2021,115,63.25,124.2,95.45,131.1,1.21,109.25
Delhi,13-05-2021,121,66.55,130.68,100.43,137.94,1.27,114.95
Delhi,14-05-2021,132,72.6,142.56,109.56,150.48,1.39,125.4
Delhi,15-05-2021,140,77,151.2,116.2,159.6,1.47,133
Delhi,16-05-2021,166,91.3,179.28,137.78,189.24,1.74,157.7
Delhi,17-05-2021,191,105.05,206.28,158.53,217.74,2.01,181.45
Delhi,18-05-2021,93,51.15,100.44,77.19,106.02,0.98,88.35
Delhi,19-05-2021,78,42.9,84.24,64.74,88.92,0.82,74.1
Delhi,20-05-2021,58,31.9,62.64,48.14,66.12,0.61,55.1
Delhi,21-05-2021,85,46.75,91.8,70.55,96.9,0.89,80.75
Delhi,22-05-2021,94,51.7,101.52,78.02,107.16,0.99,89.3
Delhi,23-05-2021,237,130.35,255.96,196.71,270.18,2.49,225.15
Delhi,24-05-2021,169,92.95,182.52,140.27,192.66,1.77,160.55
Delhi,25-05-2021,140,77,151.2,116.2,159.6,1.47,133
Delhi,26-05-2021,149,81.95,160.92,123.67,169.86,1.56,141.55
Delhi,27-05-2021,150,82.5,162,124.5,171,1.58,142.5
Delhi,28-05-2021,106,58.3,114.48,87.98,120.84,1.11,100.7
Delhi,29-05-2021,87,47.85,93.96,72.21,99.18,0.91,82.65
Delhi,30-05-2021,101,55.55,109.08,83.83,115.14,1.06,95.95
Delhi,31-05-2021,135,74.25,145.8,112.05,153.9,1.42,128.25
Delhi,01-06-2021,115,63.25,124.2,95.45,131.1,1.21,109.25
Delhi,02-06-2021,143,78.65,154.44,118.69,163.02,1.5,135.85
Delhi,03-06-2021,159,87.45,171.72,131.97,181.26,1.67,151.05
Delhi,04-06-2021,196,107.8,211.68,162.68,223.44,2.06,186.2
Delhi,05-06-2021,124,68.2,133.92,102.92,141.36,1.3,117.8
Delhi,06-06-2021,134,73.7,144.72,111.22,152.76,1.41,127.3
Delhi,07-06-2021,180,99,194.4,149.4,205.2,1.89,171
Delhi,08-06-2021,205,112.75,221.4,170.15,233.7,2.15,194.75
Delhi,09-06-2021,305,167.75,329.4,253.15,347.7,3.2,289.75
Delhi,10-06-2021,221,121.55,238.68,183.43,251.94,2.32,209.95
Delhi,11-06-2021,145,79.75,156.6,120.35,165.3,1.52,137.75
Delhi,12-06-2021,133,73.15,143.64,110.39,151.62,1.4,126.35
Delhi,13-06-2021,83,45.65,89.64,68.89,94.62,0.87,78.85
Delhi,14-06-2021,124,68.2,133.92,102.92,141.36,1.3,117.8
Delhi,15-06-2021,113,62.15,122.04,93.79,128.82,1.19,107.35
Delhi,16-06-2021,115,63.25,124.2,95.45,131.1,1.21,109.25
Delhi,17-06-2021,108,59.4,116.64,89.64,123.12,1.13,102.6
Delhi,18-06-2021,81,44.55,87.48,67.23,92.34,0.85,76.95
Delhi,19-06-2021,70,38.5,75.6,58.1,79.8,0.74,66.5
Delhi,20-06-2021,62,34.1,66.96,51.46,70.68,0.65,58.9
Delhi,21-06-2021,84,46.2,90.72,69.72,95.76,0.88,79.8
Delhi,22-06-2021,127,69.85,137.16,105.41,144.78,1.33,120.65
Delhi,23-06-2021,218,119.9,235.44,180.94,248.52,2.29,207.1
Delhi,24-06-2021,146,80.3,157.68,121.18,166.44,1.53,138.7
Delhi,25-06-2021,163,89.65,176.04,135.29,185.82,1.71,154.85
Delhi,26-06-2021,135,74.25,145.8,112.05,153.9,1.42,128.25
Delhi,27-06-2021,168,92.4,181.44,139.44,191.52,1.76,159.6
Delhi,28-06-2021,161,88.55,173.88,133.63,183.54,1.69,152.95
Delhi,29-06-2021,195,107.25,210.6,161.85,222.3,2.05,185.25
Delhi,30-06-2021,206,113.3,222.48,170.98,234.84,2.16,195.7
Delhi,01-07-2021,266,146.3,287.28,220.78,303.24,2.79,252.7
Delhi,02-07-2021,245,134.75,264.6,203.35,279.3,2.57,232.75
Delhi,03-07-2021,139,76.45,150.12,115.37,158.46,1.46,132.05
Delhi,04-07-2021,140,77,151.2,116.2,159.6,1.47,133
Delhi,05-07-2021,149,81.95,160.92,123.67,169.86,1.56,141.55
Delhi,06-07-2021,144,79.2,155.52,119.52,164.16,1.51,136.8
Delhi,07-07-2021,178,97.9,192.24,147.74,202.92,1.87,169.1
Delhi,08-07-2021,164,90.2,177.12,136.12,186.96,1.72,155.8
Delhi,09-07-2021,144,79.2,155.52,119.52,164.16,1.51,136.8
Delhi,10-07-2021,97,53.35,104.76,80.51,110.58,1.02,92.15
Delhi,11-07-2021,94,51.7,101.52,78.02,107.16,0.99,89.3
Delhi,12-07-2021,90,49.5,97.2,74.7,102.6,0.95,85.5
Delhi,13-07-2021,80,44,86.4,66.4,91.2,0.84,76
Delhi,14-07-2021,83,45.65,89.64,68.89,94.62,0.87,78.85
Delhi,15-07-2021,83,45.65,89.64,68.89,94.62,0.87,78.85
Delhi,16-07-2021,90,49.5,97.2,74.7,102.6,0.95,85.5
Delhi,17-07-2021,117,64.35,126.36,97.11,133.38,1.23,111.15
Delhi,18-07-2021,94,51.7,101.52,78.02,107.16,0.99,89.3
Delhi,19-07-2021,62,34.1,66.96,51.46,70.68,0.65,58.9
Delhi,20-07-2021,81,44.55,87.48,67.23,92.34,0.85,76.95
Delhi,21-07-2021,74,40.7,79.92,61.42,84.36,0.78,70.3
Delhi,22-07-2021,83,45.65,89.64,68.89,94.62,0.87,78.85
Delhi,23-07-2021,68,37.4,73.44,56.44,77.52,0.71,64.6
Delhi,24-07-2021,99,54.45,106.92,82.17,112.86,1.04,94.05
Delhi,25-07-2021,107,58.85,115.56,88.81,121.98,1.12,101.65
Delhi,26-07-2021,86,47.3,92.88,71.38,98.04,0.9,81.7
Delhi,27-07-2021,98,53.9,105.84,81.34,111.72,1.03,93.1
Delhi,28-07-2021,61,33.55,65.88,50.63,69.54,0.64,57.95
Delhi,29-07-2021,63,34.65,68.04,52.29,71.82,0.66,59.85
Delhi,30-07-2021,76,41.8,82.08,63.08,86.64,0.8,72.2
Delhi,31-07-2021,57,31.35,61.56,47.31,64.98,0.6,54.15
Delhi,01-08-2021,81,44.55,87.48,67.23,92.34,0.85,76.95
Delhi,02-08-2021,95,52.25,102.6,78.85,108.3,1,90.25
Delhi,03-08-2021,71,39.05,76.68,58.93,80.94,0.75,67.45
Delhi,04-08-2021,69,37.95,74.52,57.27,78.66,0.72,65.55
Delhi,05-08-2021,99,54.45,106.92,82.17,112.86,1.04,94.05
Delhi,06-08-2021,104,57.2,112.32,86.32,118.56,1.09,98.8
Delhi,07-08-2021,101,55.55,109.08,83.83,115.14,1.06,95.95
Delhi,08-08-2021,109,59.95,117.72,90.47,124.26,1.14,103.55
Delhi,09-08-2021,101,55.55,109.08,83.83,115.14,1.06,95.95
Delhi,10-08-2021,101,55.55,109.08,83.83,115.14,1.06,95.95
Delhi,11-08-2021,122,67.1,131.76,101.26,139.08,1.28,115.9
Delhi,12-08-2021,114,62.7,123.12,94.62,129.96,1.2,108.3
Delhi,13-08-2021,118,64.9,127.44,97.94,134.52,1.24,112.1
Delhi,14-08-2021,116,63.8,125.28,96.28,132.24,1.22,110.2
Delhi,15-08-2021,114,62.7,123.12,94.62,129.96,1.2,108.3
Delhi,16-08-2021,121,66.55,130.68,100.43,137.94,1.27,114.95
Delhi,17-08-2021,150,82.5,162,124.5,171,1.58,142.5
Delhi,18-08-2021,152,83.6,164.16,126.16,173.28,1.6,144.4
Delhi,19-08-2021,167,91.85,180.36,138.61,190.38,1.75,158.65
Delhi,20-08-2021,111,61.05,119.88,92.13,126.54,1.17,105.45
Delhi,21-08-2021,69,37.95,74.52,57.27,78.66,0.72,65.55
Delhi,22-08-2021,59,32.45,63.72,48.97,67.26,0.62,56.05
Delhi,23-08-2021,82,45.1,88.56,68.06,93.48,0.86,77.9
Delhi,24-08-2021,100,55,108,83,114,1.05,95
Delhi,25-08-2021,115,63.25,124.2,95.45,131.1,1.21,109.25
Delhi,26-08-2021,114,62.7,123.12,94.62,129.96,1.2,108.3
Delhi,27-08-2021,134,73.7,144.72,111.22,152.76,1.41,127.3
Delhi,28-08-2021,147,80.85,158.76,122.01,167.58,1.54,139.65
Delhi,29-08-2021,119,65.45,128.52,98.77,135.66,1.25,113.05
Delhi,30-08-2021,81,44.55,87.48,67.23,92.34,0.85,76.95
Delhi,31-08-2021,73,40.15,78.84,60.59,83.22,0.77,69.35
Delhi,01-09-2021,64,35.2,69.12,53.12,72.96,0.67,60.8
Delhi,02-09-2021,64,35.2,69.12,53.12,72.96,0.67,60.8
Delhi,03-09-2021,70,38.5,75.6,58.1,79.8,0.74,66.5
Delhi,04-09-2021,68,37.4,73.44,56.44,77.52,0.71,64.6
Delhi,05-09-2021,88,48.4,95.04,73.04,100.32,0.92,83.6
Delhi,06-09-2021,122,67.1,131.76,101.26,139.08,1.28,115.9
Delhi,07-09-2021,98,53.9,105.84,81.34,111.72,1.03,93.1
Delhi,08-09-2021,70,38.5,75.6,58.1,79.8,0.74,66.5
Delhi,09-09-2021,75,41.25,81,62.25,85.5,0.79,71.25
Delhi,10-09-2021,79,43.45,85.32,65.57,90.06,0.83,75.05
Delhi,11-09-2021,61,33.55,65.88,50.63,69.54,0.64,57.95
Delhi,12-09-2021,60,33,64.8,49.8,68.4,0.63,57
Delhi,13-09-2021,89,48.95,96.12,73.87,101.46,0.93,84.55
Delhi,14-09-2021,69,37.95,74.52,57.27,78.66,0.72,65.55
Delhi,15-09-2021,70,38.5,75.6,58.1,79.8,0.74,66.5
Delhi,16-09-2021,79,43.45,85.32,65.57,90.06,0.83,75.05
Delhi,17-09-2021,62,34.1,66.96,51.46,70.68,0.65,58.9
Delhi,18-09-2021,69,37.95,74.52,57.27,78.66,0.72,65.55
Delhi,19-09-2021,82,45.1,88.56,68.06,93.48,0.86,77.9
Delhi,20-09-2021,82,45.1,88.56,68.06,93.48,0.86,77.9
Delhi,21-09-2021,83,45.65,89.64,68.89,94.62,0.87,78.85
Delhi,22-09-2021,69,37.95,74.52,57.27,78.66,0.72,65.55
Delhi,23-09-2021,68,37.4,73.44,56.44,77.52,0.71,64.6
Delhi,24-09-2021,64,35.2,69.12,53.12,72.96,0.67,60.8
Delhi,25-09-2021,80,44,86.4,66.4,91.2,0.84,76
Delhi,26-09-2021,75,41.25,81,62.25,85.5,0.79,71.25
Delhi,27-09-2021,108,59.4,116.64,89.64,123.12,1.13,102.6
Delhi,28-09-2021,120,66,129.6,99.6,136.8,1.26,114
Delhi,29-09-2021,81,44.55,87.48,67.23,92.34,0.85,76.95
Delhi,30-09-2021,84,46.2,90.72,69.72,95.76,0.88,79.8
Delhi,01-10-2021,108,59.4,116.64,89.64,123.12,1.13,102.6
Delhi,02-10-2021,125,68.75,135,103.75,142.5,1.31,118.75
Delhi,03-10-2021,105,57.75,113.4,87.15,119.7,1.1,99.75
Delhi,04-10-2021,91,50.05,98.28,75.53,103.74,0.96,86.45
Delhi,05-10-2021,115,63.25,124.2,95.45,131.1,1.21,109.25
Delhi,06-10-2021,114,62.7,123.12,94.62,129.96,1.2,108.3
Delhi,07-10-2021,127,69.85,137.16,105.41,144.78,1.33,120.65
Delhi,08-10-2021,167,91.85,180.36,138.61,190.38,1.75,158.65
Delhi,09-10-2021,171,94.05,184.68,141.93,194.94,1.8,162.45
Delhi,10-10-2021,168,92.4,181.44,139.44,191.52,1.76,159.6
Delhi,11-10-2021,166,91.3,179.28,137.78,189.24,1.74,157.7
Delhi,12-10-2021,179,98.45,193.32,148.57,204.06,1.88,170.05
Delhi,13-10-2021,171,94.05,184.68,141.93,194.94,1.8,162.45
Delhi,14-10-2021,182,100.1,196.56,151.06,207.48,1.91,172.9
Delhi,15-10-2021,198,108.9,213.84,164.34,225.72,2.08,188.1
Delhi,16-10-2021,284,156.2,306.72,235.72,323.76,2.98,269.8
Delhi,17-10-2021,298,163.9,321.84,247.34,339.72,3.13,283.1
Delhi,18-10-2021,46,25.3,49.68,38.18,52.44,0.48,43.7
Delhi,19-10-2021,69,37.95,74.52,57.27,78.66,0.72,65.55
Delhi,20-10-2021,221,121.55,238.68,183.43,251.94,2.32,209.95
Delhi,21-10-2021,199,109.45,214.92,165.17,226.86,2.09,189.05
Delhi,22-10-2021,170,93.5,183.6,141.1,193.8,1.79,161.5
Delhi,23-10-2021,173,95.15,186.84,143.59,197.22,1.82,164.35
Delhi,24-10-2021,160,88,172.8,132.8,182.4,1.68,152
Delhi,25-10-2021,82,45.1,88.56,68.06,93.48,0.86,77.9
Delhi,26-10-2021,139,76.45,150.12,115.37,158.46,1.46,132.05
Delhi,27-10-2021,232,127.6,250.56,192.56,264.48,2.44,220.4
Delhi,28-10-2021,268,147.4,289.44,222.44,305.52,2.81,254.6
Delhi,29-10-2021,283,155.65,305.64,234.89,322.62,2.97,268.85
Delhi,30-10-2021,268,147.4,289.44,222.44,305.52,2.81,254.6
Delhi,31-10-2021,289,158.95,312.12,239.87,329.46,3.03,274.55
Delhi,01-11-2021,281,154.55,303.48,233.23,320.34,2.95,266.95
Delhi,02-11-2021,303,166.65,327.24,251.49,345.42,3.18,287.85
Delhi,03-11-2021,314,172.7,339.12,260.62,357.96,3.3,298.3
Delhi,04-11-2021,382,210.1,412.56,317.06,435.48,4.01,362.9
Delhi,05-11-2021,462,254.1,498.96,383.46,526.68,4.85,438.9
Delhi,06-11-2021,437,240.35,471.96,362.71,498.18,4.59,415.15
Delhi,07-11-2021,428,235.4,462.24,355.24,487.92,4.49,406.6
Delhi,08-11-2021,390,214.5,421.2,323.7,444.6,4.1,370.5
Delhi,09-11-2021,404,222.2,436.32,335.32,460.56,4.24,383.8
Delhi,10-11-2021,372,204.6,401.76,308.76,424.08,3.91,353.4
Delhi,11-11-2021,411,226.05,443.88,341.13,468.54,4.32,390.45
Delhi,12-11-2021,471,259.05,508.68,390.93,536.94,4.95,447.45
Delhi,13-11-2021,437,240.35,471.96,362.71,498.18,4.59,415.15
Delhi,14-11-2021,330,181.5,356.4,273.9,376.2,3.47,313.5
Delhi,15-11-2021,353,194.15,381.24,292.99,402.42,3.71,335.35
Delhi,16-11-2021,403,221.65,435.24,334.49,459.42,4.23,382.85
Delhi,17-11-2021,375,206.25,405,311.25,427.5,3.94,356.25
Delhi,18-11-2021,347,190.85,374.76,288.01,395.58,3.64,329.65
Delhi,19-11-2021,380,209,410.4,315.4,433.2,3.99,361
Delhi,20-11-2021,374,205.7,403.92,310.42,426.36,3.93,355.3
Delhi,21-11-2021,349,191.95,376.92,289.67,397.86,3.66,331.55
Delhi,22-11-2021,311,171.05,335.88,258.13,354.54,3.27,295.45
Delhi,23-11-2021,290,159.5,313.2,240.7,330.6,3.05,275.5
Delhi,24-11-2021,361,198.55,389.88,299.63,411.54,3.79,342.95
Delhi,25-11-2021,400,220,432,332,456,4.2,380
Delhi,26-11-2021,406,223.3,438.48,336.98,462.84,4.26,385.7
Delhi,27-11-2021,402,221.1,434.16,333.66,458.28,4.22,381.9
Delhi,28-11-2021,405,222.75,437.4,336.15,461.7,4.25,384.75
Delhi,29-11-2021,389,213.95,420.12,322.87,443.46,4.08,369.55
Delhi,30-11-2021,328,180.4,354.24,272.24,373.92,3.44,311.6
Delhi,01-12-2021,370,203.5,399.6,307.1,421.8,3.89,351.5
Delhi,02-12-2021,429,235.95,463.32,356.07,489.06,4.5,407.55
Delhi,03-12-2021,346,190.3,373.68,287.18,394.44,3.63,328.7
Delhi,04-12-2021,362,199.1,390.96,300.46,412.68,3.8,343.9
Delhi,05-12-2021,305,167.75,329.4,253.15,347.7,3.2,289.75
Delhi,06-12-2021,322,177.1,347.76,267.26,367.08,3.38,305.9
Delhi,07-12-2021,255,140.25,275.4,211.65,290.7,2.68,242.25
Delhi,08-12-2021,237,130.35,255.96,196.71,270.18,2.49,225.15
Delhi,09-12-2021,289,158.95,312.12,239.87,329.46,3.03,274.55
Delhi,10-12-2021,314,172.7,339.12,260.62,357.96,3.3,298.3
Delhi,11-12-2021,281,154.55,303.48,233.23,320.34,2.95,266.95
Delhi,12-12-2021,254,139.7,274.32,210.82,289.56,2.67,241.3
Delhi,13-12-2021,331,182.05,357.48,274.73,377.34,3.48,314.45
Delhi,14-12-2021,367,201.85,396.36,304.61,418.38,3.85,348.65
Delhi,15-12-2021,363,199.65,392.04,301.29,413.82,3.81,344.85
Delhi,16-12-2021,368,202.4,397.44,305.44,419.52,3.86,349.6
Delhi,17-12-2021,329,180.95,355.32,273.07,375.06,3.45,312.55
Delhi,18-12-2021,291,160.05,314.28,241.53,331.74,3.06,276.45
Delhi,19-12-2021,271,149.05,292.68,224.93,308.94,2.85,257.45
Delhi,20-12-2021,332,182.6,358.56,275.56,378.48,3.49,315.4
Delhi,21-12-2021,402,221.1,434.16,333.66,458.28,4.22,381.9
Delhi,22-12-2021,407,223.85,439.56,337.81,463.98,4.27,386.65
Delhi,23-12-2021,423,232.65,456.84,351.09,482.22,4.44,401.85
Delhi,24-12-2021,415,228.25,448.2,344.45,473.1,4.36,394.25
Delhi,25-12-2021,431,237.05,465.48,357.73,491.34,4.53,409.45
Delhi,26-12-2021,459,252.45,495.72,380.97,523.26,4.82,436.05
Delhi,27-12-2021,283,155.65,305.64,234.89,322.62,2.97,268.85
Delhi,28-12-2021,305,167.75,329.4,253.15,347.7,3.2,289.75
Delhi,29-12-2021,267,146.85,288.36,221.61,304.38,2.8,253.65
Delhi,30-12-2021,286,157.3,308.88,237.38,326.04,3,271.7
Delhi,31-12-2021,321,176.55,346.68,266.43,365.94,3.37,304.95
Delhi,01-01-2022,402,221.1,434.16,333.66,458.28,4.22,381.9
Delhi,02-01-2022,437,240.35,471.96,362.71,498.18,4.59,415.15
Delhi,03-01-2022,402,221.1,434.16,333.66,458.28,4.22,381.9
Delhi,04-01-2022,420,231,453.6,348.6,478.8,4.41,399
Delhi,05-01-2022,449,246.95,484.92,372.67,511.86,4.71,426.55
Delhi,06-01-2022,252,138.6,272.16,209.16,287.28,2.65,239.4
Delhi,07-01-2022,179,98.45,193.32,148.57,204.06,1.88,170.05
Delhi,08-01-2022,84,46.2,90.72,69.72,95.76,0.88,79.8
Delhi,09-01-2022,81,44.55,87.48,67.23,92.34,0.85,76.95
Delhi,10-01-2022,182,100.1,196.56,151.06,207.48,1.91,172.9
Delhi,11-01-2022,256,140.8,276.48,212.48,291.84,2.69,243.2
Delhi,12-01-2022,220,121,237.6,182.6,250.8,2.31,209
Delhi,13-01-2022,351,193.05,379.08,291.33,400.14,3.69,333.45
Delhi,14-01-2022,348,191.4,375.84,288.84,396.72,3.65,330.6
Delhi,15-01-2022,250,137.5,270,207.5,285,2.63,237.5
Delhi,16-01-2022,268,147.4,289.44,222.44,305.52,2.81,254.6
Delhi,17-01-2022,335,184.25,361.8,278.05,381.9,3.52,318.25
Delhi,18-01-2022,356,195.8,384.48,295.48,405.84,3.74,338.2
Delhi,19-01-2022,338,185.9,365.04,280.54,385.32,3.55,321.1
Delhi,20-01-2022,393,216.15,424.44,326.19,448.02,4.13,373.35
Delhi,21-01-2022,366,201.3,395.28,303.78,417.24,3.84,347.7
Delhi,22-01-2022,338,185.9,365.04,280.54,385.32,3.55,321.1
Delhi,23-01-2022,206,113.3,222.48,170.98,234.84,2.16,195.7
Delhi,24-01-2022,217,119.35,234.36,180.11,247.38,2.28,206.15
Delhi,25-01-2022,278,152.9,300.24,230.74,316.92,2.92,264.1
Delhi,26-01-2022,281,154.55,303.48,233.23,320.34,2.95,266.95
Delhi,27-01-2022,289,158.95,312.12,239.87,329.46,3.03,274.55
Delhi,28-01-2022,234,128.7,252.72,194.22,266.76,2.46,222.3
Delhi,29-01-2022,304,167.2,328.32,252.32,346.56,3.19,288.8
Delhi,30-01-2022,313,172.15,338.04,259.79,356.82,3.29,297.35
Delhi,31-01-2022,355,195.25,383.4,294.65,404.7,3.73,337.25
Delhi,01-02-2022,342,188.1,369.36,283.86,389.88,3.59,324.9
Delhi,02-02-2022,321,176.55,346.68,266.43,365.94,3.37,304.95
Delhi,03-02-2022,335,184.25,361.8,278.05,381.9,3.52,318.25
Delhi,04-02-2022,126,69.3,136.08,104.58,143.64,1.32,119.7
Delhi,05-02-2022,279,153.45,301.32,231.57,318.06,2.93,265.05
Delhi,06-02-2022,380,209,410.4,315.4,433.2,3.99,361
Delhi,07-02-2022,326,179.3,352.08,270.58,371.64,3.42,309.7
Delhi,08-02-2022,313,172.15,338.04,259.79,356.82,3.29,297.35
Delhi,09-02-2022,316,173.8,341.28,262.28,360.24,3.32,300.2
Delhi,10-02-2022,204,112.2,220.32,169.32,232.56,2.14,193.8
Delhi,11-02-2022,216,118.8,233.28,179.28,246.24,2.27,205.2
Delhi,12-02-2022,232,127.6,250.56,192.56,264.48,2.44,220.4
Delhi,13-02-2022,356,195.8,384.48,295.48,405.84,3.74,338.2
Delhi,14-02-2022,345,189.75,372.6,286.35,393.3,3.62,327.75
Delhi,15-02-2022,293,161.15,316.44,243.19,334.02,3.08,278.35
Delhi,16-02-2022,338,185.9,365.04,280.54,385.32,3.55,321.1
Delhi,17-02-2022,304,167.2,328.32,252.32,346.56,3.19,288.8
Delhi,18-02-2022,341,187.55,368.28,283.03,388.74,3.58,323.95
Delhi,19-02-2022,218,119.9,235.44,180.94,248.52,2.29,207.1
Delhi,20-02-2022,194,106.7,209.52,161.02,221.16,2.04,184.3
Delhi,22-02-2022,333,183.15,359.64,276.39,379.62,3.5,316.35
Delhi,23-02-2022,261,143.55,281.88,216.63,297.54,2.74,247.95
Delhi,24-02-2022,358,196.9,386.64,297.14,408.12,3.76,340.1
Delhi,25-02-2022,353,194.15,381.24,292.99,402.42,3.71,335.35
Delhi,26-02-2022,78,42.9,84.24,64.74,88.92,0.82,74.1
Delhi,27-02-2022,106,58.3,114.48,87.98,120.84,1.11,100.7
Delhi,28-02-2022,113,62.15,122.04,93.79,128.82,1.19,107.35
Delhi,01-03-2022,215,118.25,232.2,178.45,245.1,2.26,204.25
Delhi,02-03-2022,289,158.95,312.12,239.87,329.46,3.03,274.55
Delhi,03-03-2022,218,119.9,235.44,180.94,248.52,2.29,207.1
Delhi,04-03-2022,256,140.8,276.48,212.48,291.84,2.69,243.2
Delhi,05-03-2022,137,75.35,147.96,113.71,156.18,1.44,130.15
Delhi,06-03-2022,207,113.85,223.56,171.81,235.98,2.17,196.65
Delhi,07-03-2022,301,165.55,325.08,249.83,343.14,3.16,285.95
Delhi,08-03-2022,357,196.35,385.56,296.31,406.98,3.75,339.15
Delhi,09-03-2022,206,113.3,222.48,170.98,234.84,2.16,195.7
Delhi,10-03-2022,180,99,194.4,149.4,205.2,1.89,171
Delhi,12-03-2022,207,113.85,223.56,171.81,235.98,2.17,196.65
Delhi,13-03-2022,234,128.7,252.72,194.22,266.76,2.46,222.3
Delhi,14-03-2022,328,180.4,354.24,272.24,373.92,3.44,311.6
Delhi,15-03-2022,324,178.2,349.92,268.92,369.36,3.4,307.8
Delhi,16-03-2022,271,149.05,292.68,224.93,308.94,2.85,257.45
Delhi,17-03-2022,277,152.35,299.16,229.91,315.78,2.91,263.15
Delhi,18-03-2022,347,190.85,374.76,288.01,395.58,3.64,329.65
Delhi,19-03-2022,256,140.8,276.48,212.48,291.84,2.69,243.2
Delhi,20-03-2022,303,166.65,327.24,251.49,345.42,3.18,287.85
Delhi,22-03-2022,199,109.45,214.92,165.17,226.86,2.09,189.05
Delhi,23-03-2022,270,148.5,291.6,224.1,307.8,2.84,256.5
Delhi,24-03-2022,366,201.3,395.28,303.78,417.24,3.84,347.7
Delhi,25-03-2022,263,144.65,284.04,218.29,299.82,2.76,249.85
Delhi,26-03-2022,264,145.2,285.12,219.12,300.96,2.77,250.8
Delhi,27-03-2022,244,134.2,263.52,202.52,278.16,2.56,231.8
Delhi,28-03-2022,322,177.1,347.76,267.26,367.08,3.38,305.9
Delhi,29-03-2022,350,192.5,378,290.5,399,3.68,332.5
Delhi,30-03-2022,345,189.75,372.6,286.35,393.3,3.62,327.75
Delhi,31-03-2022,366,201.3,395.28,303.78,417.24,3.84,347.7
Delhi,01-04-2022,226,124.3,244.08,187.58,257.64,2.37,214.7
Delhi,02-04-2022,322,177.1,347.76,267.26,367.08,3.38,305.9
Delhi,03-04-2022,310,170.5,334.8,257.3,353.4,3.26,294.5
Delhi,04-04-2022,346,190.3,373.68,287.18,394.44,3.63,328.7
Delhi,05-04-2022,337,185.35,363.96,279.71,384.18,3.54,320.15
Delhi,06-04-2022,349,191.95,376.92,289.67,397.86,3.66,331.55
Delhi,07-04-2022,359,197.45,387.72,297.97,409.26,3.77,341.05
Delhi,08-04-2022,314,172.7,339.12,260.62,357.96,3.3,298.3
Delhi,09-04-2022,332,182.6,358.56,275.56,378.48,3.49,315.4
Delhi,10-04-2022,312,171.6,336.96,258.96,355.68,3.28,296.4
Delhi,11-04-2022,335,184.25,361.8,278.05,381.9,3.52,318.25
Delhi,12-04-2022,300,165,324,249,342,3.15,285
Delhi,13-04-2022,377,207.35,407.16,312.91,429.78,3.96,358.15
Delhi,14-04-2022,329,180.95,355.32,273.07,375.06,3.45,312.55
Delhi,15-04-2022,198,108.9,213.84,164.34,225.72,2.08,188.1
Delhi,16-04-2022,314,172.7,339.12,260.62,357.96,3.3,298.3
Delhi,17-04-2022,312,171.6,336.96,258.96,355.68,3.28,296.4
Delhi,18-04-2022,307,168.85,331.56,254.81,349.98,3.22,291.65
Delhi,19-04-2022,390,214.5,421.2,323.7,444.6,4.1,370.5
Delhi,20-04-2022,316,173.8,341.28,262.28,360.24,3.32,300.2
Delhi,22-04-2022,219,120.45,236.52,181.77,249.66,2.3,208.05
Delhi,23-04-2022,325,178.75,351,269.75,370.5,3.41,308.75
Delhi,24-04-2022,347,190.85,374.76,288.01,395.58,3.64,329.65
Delhi,25-04-2022,298,163.9,321.84,247.34,339.72,3.13,283.1
Delhi,27-04-2022,381,209.55,411.48,316.23,434.34,4,361.95
Delhi,28-04-2022,403,221.65,435.24,334.49,459.42,4.23,382.85
Delhi,29-04-2022,383,210.65,413.64,317.89,436.62,4.02,363.85
Delhi,30-04-2022,362,199.1,390.96,300.46,412.68,3.8,343.9
Delhi,01-05-2022,315,173.25,340.2,261.45,359.1,3.31,299.25
Delhi,02-05-2022,220,121,237.6,182.6,250.8,2.31,209
Delhi,04-05-2022,226,124.3,244.08,187.58,257.64,2.37,214.7
Delhi,05-05-2022,167,91.85,180.36,138.61,190.38,1.75,158.65
Delhi,06-05-2022,308,169.4,332.64,255.64,351.12,3.23,292.6
Delhi,07-05-2022,242,133.1,261.36,200.86,275.88,2.54,229.9
Delhi,08-05-2022,202,111.1,218.16,167.66,230.28,2.12,191.9
Delhi,09-05-2022,159,87.45,171.72,131.97,181.26,1.67,151.05
Delhi,10-05-2022,154,84.7,166.32,127.82,175.56,1.62,146.3
Delhi,11-05-2022,153,84.15,165.24,126.99,174.42,1.61,145.35
Delhi,12-05-2022,163,89.65,176.04,135.29,185.82,1.71,154.85
Delhi,13-05-2022,186,102.3,200.88,154.38,212.04,1.95,176.7
Delhi,14-05-2022,338,185.9,365.04,280.54,385.32,3.55,321.1
Delhi,15-05-2022,310,170.5,334.8,257.3,353.4,3.26,294.5
Delhi,16-05-2022,361,198.55,389.88,299.63,411.54,3.79,342.95
Delhi,17-05-2022,217,119.35,234.36,180.11,247.38,2.28,206.15
Delhi,18-05-2022,227,124.85,245.16,188.41,258.78,2.38,215.65
Delhi,19-05-2022,235,129.25,253.8,195.05,267.9,2.47,223.25
Delhi,20-05-2022,298,163.9,321.84,247.34,339.72,3.13,283.1
Delhi,21-05-2022,288,158.4,311.04,239.04,328.32,3.02,273.6
Delhi,22-05-2022,183,100.65,197.64,151.89,208.62,1.92,173.85
Delhi,23-05-2022,161,88.55,173.88,133.63,183.54,1.69,152.95
Delhi,24-05-2022,90,49.5,97.2,74.7,102.6,0.95,85.5
Delhi,25-05-2022,236,129.8,254.88,195.88,269.04,2.48,224.2
Delhi,26-05-2022,263,144.65,284.04,218.29,299.82,2.76,249.85
Delhi,27-05-2022,247,135.85,266.76,205.01,281.58,2.59,234.65
Delhi,28-05-2022,261,143.55,281.88,216.63,297.54,2.74,247.95
Delhi,29-05-2022,254,139.7,274.32,210.82,289.56,2.67,241.3
Delhi,30-05-2022,185,101.75,199.8,153.55,210.9,1.94,175.75
Delhi,31-05-2022,275,151.25,297,228.25,313.5,2.89,261.25
Delhi,01-06-2022,367,201.85,396.36,304.61,418.38,3.85,348.65
Delhi,02-06-2022,248,136.4,267.84,205.84,282.72,2.6,235.6
Delhi,03-06-2022,291,160.05,314.28,241.53,331.74,3.06,276.45
Delhi,04-06-2022,265,145.75,286.2,219.95,302.1,2.78,251.75
Delhi,06-06-2022,190,104.5,205.2,157.7,216.6,2,180.5
Delhi,07-06-2022,319,175.45,344.52,264.77,363.66,3.35,303.05
Delhi,08-06-2022,385,211.75,415.8,319.55,438.9,4.04,365.75
Delhi,09-06-2022,246,135.3,265.68,204.18,280.44,2.58,233.7
Delhi,10-06-2022,341,187.55,368.28,283.03,388.74,3.58,323.95
Delhi,11-06-2022,266,146.3,287.28,220.78,303.24,2.79,252.7
Delhi,12-06-2022,262,144.1,282.96,217.46,298.68,2.75,248.9
Delhi,13-06-2022,203,111.65,219.24,168.49,231.42,2.13,192.85
Delhi,14-06-2022,244,134.2,263.52,202.52,278.16,2.56,231.8
Delhi,15-06-2022,125,68.75,135,103.75,142.5,1.31,118.75
Delhi,16-06-2022,126,69.3,136.08,104.58,143.64,1.32,119.7
Delhi,17-06-2022,87,47.85,93.96,72.21,99.18,0.91,82.65
Delhi,18-06-2022,83,45.65,89.64,68.89,94.62,0.87,78.85
Delhi,20-06-2022,157,86.35,169.56,130.31,178.98,1.65,149.15
Delhi,21-06-2022,143,78.65,154.44,118.69,163.02,1.5,135.85
Delhi,22-06-2022,164,90.2,177.12,136.12,186.96,1.72,155.8
Delhi,23-06-2022,164,90.2,177.12,136.12,186.96,1.72,155.8
Delhi,24-06-2022,214,117.7,231.12,177.62,243.96,2.25,203.3
Delhi,25-06-2022,260,143,280.8,215.8,296.4,2.73,247
Delhi,26-06-2022,206,113.3,222.48,170.98,234.84,2.16,195.7
Delhi,27-06-2022,128,70.4,138.24,106.24,145.92,1.34,121.6
Delhi,28-06-2022,170,93.5,183.6,141.1,193.8,1.79,161.5
Delhi,29-06-2022,169,92.95,182.52,140.27,192.66,1.77,160.55
Delhi,30-06-2022,132,72.6,142.56,109.56,150.48,1.39,125.4
Delhi,01-07-2022,91,50.05,98.28,75.53,103.74,0.96,86.45
Delhi,02-07-2022,130,71.5,140.4,107.9,148.2,1.37,123.5
Delhi,03-07-2022,80,44,86.4,66.4,91.2,0.84,76
Delhi,04-07-2022,134,73.7,144.72,111.22,152.76,1.41,127.3
Delhi,05-07-2022,202,111.1,218.16,167.66,230.28,2.12,191.9
Delhi,06-07-2022,109,59.95,117.72,90.47,124.26,1.14,103.55
Delhi,07-07-2022,103,56.65,111.24,85.49,117.42,1.08,97.85
Delhi,08-07-2022,99,54.45,106.92,82.17,112.86,1.04,94.05
Delhi,09-07-2022,120,66,129.6,99.6,136.8,1.26,114
Delhi,10-07-2022,79,43.45,85.32,65.57,90.06,0.83,75.05
Delhi,11-07-2022,101,55.55,109.08,83.83,115.14,1.06,95.95
Delhi,12-07-2022,149,81.95,160.92,123.67,169.86,1.56,141.55
Delhi,14-07-2022,92,50.6,99.36,76.36,104.88,0.97,87.4
Delhi,15-07-2022,84,46.2,90.72,69.72,95.76,0.88,79.8
Delhi,16-07-2022,78,42.9,84.24,64.74,88.92,0.82,74.1
Delhi,17-07-2022,70,38.5,75.6,58.1,79.8,0.74,66.5
Delhi,18-07-2022,110,60.5,118.8,91.3,125.4,1.16,104.5
Delhi,19-07-2022,113,62.15,122.04,93.79,128.82,1.19,107.35
Delhi,20-07-2022,120,66,129.6,99.6,136.8,1.26,114
Delhi,21-07-2022,95,52.25,102.6,78.85,108.3,1,90.25
Delhi,22-07-2022,170,93.5,183.6,141.1,193.8,1.79,161.5
Delhi,23-07-2022,74,40.7,79.92,61.42,84.36,0.78,70.3
Delhi,24-07-2022,74,40.7,79.92,61.42,84.36,0.78,70.3
Delhi,25-07-2022,72,39.6,77.76,59.76,82.08,0.76,68.4
Delhi,26-07-2022,71,39.05,76.68,58.93,80.94,0.75,67.45
Delhi,27-07-2022,77,42.35,83.16,63.91,87.78,0.81,73.15
Delhi,28-07-2022,67,36.85,72.36,55.61,76.38,0.7,63.65
Delhi,29-07-2022,74,40.7,79.92,61.42,84.36,0.78,70.3
Delhi,30-07-2022,69,37.95,74.52,57.27,78.66,0.72,65.55
Delhi,31-07-2022,76,41.8,82.08,63.08,86.64,0.8,72.2
Delhi,01-08-2022,86,47.3,92.88,71.38,98.04,0.9,81.7
Delhi,02-08-2022,97,53.35,104.76,80.51,110.58,1.02,92.15
Delhi,03-08-2022,132,72.6,142.56,109.56,150.48,1.39,125.4
Delhi,04-08-2022,120,66,129.6,99.6,136.8,1.26,114
Delhi,05-08-2022,83,45.65,89.64,68.89,94.62,0.87,78.85
Delhi,06-08-2022,110,60.5,118.8,91.3,125.4,1.16,104.5
Delhi,07-08-2022,160,88,172.8,132.8,182.4,1.68,152
Delhi,08-08-2022,102,56.1,110.16,84.66,116.28,1.07,96.9
Delhi,09-08-2022,140,77,151.2,116.2,159.6,1.47,133
Delhi,10-08-2022,106,58.3,114.48,87.98,120.84,1.11,100.7
Delhi,11-08-2022,73,40.15,78.84,60.59,83.22,0.77,69.35
Delhi,12-08-2022,89,48.95,96.12,73.87,101.46,0.93,84.55
Delhi,13-08-2022,76,41.8,82.08,63.08,86.64,0.8,72.2
Delhi,14-08-2022,90,49.5,97.2,74.7,102.6,0.95,85.5
Delhi,15-08-2022,71,39.05,76.68,58.93,80.94,0.75,67.45
Delhi,16-08-2022,74,40.7,79.92,61.42,84.36,0.78,70.3
Delhi,17-08-2022,63,34.65,68.04,52.29,71.82,0.66,59.85
Delhi,18-08-2022,77,42.35,83.16,63.91,87.78,0.81,73.15
Delhi,19-08-2022,74,40.7,79.92,61.42,84.36,0.78,70.3
Delhi,20-08-2022,90,49.5,97.2,74.7,102.6,0.95,85.5
Delhi,22-08-2022,116,63.8,125.28,96.28,132.24,1.22,110.2
Delhi,24-08-2022,69,37.95,74.52,57.27,78.66,0.72,65.55
Delhi,25-08-2022,102,56.1,110.16,84.66,116.28,1.07,96.9
Delhi,26-08-2022,117,64.35,126.36,97.11,133.38,1.23,111.15
Delhi,27-08-2022,108,59.4,116.64,89.64,123.12,1.13,102.6
Delhi,28-08-2022,127,69.85,137.16,105.41,144.78,1.33,120.65
Delhi,29-08-2022,138,75.9,149.04,114.54,157.32,1.45,131.1
Delhi,30-08-2022,135,74.25,145.8,112.05,153.9,1.42,128.25
Delhi,31-08-2022,124,68.2,133.92,102.92,141.36,1.3,117.8
Delhi,01-09-2022,126,69.3,136.08,104.58,143.64,1.32,119.7
Delhi,02-09-2022,120,66,129.6,99.6,136.8,1.26,114
Delhi,03-09-2022,126,69.3,136.08,104.58,143.64,1.32,119.7
Delhi,04-09-2022,105,57.75,113.4,87.15,119.7,1.1,99.75
Delhi,05-09-2022,102,56.1,110.16,84.66,116.28,1.07,96.9
Delhi,06-09-2022,128,70.4,138.24,106.24,145.92,1.34,121.6
Delhi,07-09-2022,138,75.9,149.04,114.54,157.32,1.45,131.1
Delhi,08-09-2022,148,81.4,159.84,122.84,168.72,1.55,140.6
Delhi,09-09-2022,137,75.35,147.96,113.71,156.18,1.44,130.15
Delhi,10-09-2022,116,63.8,125.28,96.28,132.24,1.22,110.2
Delhi,11-09-2022,89,48.95,96.12,73.87,101.46,0.93,84.55
Delhi,12-09-2022,83,45.65,89.64,68.89,94.62,0.87,78.85
Delhi,13-09-2022,81,44.55,87.48,67.23,92.34,0.85,76.95
Delhi,14-09-2022,69,37.95,74.52,57.27,78.66,0.72,65.55
Delhi,15-09-2022,61,33.55,65.88,50.63,69.54,0.64,57.95
Delhi,16-09-2022,52,28.6,56.16,43.16,59.28,0.55,49.4
Delhi,17-09-2022,92,50.6,99.36,76.36,104.88,0.97,87.4
Delhi,18-09-2022,124,68.2,133.92,102.92,141.36,1.3,117.8
Delhi,19-09-2022,217,119.35,234.36,180.11,247.38,2.28,206.15
Delhi,20-09-2022,161,88.55,173.88,133.63,183.54,1.69,152.95
Delhi,21-09-2022,145,79.75,156.6,120.35,165.3,1.52,137.75
Delhi,23-09-2022,60,33,64.8,49.8,68.4,0.63,57
Delhi,24-09-2022,56,30.8,60.48,46.48,63.84,0.59,53.2
Delhi,25-09-2022,62,34.1,66.96,51.46,70.68,0.65,58.9
Delhi,26-09-2022,129,70.95,139.32,107.07,147.06,1.35,122.55
Delhi,27-09-2022,116,63.8,125.28,96.28,132.24,1.22,110.2
Delhi,28-09-2022,153,84.15,165.24,126.99,174.42,1.61,145.35
Delhi,29-09-2022,181,99.55,195.48,150.23,206.34,1.9,171.95
Delhi,30-09-2022,208,114.4,224.64,172.64,237.12,2.18,197.6
Delhi,01-10-2022,230,126.5,248.4,190.9,262.2,2.42,218.5
Delhi,02-10-2022,225,123.75,243,186.75,256.5,2.36,213.75
Delhi,03-10-2022,133,73.15,143.64,110.39,151.62,1.4,126.35
Delhi,04-10-2022,165,90.75,178.2,136.95,188.1,1.73,156.75
Delhi,05-10-2022,263,144.65,284.04,218.29,299.82,2.76,249.85
Delhi,06-10-2022,67,36.85,72.36,55.61,76.38,0.7,63.65
Delhi,07-10-2022,56,30.8,60.48,46.48,63.84,0.59,53.2
Delhi,08-10-2022,60,33,64.8,49.8,68.4,0.63,57
Delhi,09-10-2022,43,23.65,46.44,35.69,49.02,0.45,40.85
Delhi,10-10-2022,49,26.95,52.92,40.67,55.86,0.51,46.55
Delhi,11-10-2022,86,47.3,92.88,71.38,98.04,0.9,81.7
Delhi,12-10-2022,162,89.1,174.96,134.46,184.68,1.7,153.9
Delhi,13-10-2022,140,77,151.2,116.2,159.6,1.47,133
Delhi,14-10-2022,182,100.1,196.56,151.06,207.48,1.91,172.9
Delhi,15-10-2022,229,125.95,247.32,190.07,261.06,2.4,217.55
Delhi,16-10-2022,276,151.8,298.08,229.08,314.64,2.9,262.2
Delhi,17-10-2022,283,155.65,305.64,234.89,322.62,2.97,268.85
Delhi,18-10-2022,292,160.6,315.36,242.36,332.88,3.07,277.4
Delhi,19-10-2022,295,162.25,318.6,244.85,336.3,3.1,280.25
Delhi,20-10-2022,280,154,302.4,232.4,319.2,2.94,266
Delhi,21-10-2022,312,171.6,336.96,258.96,355.68,3.28,296.4
Delhi,22-10-2022,331,182.05,357.48,274.73,377.34,3.48,314.45
Delhi,23-10-2022,288,158.4,311.04,239.04,328.32,3.02,273.6
Delhi,24-10-2022,351,193.05,379.08,291.33,400.14,3.69,333.45
Delhi,25-10-2022,400,220,432,332,456,4.2,380
Delhi,26-10-2022,311,171.05,335.88,258.13,354.54,3.27,295.45
Delhi,27-10-2022,385,211.75,415.8,319.55,438.9,4.04,365.75
Delhi,28-10-2022,381,209.55,411.48,316.23,434.34,4,361.95
Delhi,29-10-2022,421,231.55,454.68,349.43,479.94,4.42,399.95
Delhi,30-10-2022,392,215.6,423.36,325.36,446.88,4.12,372.4
Delhi,31-10-2022,412,226.6,444.96,341.96,469.68,4.33,391.4
Delhi,01-11-2022,446,245.3,481.68,370.18,508.44,4.68,423.7
Delhi,02-11-2022,406,223.3,438.48,336.98,462.84,4.26,385.7
Delhi,05-11-2022,366,201.3,395.28,303.78,417.24,3.84,347.7
Delhi,06-11-2022,346,190.3,373.68,287.18,394.44,3.63,328.7
Delhi,07-11-2022,386,212.3,416.88,320.38,440.04,4.05,366.7
Delhi,08-11-2022,398,218.9,429.84,330.34,453.72,4.18,378.1
Delhi,09-11-2022,234,128.7,252.72,194.22,266.76,2.46,222.3
Delhi,10-11-2022,374,205.7,403.92,310.42,426.36,3.93,355.3
Delhi,11-11-2022,456,250.8,492.48,378.48,519.84,4.79,433.2
Delhi,12-11-2022,422,232.1,455.76,350.26,481.08,4.43,400.9
Delhi,13-11-2022,360,198,388.8,298.8,410.4,3.78,342
Delhi,14-11-2022,347,190.85,374.76,288.01,395.58,3.64,329.65
Delhi,15-11-2022,231,127.05,249.48,191.73,263.34,2.43,219.45
Delhi,16-11-2022,327,179.85,353.16,271.41,372.78,3.43,310.65
Delhi,17-11-2022,357,196.35,385.56,296.31,406.98,3.75,339.15
Delhi,18-11-2022,377,207.35,407.16,312.91,429.78,3.96,358.15
Delhi,19-11-2022,344,189.2,371.52,285.52,392.16,3.61,326.8
Delhi,20-11-2022,366,201.3,395.28,303.78,417.24,3.84,347.7
Delhi,21-11-2022,343,188.65,370.44,284.69,391.02,3.6,325.85
Delhi,22-11-2022,306,168.3,330.48,253.98,348.84,3.21,290.7
Delhi,23-11-2022,279,153.45,301.32,231.57,318.06,2.93,265.05
Delhi,24-11-2022,249,136.95,268.92,206.67,283.86,2.61,236.55
Delhi,25-11-2022,342,188.1,369.36,283.86,389.88,3.59,324.9
Delhi,26-11-2022,378,207.9,408.24,313.74,430.92,3.97,359.1
Delhi,27-11-2022,363,199.65,392.04,301.29,413.82,3.81,344.85
Delhi,28-11-2022,380,209,410.4,315.4,433.2,3.99,361
Delhi,29-11-2022,418,229.9,451.44,346.94,476.52,4.39,397.1
Delhi,30-11-2022,389,213.95,420.12,322.87,443.46,4.08,369.55
Delhi,01-12-2022,399,219.45,430.92,331.17,454.86,4.19,379.05
Delhi,03-12-2022,389,213.95,420.12,322.87,443.46,4.08,369.55
Delhi,04-12-2022,441,242.55,476.28,366.03,502.74,4.63,418.95
Delhi,05-12-2022,373,205.15,402.84,309.59,425.22,3.92,354.35
Delhi,06-12-2022,369,202.95,398.52,306.27,420.66,3.87,350.55
Delhi,07-12-2022,309,169.95,333.72,256.47,352.26,3.24,293.55
Delhi,08-12-2022,303,166.65,327.24,251.49,345.42,3.18,287.85
Delhi,09-12-2022,367,201.85,396.36,304.61,418.38,3.85,348.65
Delhi,10-12-2022,407,223.85,439.56,337.81,463.98,4.27,386.65
Delhi,11-12-2022,338,185.9,365.04,280.54,385.32,3.55,321.1
Delhi,12-12-2022,228,125.4,246.24,189.24,259.92,2.39,216.6
Delhi,13-12-2022,190,104.5,205.2,157.7,216.6,2,180.5
Delhi,14-12-2022,203,111.65,219.24,168.49,231.42,2.13,192.85
Delhi,15-12-2022,236,129.8,254.88,195.88,269.04,2.48,224.2
Delhi,16-12-2022,248,136.4,267.84,205.84,282.72,2.6,235.6
Delhi,17-12-2022,367,201.85,396.36,304.61,418.38,3.85,348.65
Delhi,18-12-2022,395,217.25,426.6,327.85,450.3,4.15,375.25
Delhi,19-12-2022,431,237.05,465.48,357.73,491.34,4.53,409.45
Delhi,20-12-2022,370,203.5,399.6,307.1,421.8,3.89,351.5
Delhi,21-12-2022,339,186.45,366.12,281.37,386.46,3.56,322.05
Delhi,22-12-2022,346,190.3,373.68,287.18,394.44,3.63,328.7
Delhi,23-12-2022,345,189.75,372.6,286.35,393.3,3.62,327.75
Delhi,24-12-2022,373,205.15,402.84,309.59,425.22,3.92,354.35
Delhi,25-12-2022,325,178.75,351,269.75,370.5,3.41,308.75
Delhi,27-12-2022,332,182.6,358.56,275.56,378.48,3.49,315.4
Delhi,28-12-2022,332,182.6,358.56,275.56,378.48,3.49,315.4
Delhi,29-12-2022,344,189.2,371.52,285.52,392.16,3.61,326.8
Delhi,30-12-2022,423,232.65,456.84,351.09,482.22,4.44,401.85
Delhi,31-12-2022,391,215.05,422.28,324.53,445.74,4.11,371.45
Delhi,01-01-2023,259,142.45,279.72,214.97,295.26,2.72,246.05
Delhi,02-01-2023,357,196.35,385.56,296.31,406.98,3.75,339.15
Delhi,03-01-2023,385,211.75,415.8,319.55,438.9,4.04,365.75
Delhi,04-01-2023,343,188.65,370.44,284.69,391.02,3.6,325.85
Delhi,05-01-2023,340,187,367.2,282.2,387.6,3.57,323
Delhi,06-01-2023,400,220,432,332,456,4.2,380
Delhi,07-01-2023,377,207.35,407.16,312.91,429.78,3.96,358.15
Delhi,08-01-2023,375,206.25,405,311.25,427.5,3.94,356.25
Delhi,09-01-2023,434,238.7,468.72,360.22,494.76,4.56,412.3
Delhi,10-01-2023,407,223.85,439.56,337.81,463.98,4.27,386.65
Delhi,11-01-2023,308,169.4,332.64,255.64,351.12,3.23,292.6
Delhi,12-01-2023,371,204.05,400.68,307.93,422.94,3.9,352.45
Delhi,13-01-2023,378,207.9,408.24,313.74,430.92,3.97,359.1
Delhi,14-01-2023,353,194.15,381.24,292.99,402.42,3.71,335.35
Delhi,15-01-2023,213,117.15,230.04,176.79,242.82,2.24,202.35
Delhi,16-01-2023,270,148.5,291.6,224.1,307.8,2.84,256.5
Delhi,17-01-2023,288,158.4,311.04,239.04,328.32,3.02,273.6
Delhi,18-01-2023,306,168.3,330.48,253.98,348.84,3.21,290.7
Delhi,19-01-2023,338,185.9,365.04,280.54,385.32,3.55,321.1
Delhi,20-01-2023,226,124.3,244.08,187.58,257.64,2.37,214.7
Delhi,21-01-2023,294,161.7,317.52,244.02,335.16,3.09,279.3
Delhi,22-01-2023,407,223.85,439.56,337.81,463.98,4.27,386.65
Delhi,23-01-2023,335,184.25,361.8,278.05,381.9,3.52,318.25
Delhi,24-01-2023,237,130.35,255.96,196.71,270.18,2.49,225.15
Delhi,25-01-2023,160,88,172.8,132.8,182.4,1.68,152
Delhi,26-01-2023,298,163.9,321.84,247.34,339.72,3.13,283.1
Delhi,27-01-2023,229,125.95,247.32,190.07,261.06,2.4,217.55
Delhi,28-01-2023,236,129.8,254.88,195.88,269.04,2.48,224.2
Delhi,29-01-2023,331,182.05,357.48,274.73,377.34,3.48,314.45
Delhi,30-01-2023,207,113.85,223.56,171.81,235.98,2.17,196.65
Delhi,31-01-2023,192,105.6,207.36,159.36,218.88,2.02,182.4
Delhi,01-02-2023,164,90.2,177.12,136.12,186.96,1.72,155.8
Delhi,02-02-2023,194,106.7,209.52,161.02,221.16,2.04,184.3
Delhi,03-02-2023,199,109.45,214.92,165.17,226.86,2.09,189.05
Delhi,04-02-2023,242,133.1,261.36,200.86,275.88,2.54,229.9
Delhi,05-02-2023,244,134.2,263.52,202.52,278.16,2.56,231.8
Delhi,06-02-2023,265,145.75,286.2,219.95,302.1,2.78,251.75
Delhi,07-02-2023,285,156.75,307.8,236.55,324.9,2.99,270.75
Delhi,08-02-2023,144,79.2,155.52,119.52,164.16,1.51,136.8
Delhi,09-02-2023,212,116.6,228.96,175.96,241.68,2.23,201.4
Delhi,10-02-2023,187,102.85,201.96,155.21,213.18,1.96,177.65
Delhi,11-02-2023,275,151.25,297,228.25,313.5,2.89,261.25
Delhi,12-02-2023,175,96.25,189,145.25,199.5,1.84,166.25
Delhi,13-02-2023,135,74.25,145.8,112.05,153.9,1.42,128.25
Delhi,14-02-2023,132,72.6,142.56,109.56,150.48,1.39,125.4
Delhi,15-02-2023,190,104.5,205.2,157.7,216.6,2,180.5
Delhi,16-02-2023,270,148.5,291.6,224.1,307.8,2.84,256.5
Delhi,17-02-2023,367,201.85,396.36,304.61,418.38,3.85,348.65
Delhi,18-02-2023,371,204.05,400.68,307.93,422.94,3.9,352.45
Delhi,19-02-2023,331,182.05,357.48,274.73,377.34,3.48,314.45
Delhi,20-02-2023,324,178.2,349.92,268.92,369.36,3.4,307.8
Delhi,21-02-2023,245,134.75,264.6,203.35,279.3,2.57,232.75
Delhi,22-02-2023,302,166.1,326.16,250.66,344.28,3.17,286.9
Delhi,23-02-2023,227,124.85,245.16,188.41,258.78,2.38,215.65
Delhi,24-02-2023,171,94.05,184.68,141.93,194.94,1.8,162.45
Delhi,25-02-2023,225,123.75,243,186.75,256.5,2.36,213.75
Delhi,26-02-2023,291,160.05,314.28,241.53,331.74,3.06,276.45
Delhi,27-02-2023,260,143,280.8,215.8,296.4,2.73,247
Delhi,28-02-2023,219,120.45,236.52,181.77,249.66,2.3,208.05
Delhi,01-03-2023,181,99.55,195.48,150.23,206.34,1.9,171.95
Delhi,02-03-2023,226,124.3,244.08,187.58,257.64,2.37,214.7
Delhi,03-03-2023,152,83.6,164.16,126.16,173.28,1.6,144.4
Delhi,04-03-2023,129,70.95,139.32,107.07,147.06,1.35,122.55
Delhi,05-03-2023,142,78.1,153.36,117.86,161.88,1.49,134.9
Delhi,06-03-2023,142,78.1,153.36,117.86,161.88,1.49,134.9
Delhi,07-03-2023,173,95.15,186.84,143.59,197.22,1.82,164.35
Delhi,08-03-2023,215,118.25,232.2,178.45,245.1,2.26,204.25
Delhi,09-03-2023,119,65.45,128.52,98.77,135.66,1.25,113.05
Delhi,10-03-2023,187,102.85,201.96,155.21,213.18,1.96,177.65
Delhi,11-03-2023,200,110,216,166,228,2.1,190
Delhi,12-03-2023,216,118.8,233.28,179.28,246.24,2.27,205.2
Delhi,13-03-2023,231,127.05,249.48,191.73,263.34,2.43,219.45
Delhi,14-03-2023,219,120.45,236.52,181.77,249.66,2.3,208.05
Delhi,15-03-2023,213,117.15,230.04,176.79,242.82,2.24,202.35
Delhi,16-03-2023,259,142.45,279.72,214.97,295.26,2.72,246.05
Delhi,17-03-2023,188,103.4,203.04,156.04,214.32,1.97,178.6
Delhi,18-03-2023,184,101.2,198.72,152.72,209.76,1.93,174.8
Delhi,19-03-2023,162,89.1,174.96,134.46,184.68,1.7,153.9
Delhi,20-03-2023,154,84.7,166.32,127.82,175.56,1.62,146.3
Delhi,21-03-2023,75,41.25,81,62.25,85.5,0.79,71.25
Delhi,22-03-2023,164,90.2,177.12,136.12,186.96,1.72,155.8
Delhi,23-03-2023,151,83.05,163.08,125.33,172.14,1.59,143.45
Delhi,24-03-2023,205,112.75,221.4,170.15,233.7,2.15,194.75
Delhi,25-03-2023,78,42.9,84.24,64.74,88.92,0.82,74.1
Delhi,26-03-2023,164,90.2,177.12,136.12,186.96,1.72,155.8
Delhi,27-03-2023,146,80.3,157.68,121.18,166.44,1.53,138.7
Delhi,28-03-2023,147,80.85,158.76,122.01,167.58,1.54,139.65
Delhi,29-03-2023,198,108.9,213.84,164.34,225.72,2.08,188.1
Delhi,30-03-2023,170,93.5,183.6,141.1,193.8,1.79,161.5
Delhi,31-03-2023,73,40.15,78.84,60.59,83.22,0.77,69.35
Delhi,01-04-2023,106,58.3,114.48,87.98,120.84,1.11,100.7
Delhi,02-04-2023,128,70.4,138.24,106.24,145.92,1.34,121.6
Delhi,03-04-2023,179,98.45,193.32,148.57,204.06,1.88,170.05
Delhi,04-04-2023,109,59.95,117.72,90.47,124.26,1.14,103.55
Delhi,05-04-2023,135,74.25,145.8,112.05,153.9,1.42,128.25
Delhi,06-04-2023,142,78.1,153.36,117.86,161.88,1.49,134.9
Delhi,07-04-2023,142,78.1,153.36,117.86,161.88,1.49,134.9
Delhi,08-04-2023,172,94.6,185.76,142.76,196.08,1.81,163.4
Delhi,09-04-2023,217,119.35,234.36,180.11,247.38,2.28,206.15
Delhi,10-04-2023,195,107.25,210.6,161.85,222.3,2.05,185.25
Delhi,11-04-2023,260,143,280.8,215.8,296.4,2.73,247
Delhi,12-04-2023,213,117.15,230.04,176.79,242.82,2.24,202.35
Delhi,13-04-2023,211,116.05,227.88,175.13,240.54,2.22,200.45
Delhi,14-04-2023,249,136.95,268.92,206.67,283.86,2.61,236.55
Delhi,15-04-2023,235,129.25,253.8,195.05,267.9,2.47,223.25
Delhi,16-04-2023,229,125.95,247.32,190.07,261.06,2.4,217.55
Delhi,17-04-2023,206,113.3,222.48,170.98,234.84,2.16,195.7
Delhi,18-04-2023,235,129.25,253.8,195.05,267.9,2.47,223.25
Delhi,19-04-2023,236,129.8,254.88,195.88,269.04,2.48,224.2
Delhi,20-04-2023,159,87.45,171.72,131.97,181.26,1.67,151.05
Delhi,21-04-2023,129,70.95,139.32,107.07,147.06,1.35,122.55
Delhi,22-04-2023,141,77.55,152.28,117.03,160.74,1.48,133.95
Delhi,23-04-2023,118,64.9,127.44,97.94,134.52,1.24,112.1
Delhi,24-04-2023,160,88,172.8,132.8,182.4,1.68,152
Delhi,25-04-2023,156,85.8,168.48,129.48,177.84,1.64,148.2
Delhi,26-04-2023,210,115.5,226.8,174.3,239.4,2.21,199.5
Delhi,27-04-2023,219,120.45,236.52,181.77,249.66,2.3,208.05
Delhi,28-04-2023,150,82.5,162,124.5,171,1.58,142.5
Delhi,29-04-2023,216,118.8,233.28,179.28,246.24,2.27,205.2
Delhi,30-04-2023,132,72.6,142.56,109.56,150.48,1.39,125.4
Delhi,01-05-2023,91,50.05,98.28,75.53,103.74,0.96,86.45
Delhi,02-05-2023,76,41.8,82.08,63.08,86.64,0.8,72.2
Delhi,03-05-2023,107,58.85,115.56,88.81,121.98,1.12,101.65
Delhi,04-05-2023,113,62.15,122.04,93.79,128.82,1.19,107.35
Delhi,05-05-2023,183,100.65,197.64,151.89,208.62,1.92,173.85
Delhi,06-05-2023,234,128.7,252.72,194.22,266.76,2.46,222.3
Delhi,07-05-2023,173,95.15,186.84,143.59,197.22,1.82,164.35
Delhi,08-05-2023,131,72.05,141.48,108.73,149.34,1.38,124.45
Delhi,09-05-2023,197,108.35,212.76,163.51,224.58,2.07,187.15
Delhi,10-05-2023,203,111.65,219.24,168.49,231.42,2.13,192.85
Delhi,11-05-2023,274,150.7,295.92,227.42,312.36,2.88,260.3
Delhi,12-05-2023,227,124.85,245.16,188.41,258.78,2.38,215.65
Delhi,13-05-2023,235,129.25,253.8,195.05,267.9,2.47,223.25
Delhi,14-05-2023,259,142.45,279.72,214.97,295.26,2.72,246.05
Delhi,15-05-2023,162,89.1,174.96,134.46,184.68,1.7,153.9
Delhi,16-05-2023,259,142.45,279.72,214.97,295.26,2.72,246.05
Delhi,17-05-2023,336,184.8,362.88,278.88,383.04,3.53,319.2
Delhi,18-05-2023,149,81.95,160.92,123.67,169.86,1.56,141.55
Delhi,19-05-2023,152,83.6,164.16,126.16,173.28,1.6,144.4
Delhi,20-05-2023,186,102.3,200.88,154.38,212.04,1.95,176.7
Delhi,21-05-2023,215,118.25,232.2,178.45,245.1,2.26,204.25
Delhi,22-05-2023,199,109.45,214.92,165.17,226.86,2.09,189.05
Delhi,23-05-2023,198,108.9,213.84,164.34,225.72,2.08,188.1
Delhi,24-05-2023,158,86.9,170.64,131.14,180.12,1.66,150.1
Delhi,25-05-2023,106,58.3,114.48,87.98,120.84,1.11,100.7
Delhi,26-05-2023,98,53.9,105.84,81.34,111.72,1.03,93.1
Delhi,27-05-2023,110,60.5,118.8,91.3,125.4,1.16,104.5
Delhi,28-05-2023,134,73.7,144.72,111.22,152.76,1.41,127.3
Delhi,29-05-2023,136,74.8,146.88,112.88,155.04,1.43,129.2
Delhi,30-05-2023,115,63.25,124.2,95.45,131.1,1.21,109.25
Delhi,31-05-2023,85,46.75,91.8,70.55,96.9,0.89,80.75
Delhi,01-06-2023,96,52.8,103.68,79.68,109.44,1.01,91.2
Delhi,02-06-2023,120,66,129.6,99.6,136.8,1.26,114
Delhi,03-06-2023,121,66.55,130.68,100.43,137.94,1.27,114.95
Delhi,04-06-2023,171,94.05,184.68,141.93,194.94,1.8,162.45
Delhi,05-06-2023,166,91.3,179.28,137.78,189.24,1.74,157.7
Delhi,06-06-2023,139,76.45,150.12,115.37,158.46,1.46,132.05
Delhi,07-06-2023,239,131.45,258.12,198.37,272.46,2.51,227.05
Delhi,08-06-2023,161,88.55,173.88,133.63,183.54,1.69,152.95
Delhi,09-06-2023,152,83.6,164.16,126.16,173.28,1.6,144.4
Delhi,10-06-2023,134,73.7,144.72,111.22,152.76,1.41,127.3
Delhi,11-06-2023,130,71.5,140.4,107.9,148.2,1.37,123.5
Delhi,12-06-2023,169,92.95,182.52,140.27,192.66,1.77,160.55
Delhi,13-06-2023,205,112.75,221.4,170.15,233.7,2.15,194.75
Delhi,14-06-2023,213,117.15,230.04,176.79,242.82,2.24,202.35
Delhi,15-06-2023,154,84.7,166.32,127.82,175.56,1.62,146.3
Delhi,16-06-2023,119,65.45,128.52,98.77,135.66,1.25,113.05
Delhi,17-06-2023,119,65.45,128.52,98.77,135.66,1.25,113.05
Delhi,18-06-2023,90,49.5,97.2,74.7,102.6,0.95,85.5
Delhi,19-06-2023,75,41.25,81,62.25,85.5,0.79,71.25
Delhi,20-06-2023,104,57.2,112.32,86.32,118.56,1.09,98.8
Delhi,21-06-2023,91,50.05,98.28,75.53,103.74,0.96,86.45
Delhi,22-06-2023,110,60.5,118.8,91.3,125.4,1.16,104.5
Delhi,23-06-2023,132,72.6,142.56,109.56,150.48,1.39,125.4
Delhi,24-06-2023,169,92.95,182.52,140.27,192.66,1.77,160.55
Delhi,25-06-2023,71,39.05,76.68,58.93,80.94,0.75,67.45
Delhi,26-06-2023,93,51.15,100.44,77.19,106.02,0.98,88.35
Delhi,27-06-2023,86,47.3,92.88,71.38,98.04,0.9,81.7
Delhi,28-06-2023,93,51.15,100.44,77.19,106.02,0.98,88.35
Delhi,29-06-2023,101,55.55,109.08,83.83,115.14,1.06,95.95
Delhi,30-06-2023,70,38.5,75.6,58.1,79.8,0.74,66.5
Delhi,01-07-2023,69,37.95,74.52,57.27,78.66,0.72,65.55
Delhi,02-07-2023,71,39.05,76.68,58.93,80.94,0.75,67.45
Delhi,03-07-2023,118,64.9,127.44,97.94,134.52,1.24,112.1
Delhi,04-07-2023,144,79.2,155.52,119.52,164.16,1.51,136.8
Delhi,05-07-2023,96,52.8,103.68,79.68,109.44,1.01,91.2
Delhi,06-07-2023,72,39.6,77.76,59.76,82.08,0.76,68.4
Delhi,07-07-2023,77,42.35,83.16,63.91,87.78,0.81,73.15
Delhi,08-07-2023,71,39.05,76.68,58.93,80.94,0.75,67.45
Delhi,09-07-2023,64,35.2,69.12,53.12,72.96,0.67,60.8
Delhi,10-07-2023,65,35.75,70.2,53.95,74.1,0.68,61.75
Delhi,11-07-2023,69,37.95,74.52,57.27,78.66,0.72,65.55
Delhi,12-07-2023,77,42.35,83.16,63.91,87.78,0.81,73.15
Delhi,13-07-2023,77,42.35,83.16,63.91,87.78,0.81,73.15
Delhi,14-07-2023,73,40.15,78.84,60.59,83.22,0.77,69.35
Delhi,15-07-2023,100,55,108,83,114,1.05,95
Delhi,16-07-2023,69,37.95,74.52,57.27,78.66,0.72,65.55
Delhi,17-07-2023,85,46.75,91.8,70.55,96.9,0.89,80.75
Delhi,18-07-2023,113,62.15,122.04,93.79,128.82,1.19,107.35
Delhi,19-07-2023,77,42.35,83.16,63.91,87.78,0.81,73.15
Delhi,20-07-2023,93,51.15,100.44,77.19,106.02,0.98,88.35
Delhi,21-07-2023,109,59.95,117.72,90.47,124.26,1.14,103.55
Delhi,22-07-2023,96,52.8,103.68,79.68,109.44,1.01,91.2
Delhi,23-07-2023,73,40.15,78.84,60.59,83.22,0.77,69.35
Delhi,24-07-2023,77,42.35,83.16,63.91,87.78,0.81,73.15
Delhi,25-07-2023,102,56.1,110.16,84.66,116.28,1.07,96.9
Delhi,26-07-2023,73,40.15,78.84,60.59,83.22,0.77,69.35
Delhi,27-07-2023,92,50.6,99.36,76.36,104.88,0.97,87.4
Delhi,28-07-2023,81,44.55,87.48,67.23,92.34,0.85,76.95
Delhi,29-07-2023,59,32.45,63.72,48.97,67.26,0.62,56.05
Delhi,30-07-2023,65,35.75,70.2,53.95,74.1,0.68,61.75
Delhi,31-07-2023,89,48.95,96.12,73.87,101.46,0.93,84.55
Delhi,01-08-2023,92,50.6,99.36,76.36,104.88,0.97,87.4
Delhi,02-08-2023,91,50.05,98.28,75.53,103.74,0.96,86.45
Delhi,03-08-2023,75,41.25,81,62.25,85.5,0.79,71.25
Delhi,04-08-2023,105,57.75,113.4,87.15,119.7,1.1,99.75
Delhi,05-08-2023,85,46.75,91.8,70.55,96.9,0.89,80.75
Delhi,06-08-2023,101,55.55,109.08,83.83,115.14,1.06,95.95
Delhi,07-08-2023,102,56.1,110.16,84.66,116.28,1.07,96.9
Delhi,08-08-2023,110,60.5,118.8,91.3,125.4,1.16,104.5
Delhi,09-08-2023,118,64.9,127.44,97.94,134.52,1.24,112.1
Delhi,10-08-2023,133,73.15,143.64,110.39,151.62,1.4,126.35
Delhi,11-08-2023,123,67.65,132.84,102.09,140.22,1.29,116.85
Delhi,12-08-2023,126,69.3,136.08,104.58,143.64,1.32,119.7
Delhi,13-08-2023,105,57.75,113.4,87.15,119.7,1.1,99.75
Delhi,14-08-2023,114,62.7,123.12,94.62,129.96,1.2,108.3
Delhi,15-08-2023,108,59.4,116.64,89.64,123.12,1.13,102.6
Delhi,16-08-2023,109,59.95,117.72,90.47,124.26,1.14,103.55
Delhi,17-08-2023,131,72.05,141.48,108.73,149.34,1.38,124.45
Delhi,18-08-2023,153,84.15,165.24,126.99,174.42,1.61,145.35
Delhi,19-08-2023,125,68.75,135,103.75,142.5,1.31,118.75
Delhi,20-08-2023,91,50.05,98.28,75.53,103.74,0.96,86.45
Delhi,21-08-2023,91,50.05,98.28,75.53,103.74,0.96,86.45
Delhi,22-08-2023,106,58.3,114.48,87.98,120.84,1.11,100.7
Delhi,23-08-2023,71,39.05,76.68,58.93,80.94,0.75,67.45
Delhi,24-08-2023,85,46.75,91.8,70.55,96.9,0.89,80.75
Delhi,25-08-2023,117,64.35,126.36,97.11,133.38,1.23,111.15
Delhi,26-08-2023,152,83.6,164.16,126.16,173.28,1.6,144.4
Delhi,27-08-2023,186,102.3,200.88,154.38,212.04,1.95,176.7
Delhi,28-08-2023,144,79.2,155.52,119.52,164.16,1.51,136.8
Delhi,29-08-2023,162,89.1,174.96,134.46,184.68,1.7,153.9
Delhi,30-08-2023,154,84.7,166.32,127.82,175.56,1.62,146.3
Delhi,31-08-2023,146,80.3,157.68,121.18,166.44,1.53,138.7
Delhi,01-09-2023,140,77,151.2,116.2,159.6,1.47,133
Delhi,02-09-2023,136,74.8,146.88,112.88,155.04,1.43,129.2
Delhi,03-09-2023,136,74.8,146.88,112.88,155.04,1.43,129.2
Delhi,04-09-2023,136,74.8,146.88,112.88,155.04,1.43,129.2
Delhi,05-09-2023,121,66.55,130.68,100.43,137.94,1.27,114.95
Delhi,06-09-2023,106,58.3,114.48,87.98,120.84,1.11,100.7
Delhi,07-09-2023,104,57.2,112.32,86.32,118.56,1.09,98.8
Delhi,08-09-2023,83,45.65,89.64,68.89,94.62,0.87,78.85
Delhi,09-09-2023,54,29.7,58.32,44.82,61.56,0.57,51.3
Delhi,10-09-2023,45,24.75,48.6,37.35,51.3,0.47,42.75
Delhi,11-09-2023,54,29.7,58.32,44.82,61.56,0.57,51.3
Delhi,12-09-2023,89,48.95,96.12,73.87,101.46,0.93,84.55
Delhi,13-09-2023,106,58.3,114.48,87.98,120.84,1.11,100.7
Delhi,14-09-2023,123,67.65,132.84,102.09,140.22,1.29,116.85
Delhi,15-09-2023,101,55.55,109.08,83.83,115.14,1.06,95.95
Delhi,16-09-2023,85,46.75,91.8,70.55,96.9,0.89,80.75
Delhi,17-09-2023,65,35.75,70.2,53.95,74.1,0.68,61.75
Delhi,18-09-2023,63,34.65,68.04,52.29,71.82,0.66,59.85
Delhi,19-09-2023,73,40.15,78.84,60.59,83.22,0.77,69.35
Delhi,20-09-2023,97,53.35,104.76,80.51,110.58,1.02,92.15
Delhi,21-09-2023,114,62.7,123.12,94.62,129.96,1.2,108.3
Delhi,22-09-2023,103,56.65,111.24,85.49,117.42,1.08,97.85
Delhi,23-09-2023,110,60.5,118.8,91.3,125.4,1.16,104.5
Delhi,24-09-2023,134,73.7,144.72,111.22,152.76,1.41,127.3
Delhi,25-09-2023,118,64.9,127.44,97.94,134.52,1.24,112.1
Delhi,26-09-2023,152,83.6,164.16,126.16,173.28,1.6,144.4
Delhi,27-09-2023,129,70.95,139.32,107.07,147.06,1.35,122.55
Delhi,28-09-2023,137,75.35,147.96,113.71,156.18,1.44,130.15
Delhi,29-09-2023,157,86.35,169.56,130.31,178.98,1.65,149.15
Delhi,30-09-2023,166,91.3,179.28,137.78,189.24,1.74,157.7
Delhi,01-10-2023,147,80.85,158.76,122.01,167.58,1.54,139.65
Delhi,02-10-2023,146,80.3,157.68,121.18,166.44,1.53,138.7
Delhi,03-10-2023,155,85.25,167.4,128.65,176.7,1.63,147.25
Delhi,04-10-2023,176,96.8,190.08,146.08,200.64,1.85,167.2
Delhi,05-10-2023,177,97.35,191.16,146.91,201.78,1.86,168.15
Delhi,06-10-2023,212,116.6,228.96,175.96,241.68,2.23,201.4
Delhi,07-10-2023,216,118.8,233.28,179.28,246.24,2.27,205.2
Delhi,08-10-2023,164,90.2,177.12,136.12,186.96,1.72,155.8
Delhi,09-10-2023,175,96.25,189,145.25,199.5,1.84,166.25
Delhi,10-10-2023,180,99,194.4,149.4,205.2,1.89,171
Delhi,11-10-2023,193,106.15,208.44,160.19,220.02,2.03,183.35
Delhi,12-10-2023,220,121,237.6,182.6,250.8,2.31,209
Delhi,13-10-2023,256,140.8,276.48,212.48,291.84,2.69,243.2
Delhi,14-10-2023,257,141.35,277.56,213.31,292.98,2.7,244.15
Delhi,15-10-2023,233,128.15,251.64,193.39,265.62,2.45,221.35
Delhi,16-10-2023,207,113.85,223.56,171.81,235.98,2.17,196.65
Delhi,17-10-2023,89,48.95,96.12,73.87,101.46,0.93,84.55
Delhi,18-10-2023,129,70.95,139.32,107.07,147.06,1.35,122.55
Delhi,19-10-2023,121,66.55,130.68,100.43,137.94,1.27,114.95
Delhi,20-10-2023,196,107.8,211.68,162.68,223.44,2.06,186.2
Delhi,21-10-2023,248,136.4,267.84,205.84,282.72,2.6,235.6
Delhi,22-10-2023,313,172.15,338.04,259.79,356.82,3.29,297.35
Delhi,23-10-2023,263,144.65,284.04,218.29,299.82,2.76,249.85
Delhi,24-10-2023,220,121,237.6,182.6,250.8,2.31,209
Delhi,25-10-2023,243,133.65,262.44,201.69,277.02,2.55,230.85
Delhi,26-10-2023,256,140.8,276.48,212.48,291.84,2.69,243.2
Delhi,27-10-2023,261,143.55,281.88,216.63,297.54,2.74,247.95
Delhi,28-10-2023,304,167.2,328.32,252.32,346.56,3.19,288.8
Delhi,29-10-2023,325,178.75,351,269.75,370.5,3.41,308.75
Delhi,30-10-2023,347,190.85,374.76,288.01,395.58,3.64,329.65
Delhi,31-10-2023,359,197.45,387.72,297.97,409.26,3.77,341.05
Delhi,01-11-2023,366,201.3,395.28,303.78,417.24,3.84,347.7
Delhi,02-11-2023,392,215.6,423.36,325.36,446.88,4.12,372.4
Delhi,03-11-2023,468,257.4,505.44,388.44,533.52,4.91,444.6
Delhi,04-11-2023,415,228.25,448.2,344.45,473.1,4.36,394.25
Delhi,05-11-2023,454,249.7,490.32,376.82,517.56,4.77,431.3
Delhi,06-11-2023,421,231.55,454.68,349.43,479.94,4.42,399.95
Delhi,07-11-2023,395,217.25,426.6,327.85,450.3,4.15,375.25
Delhi,08-11-2023,426,234.3,460.08,353.58,485.64,4.47,404.7
Delhi,09-11-2023,437,240.35,471.96,362.71,498.18,4.59,415.15
Delhi,10-11-2023,279,153.45,301.32,231.57,318.06,2.93,265.05
Delhi,11-11-2023,220,121,237.6,182.6,250.8,2.31,209
Delhi,12-11-2023,218,119.9,235.44,180.94,248.52,2.29,207.1
Delhi,13-11-2023,358,196.9,386.64,297.14,408.12,3.76,340.1
Delhi,14-11-2023,397,218.35,428.76,329.51,452.58,4.17,377.15
Delhi,15-11-2023,398,218.9,429.84,330.34,453.72,4.18,378.1
Delhi,16-11-2023,419,230.45,452.52,347.77,477.66,4.4,398.05
Delhi,17-11-2023,405,222.75,437.4,336.15,461.7,4.25,384.75
Delhi,18-11-2023,319,175.45,344.52,264.77,363.66,3.35,303.05
Delhi,19-11-2023,301,165.55,325.08,249.83,343.14,3.16,285.95
Delhi,20-11-2023,348,191.4,375.84,288.84,396.72,3.65,330.6
Delhi,21-11-2023,372,204.6,401.76,308.76,424.08,3.91,353.4
Delhi,22-11-2023,395,217.25,426.6,327.85,450.3,4.15,375.25
Delhi,23-11-2023,390,214.5,421.2,323.7,444.6,4.1,370.5
Delhi,24-11-2023,415,228.25,448.2,344.45,473.1,4.36,394.25
Delhi,25-11-2023,389,213.95,420.12,322.87,443.46,4.08,369.55
Delhi,26-11-2023,396,217.8,427.68,328.68,451.44,4.16,376.2
Delhi,27-11-2023,395,217.25,426.6,327.85,450.3,4.15,375.25
Delhi,28-11-2023,312,171.6,336.96,258.96,355.68,3.28,296.4
Delhi,29-11-2023,290,159.5,313.2,240.7,330.6,3.05,275.5
Delhi,30-11-2023,398,218.9,429.84,330.34,453.72,4.18,378.1
Delhi,01-12-2023,372,204.6,401.76,308.76,424.08,3.91,353.4
Delhi,02-12-2023,353,194.15,381.24,292.99,402.42,3.71,335.35
Delhi,03-12-2023,314,172.7,339.12,260.62,357.96,3.3,298.3
Delhi,04-12-2023,311,171.05,335.88,258.13,354.54,3.27,295.45
Delhi,05-12-2023,297,163.35,320.76,246.51,338.58,3.12,282.15
Delhi,06-12-2023,286,157.3,308.88,237.38,326.04,3,271.7
Delhi,07-12-2023,320,176,345.6,265.6,364.8,3.36,304
Delhi,08-12-2023,324,178.2,349.92,268.92,369.36,3.4,307.8
Delhi,09-12-2023,321,176.55,346.68,266.43,365.94,3.37,304.95
Delhi,10-12-2023,314,172.7,339.12,260.62,357.96,3.3,298.3
Delhi,11-12-2023,317,174.35,342.36,263.11,361.38,3.33,301.15
Delhi,12-12-2023,355,195.25,383.4,294.65,404.7,3.73,337.25
Delhi,13-12-2023,378,207.9,408.24,313.74,430.92,3.97,359.1
Delhi,14-12-2023,326,179.3,352.08,270.58,371.64,3.42,309.7
Delhi,15-12-2023,323,177.65,348.84,268.09,368.22,3.39,306.85
Delhi,16-12-2023,354,194.7,382.32,293.82,403.56,3.72,336.3
Delhi,17-12-2023,331,182.05,357.48,274.73,377.34,3.48,314.45
Delhi,18-12-2023,330,181.5,356.4,273.9,376.2,3.47,313.5
Delhi,19-12-2023,286,157.3,308.88,237.38,326.04,3,271.7
Delhi,20-12-2023,285,156.75,307.8,236.55,324.9,2.99,270.75
Delhi,21-12-2023,361,198.55,389.88,299.63,411.54,3.79,342.95
Delhi,22-12-2023,409,224.95,441.72,339.47,466.26,4.29,388.55
Delhi,23-12-2023,450,247.5,486,373.5,513,4.73,427.5
Delhi,24-12-2023,411,226.05,443.88,341.13,468.54,4.32,390.45
Delhi,25-12-2023,383,210.65,413.64,317.89,436.62,4.02,363.85
Delhi,26-12-2023,377,207.35,407.16,312.91,429.78,3.96,358.15
Delhi,27-12-2023,380,209,410.4,315.4,433.2,3.99,361
Delhi,28-12-2023,358,196.9,386.64,297.14,408.12,3.76,340.1
Delhi,29-12-2023,382,210.1,412.56,317.06,435.48,4.01,362.9
Delhi,30-12-2023,400,220,432,332,456,4.2,380
Delhi,31-12-2023,382,210.1,412.56,317.06,435.48,4.01,362.9
Delhi,01-01-2024,346,190.3,373.68,287.18,394.44,3.63,328.7
Delhi,02-01-2024,340,187,367.2,282.2,387.6,3.57,323
Delhi,03-01-2024,341,187.55,368.28,283.03,388.74,3.58,323.95
Delhi,04-01-2024,377,207.35,407.16,312.91,429.78,3.96,358.15
Delhi,05-01-2024,333,183.15,359.64,276.39,379.62,3.5,316.35
Delhi,06-01-2024,319,175.45,344.52,264.77,363.66,3.35,303.05
Delhi,07-01-2024,333,183.15,359.64,276.39,379.62,3.5,316.35
Delhi,08-01-2024,345,189.75,372.6,286.35,393.3,3.62,327.75
Delhi,09-01-2024,343,188.65,370.44,284.69,391.02,3.6,325.85
Delhi,10-01-2024,273,150.15,294.84,226.59,311.22,2.87,259.35
Delhi,11-01-2024,348,191.4,375.84,288.84,396.72,3.65,330.6
Delhi,12-01-2024,340,187,367.2,282.2,387.6,3.57,323
Delhi,13-01-2024,398,218.9,429.84,330.34,453.72,4.18,378.1
Delhi,14-01-2024,447,245.85,482.76,371.01,509.58,4.69,424.65
Delhi,15-01-2024,359,197.45,387.72,297.97,409.26,3.77,341.05
Delhi,16-01-2024,371,204.05,400.68,307.93,422.94,3.9,352.45
Delhi,17-01-2024,368,202.4,397.44,305.44,419.52,3.86,349.6
Delhi,18-01-2024,318,174.9,343.44,263.94,362.52,3.34,302.1
Delhi,19-01-2024,348,191.4,375.84,288.84,396.72,3.65,330.6
Delhi,20-01-2024,329,180.95,355.32,273.07,375.06,3.45,312.55
Delhi,21-01-2024,349,191.95,376.92,289.67,397.86,3.66,331.55
Delhi,22-01-2024,333,183.15,359.64,276.39,379.62,3.5,316.35
Delhi,23-01-2024,368,202.4,397.44,305.44,419.52,3.86,349.6
Delhi,24-01-2024,409,224.95,441.72,339.47,466.26,4.29,388.55
Delhi,25-01-2024,332,182.6,358.56,275.56,378.48,3.49,315.4
Delhi,26-01-2024,408,224.4,440.64,338.64,465.12,4.28,387.6
Delhi,27-01-2024,356,195.8,384.48,295.48,405.84,3.74,338.2
Delhi,28-01-2024,365,200.75,394.2,302.95,416.1,3.83,346.75
Delhi,29-01-2024,356,195.8,384.48,295.48,405.84,3.74,338.2
Delhi,30-01-2024,357,196.35,385.56,296.31,406.98,3.75,339.15
Delhi,31-01-2024,391,215.05,422.28,324.53,445.74,4.11,371.45
Delhi,01-02-2024,176,96.8,190.08,146.08,200.64,1.85,167.2
Delhi,02-02-2024,215,118.25,232.2,178.45,245.1,2.26,204.25
Delhi,03-02-2024,199,109.45,214.92,165.17,226.86,2.09,189.05
Delhi,04-02-2024,274,150.7,295.92,227.42,312.36,2.88,260.3
Delhi,05-02-2024,177,97.35,191.16,146.91,201.78,1.86,168.15
Delhi,06-02-2024,140,77,151.2,116.2,159.6,1.47,133
Delhi,07-02-2024,174,95.7,187.92,144.42,198.36,1.83,165.3
Delhi,08-02-2024,161,88.55,173.88,133.63,183.54,1.69,152.95
Delhi,09-02-2024,146,80.3,157.68,121.18,166.44,1.53,138.7
Delhi,10-02-2024,295,162.25,318.6,244.85,336.3,3.1,280.25
Delhi,11-02-2024,313,172.15,338.04,259.79,356.82,3.29,297.35
Delhi,12-02-2024,300,165,324,249,342,3.15,285
Delhi,13-02-2024,341,187.55,368.28,283.03,388.74,3.58,323.95
Delhi,14-02-2024,340,187,367.2,282.2,387.6,3.57,323
Delhi,15-02-2024,278,152.9,300.24,230.74,316.92,2.92,264.1
Delhi,16-02-2024,268,147.4,289.44,222.44,305.52,2.81,254.6
Delhi,17-02-2024,245,134.75,264.6,203.35,279.3,2.57,232.75
Delhi,18-02-2024,270,148.5,291.6,224.1,307.8,2.84,256.5
Delhi,19-02-2024,231,127.05,249.48,191.73,263.34,2.43,219.45
Delhi,20-02-2024,226,124.3,244.08,187.58,257.64,2.37,214.7
Delhi,21-02-2024,243,133.65,262.44,201.69,277.02,2.55,230.85
Delhi,22-02-2024,150,82.5,162,124.5,171,1.58,142.5
Delhi,23-02-2024,143,78.65,154.44,118.69,163.02,1.5,135.85
Delhi,24-02-2024,193,106.15,208.44,160.19,220.02,2.03,183.35
Delhi,25-02-2024,193,106.15,208.44,160.19,220.02,2.03,183.35
Delhi,26-02-2024,172,94.6,185.76,142.76,196.08,1.81,163.4
Delhi,27-02-2024,159,87.45,171.72,131.97,181.26,1.67,151.05
Delhi,28-02-2024,141,77.55,152.28,117.03,160.74,1.48,133.95
Delhi,29-02-2024,147,80.85,158.76,122.01,167.58,1.54,139.65
Delhi,01-03-2024,208,114.4,224.64,172.64,237.12,2.18,197.6
Delhi,02-03-2024,117,64.35,126.36,97.11,133.38,1.23,111.15
Delhi,03-03-2024,126,69.3,136.08,104.58,143.64,1.32,119.7
Delhi,04-03-2024,141,77.55,152.28,117.03,160.74,1.48,133.95
Delhi,05-03-2024,125,68.75,135,103.75,142.5,1.31,118.75
Delhi,06-03-2024,138,75.9,149.04,114.54,157.32,1.45,131.1
Delhi,07-03-2024,181,99.55,195.48,150.23,206.34,1.9,171.95
Delhi,08-03-2024,157,86.35,169.56,130.31,178.98,1.65,149.15
Delhi,09-03-2024,145,79.75,156.6,120.35,165.3,1.52,137.75
Delhi,10-03-2024,182,100.1,196.56,151.06,207.48,1.91,172.9
Delhi,11-03-2024,201,110.55,217.08,166.83,229.14,2.11,190.95
Delhi,12-03-2024,190,104.5,205.2,157.7,216.6,2,180.5
Delhi,13-03-2024,165,90.75,178.2,136.95,188.1,1.73,156.75
Delhi,14-03-2024,195,107.25,210.6,161.85,222.3,2.05,185.25
Delhi,15-03-2024,128,70.4,138.24,106.24,145.92,1.34,121.6
Delhi,16-03-2024,168,92.4,181.44,139.44,191.52,1.76,159.6
Delhi,17-03-2024,193,106.15,208.44,160.19,220.02,2.03,183.35
Delhi,18-03-2024,199,109.45,214.92,165.17,226.86,2.09,189.05
Delhi,19-03-2024,222,122.1,239.76,184.26,253.08,2.33,210.9
Delhi,20-03-2024,230,126.5,248.4,190.9,262.2,2.42,218.5
Delhi,21-03-2024,171,94.05,184.68,141.93,194.94,1.8,162.45
Delhi,22-03-2024,166,91.3,179.28,137.78,189.24,1.74,157.7
Delhi,23-03-2024,232,127.6,250.56,192.56,264.48,2.44,220.4
Delhi,24-03-2024,195,107.25,210.6,161.85,222.3,2.05,185.25
Delhi,25-03-2024,197,108.35,212.76,163.51,224.58,2.07,187.15
Delhi,26-03-2024,134,73.7,144.72,111.22,152.76,1.41,127.3
Delhi,27-03-2024,178,97.9,192.24,147.74,202.92,1.87,169.1
Delhi,28-03-2024,160,88,172.8,132.8,182.4,1.68,152
Delhi,29-03-2024,176,96.8,190.08,146.08,200.64,1.85,167.2
Delhi,30-03-2024,190,104.5,205.2,157.7,216.6,2,180.5
Delhi,31-03-2024,243,133.65,262.44,201.69,277.02,2.55,230.85
Delhi,01-04-2024,133,73.15,143.64,110.39,151.62,1.4,126.35
Delhi,02-04-2024,144,79.2,155.52,119.52,164.16,1.51,136.8
Delhi,03-04-2024,167,91.85,180.36,138.61,190.38,1.75,158.65
Delhi,04-04-2024,173,95.15,186.84,143.59,197.22,1.82,164.35
Delhi,05-04-2024,174,95.7,187.92,144.42,198.36,1.83,165.3
Delhi,06-04-2024,168,92.4,181.44,139.44,191.52,1.76,159.6
Delhi,07-04-2024,179,98.45,193.32,148.57,204.06,1.88,170.05
Delhi,08-04-2024,191,105.05,206.28,158.53,217.74,2.01,181.45
Delhi,09-04-2024,203,111.65,219.24,168.49,231.42,2.13,192.85
Delhi,10-04-2024,222,122.1,239.76,184.26,253.08,2.33,210.9
Delhi,11-04-2024,240,132,259.2,199.2,273.6,2.52,228
Delhi,12-04-2024,232,127.6,250.56,192.56,264.48,2.44,220.4
Delhi,13-04-2024,198,108.9,213.84,164.34,225.72,2.08,188.1
Delhi,14-04-2024,141,77.55,152.28,117.03,160.74,1.48,133.95
Delhi,15-04-2024,205,112.75,221.4,170.15,233.7,2.15,194.75
Delhi,16-04-2024,228,125.4,246.24,189.24,259.92,2.39,216.6
Delhi,17-04-2024,147,80.85,158.76,122.01,167.58,1.54,139.65
Delhi,18-04-2024,164,90.2,177.12,136.12,186.96,1.72,155.8
Delhi,19-04-2024,186,102.3,200.88,154.38,212.04,1.95,176.7
Delhi,20-04-2024,219,120.45,236.52,181.77,249.66,2.3,208.05
Delhi,21-04-2024,139,76.45,150.12,115.37,158.46,1.46,132.05
Delhi,22-04-2024,129,70.95,139.32,107.07,147.06,1.35,122.55
Delhi,23-04-2024,190,104.5,205.2,157.7,216.6,2,180.5
Delhi,24-04-2024,178,97.9,192.24,147.74,202.92,1.87,169.1
Delhi,25-04-2024,200,110,216,166,228,2.1,190
Delhi,26-04-2024,197,108.35,212.76,163.51,224.58,2.07,187.15
Delhi,27-04-2024,165,90.75,178.2,136.95,188.1,1.73,156.75
Delhi,28-04-2024,176,96.8,190.08,146.08,200.64,1.85,167.2
Delhi,29-04-2024,225,123.75,243,186.75,256.5,2.36,213.75
Delhi,30-04-2024,189,103.95,204.12,156.87,215.46,1.98,179.55
Delhi,01-05-2024,200,110,216,166,228,2.1,190
Delhi,02-05-2024,197,108.35,212.76,163.51,224.58,2.07,187.15
Delhi,03-05-2024,264,145.2,285.12,219.12,300.96,2.77,250.8
Delhi,04-05-2024,282,155.1,304.56,234.06,321.48,2.96,267.9
Delhi,05-05-2024,292,160.6,315.36,242.36,332.88,3.07,277.4
Delhi,06-05-2024,248,136.4,267.84,205.84,282.72,2.6,235.6
Delhi,07-05-2024,303,166.65,327.24,251.49,345.42,3.18,287.85
Delhi,08-05-2024,225,123.75,243,186.75,256.5,2.36,213.75
Delhi,09-05-2024,179,98.45,193.32,148.57,204.06,1.88,170.05
Delhi,10-05-2024,180,99,194.4,149.4,205.2,1.89,171
Delhi,11-05-2024,242,133.1,261.36,200.86,275.88,2.54,229.9
Delhi,12-05-2024,184,101.2,198.72,152.72,209.76,1.93,174.8
Delhi,13-05-2024,228,125.4,246.24,189.24,259.92,2.39,216.6
Delhi,14-05-2024,235,129.25,253.8,195.05,267.9,2.47,223.25
Delhi,15-05-2024,244,134.2,263.52,202.52,278.16,2.56,231.8
Delhi,16-05-2024,236,129.8,254.88,195.88,269.04,2.48,224.2
Delhi,17-05-2024,233,128.15,251.64,193.39,265.62,2.45,221.35
Delhi,18-05-2024,262,144.1,282.96,217.46,298.68,2.75,248.9
Delhi,19-05-2024,245,134.75,264.6,203.35,279.3,2.57,232.75
Delhi,20-05-2024,228,125.4,246.24,189.24,259.92,2.39,216.6
Delhi,21-05-2024,240,132,259.2,199.2,273.6,2.52,228
Delhi,22-05-2024,193,106.15,208.44,160.19,220.02,2.03,183.35
Delhi,23-05-2024,156,85.8,168.48,129.48,177.84,1.64,148.2
Delhi,24-05-2024,157,86.35,169.56,130.31,178.98,1.65,149.15
Delhi,25-05-2024,168,92.4,181.44,139.44,191.52,1.76,159.6
Delhi,26-05-2024,191,105.05,206.28,158.53,217.74,2.01,181.45
Delhi,27-05-2024,225,123.75,243,186.75,256.5,2.36,213.75
Delhi,28-05-2024,246,135.3,265.68,204.18,280.44,2.58,233.7
Delhi,29-05-2024,240,132,259.2,199.2,273.6,2.52,228
Delhi,30-05-2024,230,126.5,248.4,190.9,262.2,2.42,218.5
Delhi,31-05-2024,192,105.6,207.36,159.36,218.88,2.02,182.4
Delhi,01-06-2024,245,134.75,264.6,203.35,279.3,2.57,232.75
Delhi,02-06-2024,173,95.15,186.84,143.59,197.22,1.82,164.35
Delhi,03-06-2024,155,85.25,167.4,128.65,176.7,1.63,147.25
Delhi,04-06-2024,211,116.05,227.88,175.13,240.54,2.22,200.45
Delhi,05-06-2024,251,138.05,271.08,208.33,286.14,2.64,238.45
Delhi,06-06-2024,183,100.65,197.64,151.89,208.62,1.92,173.85
Delhi,07-06-2024,231,127.05,249.48,191.73,263.34,2.43,219.45
Delhi,08-06-2024,237,130.35,255.96,196.71,270.18,2.49,225.15
Delhi,09-06-2024,182,100.1,196.56,151.06,207.48,1.91,172.9
Delhi,10-06-2024,172,94.6,185.76,142.76,196.08,1.81,163.4
Delhi,11-06-2024,223,122.65,240.84,185.09,254.22,2.34,211.85
Delhi,12-06-2024,213,117.15,230.04,176.79,242.82,2.24,202.35
Delhi,13-06-2024,195,107.25,210.6,161.85,222.3,2.05,185.25
Delhi,14-06-2024,189,103.95,204.12,156.87,215.46,1.98,179.55
Delhi,15-06-2024,186,102.3,200.88,154.38,212.04,1.95,176.7
Delhi,16-06-2024,197,108.35,212.76,163.51,224.58,2.07,187.15
Delhi,17-06-2024,169,92.95,182.52,140.27,192.66,1.77,160.55
Delhi,18-06-2024,196,107.8,211.68,162.68,223.44,2.06,186.2
Delhi,19-06-2024,306,168.3,330.48,253.98,348.84,3.21,290.7
Delhi,20-06-2024,179,98.45,193.32,148.57,204.06,1.88,170.05
Delhi,21-06-2024,175,96.25,189,145.25,199.5,1.84,166.25
Delhi,22-06-2024,186,102.3,200.88,154.38,212.04,1.95,176.7
Delhi,23-06-2024,145,79.75,156.6,120.35,165.3,1.52,137.75
Delhi,24-06-2024,138,75.9,149.04,114.54,157.32,1.45,131.1
Delhi,25-06-2024,134,73.7,144.72,111.22,152.76,1.41,127.3
Delhi,26-06-2024,132,72.6,142.56,109.56,150.48,1.39,125.4
Delhi,27-06-2024,74,40.7,79.92,61.42,84.36,0.78,70.3
Delhi,28-06-2024,64,35.2,69.12,53.12,72.96,0.67,60.8
Delhi,29-06-2024,118,64.9,127.44,97.94,134.52,1.24,112.1
Delhi,30-06-2024,115,63.25,124.2,95.45,131.1,1.21,109.25
Delhi,01-07-2024,105,57.75,113.4,87.15,119.7,1.1,99.75
Delhi,02-07-2024,118,64.9,127.44,97.94,134.52,1.24,112.1
Delhi,03-07-2024,108,59.4,116.64,89.64,123.12,1.13,102.6
Delhi,04-07-2024,61,33.55,65.88,50.63,69.54,0.64,57.95
Delhi,05-07-2024,77,42.35,83.16,63.91,87.78,0.81,73.15
Delhi,06-07-2024,65,35.75,70.2,53.95,74.1,0.68,61.75
Delhi,07-07-2024,56,30.8,60.48,46.48,63.84,0.59,53.2
Delhi,08-07-2024,56,30.8,60.48,46.48,63.84,0.59,53.2
Delhi,09-07-2024,84,46.2,90.72,69.72,95.76,0.88,79.8
Delhi,10-07-2024,138,75.9,149.04,114.54,157.32,1.45,131.1
Delhi,11-07-2024,113,62.15,122.04,93.79,128.82,1.19,107.35
Delhi,12-07-2024,107,58.85,115.56,88.81,121.98,1.12,101.65
Delhi,13-07-2024,102,56.1,110.16,84.66,116.28,1.07,96.9
Delhi,14-07-2024,107,58.85,115.56,88.81,121.98,1.12,101.65
Delhi,15-07-2024,109,59.95,117.72,90.47,124.26,1.14,103.55
Delhi,16-07-2024,100,55,108,83,114,1.05,95
Delhi,17-07-2024,90,49.5,97.2,74.7,102.6,0.95,85.5
Delhi,18-07-2024,95,52.25,102.6,78.85,108.3,1,90.25
Delhi,19-07-2024,124,68.2,133.92,102.92,141.36,1.3,117.8
Delhi,20-07-2024,109,59.95,117.72,90.47,124.26,1.14,103.55
Delhi,21-07-2024,103,56.65,111.24,85.49,117.42,1.08,97.85
Delhi,22-07-2024,85,46.75,91.8,70.55,96.9,0.89,80.75
Delhi,23-07-2024,93,51.15,100.44,77.19,106.02,0.98,88.35
Delhi,24-07-2024,97,53.35,104.76,80.51,110.58,1.02,92.15
Delhi,25-07-2024,109,59.95,117.72,90.47,124.26,1.14,103.55
Delhi,26-07-2024,84,46.2,90.72,69.72,95.76,0.88,79.8
Delhi,27-07-2024,131,72.05,141.48,108.73,149.34,1.38,124.45
Delhi,28-07-2024,83,45.65,89.64,68.89,94.62,0.87,78.85
Delhi,29-07-2024,76,41.8,82.08,63.08,86.64,0.8,72.2
Delhi,30-07-2024,97,53.35,104.76,80.51,110.58,1.02,92.15
Delhi,31-07-2024,96,52.8,103.68,79.68,109.44,1.01,91.2
Delhi,01-08-2024,64,35.2,69.12,53.12,72.96,0.67,60.8
Delhi,02-08-2024,76,41.8,82.08,63.08,86.64,0.8,72.2
Delhi,03-08-2024,68,37.4,73.44,56.44,77.52,0.71,64.6
Delhi,04-08-2024,64,35.2,69.12,53.12,72.96,0.67,60.8
Delhi,05-08-2024,59,32.45,63.72,48.97,67.26,0.62,56.05
Delhi,06-08-2024,61,33.55,65.88,50.63,69.54,0.64,57.95
Delhi,07-08-2024,61,33.55,65.88,50.63,69.54,0.64,57.95
Delhi,08-08-2024,54,29.7,58.32,44.82,61.56,0.57,51.3
Delhi,09-08-2024,61,33.55,65.88,50.63,69.54,0.64,57.95
Delhi,10-08-2024,71,39.05,76.68,58.93,80.94,0.75,67.45
Delhi,11-08-2024,69,37.95,74.52,57.27,78.66,0.72,65.55
Delhi,12-08-2024,56,30.8,60.48,46.48,63.84,0.59,53.2
Delhi,13-08-2024,63,34.65,68.04,52.29,71.82,0.66,59.85
Delhi,14-08-2024,79,43.45,85.32,65.57,90.06,0.83,75.05
Delhi,15-08-2024,72,39.6,77.76,59.76,82.08,0.76,68.4
Delhi,16-08-2024,63,34.65,68.04,52.29,71.82,0.66,59.85
Delhi,17-08-2024,74,40.7,79.92,61.42,84.36,0.78,70.3
Delhi,18-08-2024,83,45.65,89.64,68.89,94.62,0.87,78.85
Delhi,19-08-2024,84,46.2,90.72,69.72,95.76,0.88,79.8
Delhi,20-08-2024,66,36.3,71.28,54.78,75.24,0.69,62.7
Delhi,21-08-2024,87,47.85,93.96,72.21,99.18,0.91,82.65
Delhi,22-08-2024,85,46.75,91.8,70.55,96.9,0.89,80.75
Delhi,23-08-2024,77,42.35,83.16,63.91,87.78,0.81,73.15
Delhi,24-08-2024,105,57.75,113.4,87.15,119.7,1.1,99.75
Delhi,25-08-2024,77,42.35,83.16,63.91,87.78,0.81,73.15
Delhi,26-08-2024,72,39.6,77.76,59.76,82.08,0.76,68.4
Delhi,27-08-2024,64,35.2,69.12,53.12,72.96,0.67,60.8
Delhi,28-08-2024,70,38.5,75.6,58.1,79.8,0.74,66.5
Delhi,29-08-2024,58,31.9,62.64,48.14,66.12,0.61,55.1
Delhi,30-08-2024,102,56.1,110.16,84.66,116.28,1.07,96.9
Delhi,31-08-2024,92,50.6,99.36,76.36,104.88,0.97,87.4
Delhi,01-09-2024,101,55.55,109.08,83.83,115.14,1.06,95.95
Delhi,02-09-2024,87,47.85,93.96,72.21,99.18,0.91,82.65
Delhi,03-09-2024,89,48.95,96.12,73.87,101.46,0.93,84.55
Delhi,04-09-2024,69,37.95,74.52,57.27,78.66,0.72,65.55
Delhi,05-09-2024,83,45.65,89.64,68.89,94.62,0.87,78.85
Delhi,06-09-2024,95,52.25,102.6,78.85,108.3,1,90.25
Delhi,07-09-2024,71,39.05,76.68,58.93,80.94,0.75,67.45
Delhi,08-09-2024,91,50.05,98.28,75.53,103.74,0.96,86.45
Delhi,09-09-2024,114,62.7,123.12,94.62,129.96,1.2,108.3
Delhi,10-09-2024,106,58.3,114.48,87.98,120.84,1.11,100.7
Delhi,11-09-2024,71,39.05,76.68,58.93,80.94,0.75,67.45
Delhi,12-09-2024,64,35.2,69.12,53.12,72.96,0.67,60.8
Delhi,13-09-2024,52,28.6,56.16,43.16,59.28,0.55,49.4
Delhi,14-09-2024,62,34.1,66.96,51.46,70.68,0.65,58.9
Delhi,15-09-2024,107,58.85,115.56,88.81,121.98,1.12,101.65
Delhi,16-09-2024,139,76.45,150.12,115.37,158.46,1.46,132.05
Delhi,17-09-2024,172,94.6,185.76,142.76,196.08,1.81,163.4
Delhi,18-09-2024,115,63.25,124.2,95.45,131.1,1.21,109.25
Delhi,19-09-2024,56,30.8,60.48,46.48,63.84,0.59,53.2
Delhi,20-09-2024,98,53.9,105.84,81.34,111.72,1.03,93.1
Delhi,21-09-2024,116,63.8,125.28,96.28,132.24,1.22,110.2
Delhi,22-09-2024,162,89.1,174.96,134.46,184.68,1.7,153.9
Delhi,23-09-2024,165,90.75,178.2,136.95,188.1,1.73,156.75
Delhi,24-09-2024,195,107.25,210.6,161.85,222.3,2.05,185.25
Delhi,25-09-2024,233,128.15,251.64,193.39,265.62,2.45,221.35
Delhi,26-09-2024,94,51.7,101.52,78.02,107.16,0.99,89.3
Delhi,27-09-2024,80,44,86.4,66.4,91.2,0.84,76
Delhi,28-09-2024,66,36.3,71.28,54.78,75.24,0.69,62.7
Delhi,29-09-2024,74,40.7,79.92,61.42,84.36,0.78,70.3
Delhi,30-09-2024,126,69.3,136.08,104.58,143.64,1.32,119.7
Delhi,01-10-2024,149,81.95,160.92,123.67,169.86,1.56,141.55
Delhi,02-10-2024,173,95.15,186.84,143.59,197.22,1.82,164.35
Delhi,03-10-2024,162,89.1,174.96,134.46,184.68,1.7,153.9
Delhi,04-10-2024,184,101.2,198.72,152.72,209.76,1.93,174.8
Delhi,05-10-2024,145,79.75,156.6,120.35,165.3,1.52,137.75
Delhi,06-10-2024,143,78.65,154.44,118.69,163.02,1.5,135.85
Delhi,07-10-2024,126,69.3,136.08,104.58,143.64,1.32,119.7
Delhi,08-10-2024,167,91.85,180.36,138.61,190.38,1.75,158.65
Delhi,09-10-2024,164,90.2,177.12,136.12,186.96,1.72,155.8
Delhi,10-10-2024,132,72.6,142.56,109.56,150.48,1.39,125.4
Delhi,11-10-2024,141,77.55,152.28,117.03,160.74,1.48,133.95
Delhi,12-10-2024,155,85.25,167.4,128.65,176.7,1.63,147.25
Delhi,13-10-2024,224,123.2,241.92,185.92,255.36,2.35,212.8
Delhi,14-10-2024,234,128.7,252.72,194.22,266.76,2.46,222.3
Delhi,15-10-2024,198,108.9,213.84,164.34,225.72,2.08,188.1
Delhi,16-10-2024,230,126.5,248.4,190.9,262.2,2.42,218.5
Delhi,17-10-2024,285,156.75,307.8,236.55,324.9,2.99,270.75
Delhi,18-10-2024,292,160.6,315.36,242.36,332.88,3.07,277.4
Delhi,19-10-2024,278,152.9,300.24,230.74,316.92,2.92,264.1
Delhi,20-10-2024,277,152.35,299.16,229.91,315.78,2.91,263.15
Delhi,21-10-2024,310,170.5,334.8,257.3,353.4,3.26,294.5
Delhi,22-10-2024,327,179.85,353.16,271.41,372.78,3.43,310.65
Delhi,23-10-2024,364,200.2,393.12,302.12,414.96,3.82,345.8
Delhi,24-10-2024,306,168.3,330.48,253.98,348.84,3.21,290.7
Delhi,25-10-2024,270,148.5,291.6,224.1,307.8,2.84,256.5
Delhi,26-10-2024,255,140.25,275.4,211.65,290.7,2.68,242.25
Delhi,27-10-2024,356,195.8,384.48,295.48,405.84,3.74,338.2
Delhi,28-10-2024,304,167.2,328.32,252.32,346.56,3.19,288.8
Delhi,29-10-2024,268,147.4,289.44,222.44,305.52,2.81,254.6
Delhi,30-10-2024,307,168.85,331.56,254.81,349.98,3.22,291.65
Delhi,31-10-2024,328,180.4,354.24,272.24,373.92,3.44,311.6
Delhi,01-11-2024,339,186.45,366.12,281.37,386.46,3.56,322.05
Delhi,02-11-2024,318,174.9,343.44,263.94,362.52,3.34,302.1
Delhi,03-11-2024,381,209.55,411.48,316.23,434.34,4,361.95
Delhi,04-11-2024,380,209,410.4,315.4,433.2,3.99,361
Delhi,05-11-2024,372,204.6,401.76,308.76,424.08,3.91,353.4
Delhi,06-11-2024,351,193.05,379.08,291.33,400.14,3.69,333.45
Delhi,07-11-2024,377,207.35,407.16,312.91,429.78,3.96,358.15
Delhi,08-11-2024,379,208.45,409.32,314.57,432.06,3.98,360.05
Delhi,09-11-2024,350,192.5,378,290.5,399,3.68,332.5
Delhi,10-11-2024,334,183.7,360.72,277.22,380.76,3.51,317.3
Delhi,11-11-2024,352,193.6,380.16,292.16,401.28,3.7,334.4
Delhi,12-11-2024,334,183.7,360.72,277.22,380.76,3.51,317.3
Delhi,13-11-2024,418,229.9,451.44,346.94,476.52,4.39,397.1
Delhi,14-11-2024,424,233.2,457.92,351.92,483.36,4.45,402.8
Delhi,15-11-2024,396,217.8,427.68,328.68,451.44,4.16,376.2
Delhi,16-11-2024,417,229.35,450.36,346.11,475.38,4.38,396.15
Delhi,17-11-2024,441,242.55,476.28,366.03,502.74,4.63,418.95
Delhi,18-11-2024,494,271.7,533.52,410.02,563.16,5.19,469.3
Delhi,19-11-2024,460,253,496.8,381.8,524.4,4.83,437
Delhi,20-11-2024,419,230.45,452.52,347.77,477.66,4.4,398.05
Delhi,21-11-2024,371,204.05,400.68,307.93,422.94,3.9,352.45
Delhi,22-11-2024,393,216.15,424.44,326.19,448.02,4.13,373.35
Delhi,23-11-2024,412,226.6,444.96,341.96,469.68,4.33,391.4
Delhi,24-11-2024,318,174.9,343.44,263.94,362.52,3.34,302.1
Delhi,25-11-2024,349,191.95,376.92,289.67,397.86,3.66,331.55
Delhi,26-11-2024,343,188.65,370.44,284.69,391.02,3.6,325.85
Delhi,27-11-2024,303,166.65,327.24,251.49,345.42,3.18,287.85
Delhi,28-11-2024,325,178.75,351,269.75,370.5,3.41,308.75
Delhi,29-11-2024,331,182.05,357.48,274.73,377.34,3.48,314.45
Delhi,30-11-2024,346,190.3,373.68,287.18,394.44,3.63,328.7
Delhi,01-12-2024,285,156.75,307.8,236.55,324.9,2.99,270.75
Delhi,02-12-2024,280,154,302.4,232.4,319.2,2.94,266
Delhi,03-12-2024,268,147.4,289.44,222.44,305.52,2.81,254.6
Delhi,04-12-2024,178,97.9,192.24,147.74,202.92,1.87,169.1
Delhi,05-12-2024,165,90.75,178.2,136.95,188.1,1.73,156.75
Delhi,06-12-2024,197,108.35,212.76,163.51,224.58,2.07,187.15
Delhi,07-12-2024,233,128.15,251.64,193.39,265.62,2.45,221.35
Delhi,08-12-2024,302,166.1,326.16,250.66,344.28,3.17,286.9
Delhi,09-12-2024,186,102.3,200.88,154.38,212.04,1.95,176.7
Delhi,10-12-2024,234,128.7,252.72,194.22,266.76,2.46,222.3
Delhi,11-12-2024,199,109.45,214.92,165.17,226.86,2.09,189.05
Delhi,12-12-2024,288,158.4,311.04,239.04,328.32,3.02,273.6
Delhi,13-12-2024,262,144.1,282.96,217.46,298.68,2.75,248.9
Delhi,14-12-2024,193,106.15,208.44,160.19,220.02,2.03,183.35
Delhi,15-12-2024,294,161.7,317.52,244.02,335.16,3.09,279.3
Delhi,16-12-2024,379,208.45,409.32,314.57,432.06,3.98,360.05
Delhi,17-12-2024,433,238.15,467.64,359.39,493.62,4.55,411.35
Delhi,18-12-2024,445,244.75,480.6,369.35,507.3,4.67,422.75
Delhi,19-12-2024,451,248.05,487.08,374.33,514.14,4.74,428.45
Delhi,20-12-2024,429,235.95,463.32,356.07,489.06,4.5,407.55
Delhi,21-12-2024,370,203.5,399.6,307.1,421.8,3.89,351.5
Delhi,22-12-2024,409,224.95,441.72,339.47,466.26,4.29,388.55
Delhi,23-12-2024,406,223.3,438.48,336.98,462.84,4.26,385.7
Delhi,24-12-2024,369,202.95,398.52,306.27,420.66,3.87,350.55
Delhi,25-12-2024,336,184.8,362.88,278.88,383.04,3.53,319.2
Delhi,26-12-2024,345,189.75,372.6,286.35,393.3,3.62,327.75
Delhi,27-12-2024,353,194.15,381.24,292.99,402.42,3.71,335.35
Delhi,28-12-2024,139,76.45,150.12,115.37,158.46,1.46,132.05
Delhi,29-12-2024,225,123.75,243,186.75,256.5,2.36,213.75
Delhi,30-12-2024,173,95.15,186.84,143.59,197.22,1.82,164.35
Delhi,31-12-2024,283,155.65,305.64,234.89,322.62,2.97,268.85
