City,Date,AQI,PM2.5,PM10,NO2,SO2,CO,O3
Hyderabad,01-01-2018,119,65.45,128.52,98.77,135.66,1.25,113.05
Hyderabad,02-01-2018,117,64.35,126.36,97.11,133.38,1.23,111.15
Hyderabad,03-01-2018,156,85.8,168.48,129.48,177.84,1.64,148.2
Hyderabad,04-01-2018,169,92.95,182.52,140.27,192.66,1.77,160.55
Hyderabad,05-01-2018,148,81.4,159.84,122.84,168.72,1.55,140.6
Hyderabad,06-01-2018,146,80.3,157.68,121.18,166.44,1.53,138.7
Hyderabad,07-01-2018,139,76.45,150.12,115.37,158.46,1.46,132.05
Hyderabad,08-01-2018,142,78.1,153.36,117.86,161.88,1.49,134.9
Hyderabad,09-01-2018,153,84.15,165.24,126.99,174.42,1.61,145.35
Hyderabad,10-01-2018,155,85.25,167.4,128.65,176.7,1.63,147.25
Hyderabad,11-01-2018,152,83.6,164.16,126.16,173.28,1.6,144.4
Hyderabad,12-01-2018,151,83.05,163.08,125.33,172.14,1.59,143.45
Hyderabad,13-01-2018,148,81.4,159.84,122.84,168.72,1.55,140.6
Hyderabad,14-01-2018,137,75.35,147.96,113.71,156.18,1.44,130.15
Hyderabad,15-01-2018,143,78.65,154.44,118.69,163.02,1.5,135.85
Hyderabad,16-01-2018,135,74.25,145.8,112.05,153.9,1.42,128.25
Hyderabad,17-01-2018,124,68.2,133.92,102.92,141.36,1.3,117.8
Hyderabad,18-01-2018,130,71.5,140.4,107.9,148.2,1.37,123.5
Hyderabad,19-01-2018,128,70.4,138.24,106.24,145.92,1.34,121.6
Hyderabad,20-01-2018,134,73.7,144.72,111.22,152.76,1.41,127.3
Hyderabad,21-01-2018,135,74.25,145.8,112.05,153.9,1.42,128.25
Hyderabad,22-01-2018,151,83.05,163.08,125.33,172.14,1.59,143.45
Hyderabad,23-01-2018,120,66,129.6,99.6,136.8,1.26,114
Hyderabad,24-01-2018,123,67.65,132.84,102.09,140.22,1.29,116.85
Hyderabad,25-01-2018,143,78.65,154.44,118.69,163.02,1.5,135.85
Hyderabad,26-01-2018,148,81.4,159.84,122.84,168.72,1.55,140.6
Hyderabad,27-01-2018,148,81.4,159.84,122.84,168.72,1.55,140.6
Hyderabad,28-01-2018,137,75.35,147.96,113.71,156.18,1.44,130.15
Hyderabad,29-01-2018,141,77.55,152.28,117.03,160.74,1.48,133.95
Hyderabad,30-01-2018,143,78.65,154.44,118.69,163.02,1.5,135.85
Hyderabad,31-01-2018,126,69.3,136.08,104.58,143.64,1.32,119.7
Hyderabad,01-02-2018,117,64.35,126.36,97.11,133.38,1.23,111.15
Hyderabad,02-02-2018,115,63.25,124.2,95.45,131.1,1.21,109.25
Hyderabad,03-02-2018,107,58.85,115.56,88.81,121.98,1.12,101.65
Hyderabad,04-02-2018,103,56.65,111.24,85.49,117.42,1.08,97.85
Hyderabad,05-02-2018,122,67.1,131.76,101.26,139.08,1.28,115.9
Hyderabad,06-02-2018,116,63.8,125.28,96.28,132.24,1.22,110.2
Hyderabad,07-02-2018,138,75.9,149.04,114.54,157.32,1.45,131.1
Hyderabad,08-02-2018,104,57.2,112.32,86.32,118.56,1.09,98.8
Hyderabad,09-02-2018,105,57.75,113.4,87.15,119.7,1.1,99.75
Hyderabad,10-02-2018,115,63.25,124.2,95.45,131.1,1.21,109.25
Hyderabad,11-02-2018,102,56.1,110.16,84.66,116.28,1.07,96.9
Hyderabad,12-02-2018,100,55,108,83,114,1.05,95
Hyderabad,13-02-2018,99,54.45,106.92,82.17,112.86,1.04,94.05
Hyderabad,14-02-2018,97,53.35,104.76,80.51,110.58,1.02,92.15
Hyderabad,15-02-2018,115,63.25,124.2,95.45,131.1,1.21,109.25
Hyderabad,16-02-2018,105,57.75,113.4,87.15,119.7,1.1,99.75
Hyderabad,17-02-2018,108,59.4,116.64,89.64,123.12,1.13,102.6
Hyderabad,18-02-2018,118,64.9,127.44,97.94,134.52,1.24,112.1
Hyderabad,19-02-2018,104,57.2,112.32,86.32,118.56,1.09,98.8
Hyderabad,20-02-2018,93,51.15,100.44,77.19,106.02,0.98,88.35
Hyderabad,21-02-2018,108,59.4,116.64,89.64,123.12,1.13,102.6
Hyderabad,22-02-2018,115,63.25,124.2,95.45,131.1,1.21,109.25
Hyderabad,23-02-2018,134,73.7,144.72,111.22,152.76,1.41,127.3
Hyderabad,24-02-2018,102,56.1,110.16,84.66,116.28,1.07,96.9
Hyderabad,25-02-2018,102,56.1,110.16,84.66,116.28,1.07,96.9
Hyderabad,26-02-2018,122,67.1,131.76,101.26,139.08,1.28,115.9
Hyderabad,27-02-2018,129,70.95,139.32,107.07,147.06,1.35,122.55
Hyderabad,28-02-2018,127,69.85,137.16,105.41,144.78,1.33,120.65
Hyderabad,01-03-2018,121,66.55,130.68,100.43,137.94,1.27,114.95
Hyderabad,02-03-2018,116,63.8,125.28,96.28,132.24,1.22,110.2
Hyderabad,03-03-2018,109,59.95,117.72,90.47,124.26,1.14,103.55
Hyderabad,04-03-2018,118,64.9,127.44,97.94,134.52,1.24,112.1
Hyderabad,05-03-2018,105,57.75,113.4,87.15,119.7,1.1,99.75
Hyderabad,06-03-2018,101,55.55,109.08,83.83,115.14,1.06,95.95
Hyderabad,07-03-2018,101,55.55,109.08,83.83,115.14,1.06,95.95
Hyderabad,08-03-2018,107,58.85,115.56,88.81,121.98,1.12,101.65
Hyderabad,09-03-2018,117,64.35,126.36,97.11,133.38,1.23,111.15
Hyderabad,10-03-2018,118,64.9,127.44,97.94,134.52,1.24,112.1
Hyderabad,11-03-2018,117,64.35,126.36,97.11,133.38,1.23,111.15
Hyderabad,12-03-2018,92,50.6,99.36,76.36,104.88,0.97,87.4
Hyderabad,13-03-2018,80,44,86.4,66.4,91.2,0.84,76
Hyderabad,14-03-2018,100,55,108,83,114,1.05,95
Hyderabad,15-03-2018,92,50.6,99.36,76.36,104.88,0.97,87.4
Hyderabad,16-03-2018,122,67.1,131.76,101.26,139.08,1.28,115.9
Hyderabad,17-03-2018,102,56.1,110.16,84.66,116.28,1.07,96.9
Hyderabad,18-03-2018,74,40.7,79.92,61.42,84.36,0.78,70.3
Hyderabad,19-03-2018,87,47.85,93.96,72.21,99.18,0.91,82.65
Hyderabad,20-03-2018,101,55.55,109.08,83.83,115.14,1.06,95.95
Hyderabad,21-03-2018,107,58.85,115.56,88.81,121.98,1.12,101.65
Hyderabad,22-03-2018,132,72.6,142.56,109.56,150.48,1.39,125.4
Hyderabad,23-03-2018,127,69.85,137.16,105.41,144.78,1.33,120.65
Hyderabad,24-03-2018,132,72.6,142.56,109.56,150.48,1.39,125.4
Hyderabad,25-03-2018,139,76.45,150.12,115.37,158.46,1.46,132.05
Hyderabad,26-03-2018,119,65.45,128.52,98.77,135.66,1.25,113.05
Hyderabad,27-03-2018,118,64.9,127.44,97.94,134.52,1.24,112.1
Hyderabad,28-03-2018,118,64.9,127.44,97.94,134.52,1.24,112.1
Hyderabad,29-03-2018,124,68.2,133.92,102.92,141.36,1.3,117.8
Hyderabad,30-03-2018,115,63.25,124.2,95.45,131.1,1.21,109.25
Hyderabad,31-03-2018,108,59.4,116.64,89.64,123.12,1.13,102.6
Hyderabad,01-04-2018,94,51.7,101.52,78.02,107.16,0.99,89.3
Hyderabad,02-04-2018,72,39.6,77.76,59.76,82.08,0.76,68.4
Hyderabad,03-04-2018,97,53.35,104.76,80.51,110.58,1.02,92.15
Hyderabad,04-04-2018,93,51.15,100.44,77.19,106.02,0.98,88.35
Hyderabad,05-04-2018,86,47.3,92.88,71.38,98.04,0.9,81.7
Hyderabad,06-04-2018,97,53.35,104.76,80.51,110.58,1.02,92.15
Hyderabad,07-04-2018,77,42.35,83.16,63.91,87.78,0.81,73.15
Hyderabad,08-04-2018,73,40.15,78.84,60.59,83.22,0.77,69.35
Hyderabad,09-04-2018,101,55.55,109.08,83.83,115.14,1.06,95.95
Hyderabad,10-04-2018,84,46.2,90.72,69.72,95.76,0.88,79.8
Hyderabad,11-04-2018,70,38.5,75.6,58.1,79.8,0.74,66.5
Hyderabad,12-04-2018,72,39.6,77.76,59.76,82.08,0.76,68.4
Hyderabad,13-04-2018,66,36.3,71.28,54.78,75.24,0.69,62.7
Hyderabad,14-04-2018,68,37.4,73.44,56.44,77.52,0.71,64.6
Hyderabad,15-04-2018,60,33,64.8,49.8,68.4,0.63,57
Hyderabad,16-04-2018,100,55,108,83,114,1.05,95
Hyderabad,17-04-2018,87,47.85,93.96,72.21,99.18,0.91,82.65
Hyderabad,18-04-2018,84,46.2,90.72,69.72,95.76,0.88,79.8
Hyderabad,19-04-2018,107,58.85,115.56,88.81,121.98,1.12,101.65
Hyderabad,20-04-2018,113,62.15,122.04,93.79,128.82,1.19,107.35
Hyderabad,21-04-2018,121,66.55,130.68,100.43,137.94,1.27,114.95
Hyderabad,22-04-2018,114,62.7,123.12,94.62,129.96,1.2,108.3
Hyderabad,23-04-2018,82,45.1,88.56,68.06,93.48,0.86,77.9
Hyderabad,24-04-2018,82,45.1,88.56,68.06,93.48,0.86,77.9
Hyderabad,25-04-2018,88,48.4,95.04,73.04,100.32,0.92,83.6
Hyderabad,26-04-2018,90,49.5,97.2,74.7,102.6,0.95,85.5
Hyderabad,27-04-2018,92,50.6,99.36,76.36,104.88,0.97,87.4
Hyderabad,28-04-2018,90,49.5,97.2,74.7,102.6,0.95,85.5
Hyderabad,29-04-2018,103,56.65,111.24,85.49,117.42,1.08,97.85
Hyderabad,30-04-2018,101,55.55,109.08,83.83,115.14,1.06,95.95
Hyderabad,01-05-2018,117,64.35,126.36,97.11,133.38,1.23,111.15
Hyderabad,02-05-2018,81,44.55,87.48,67.23,92.34,0.85,76.95
Hyderabad,03-05-2018,100,55,108,83,114,1.05,95
Hyderabad,04-05-2018,68,37.4,73.44,56.44,77.52,0.71,64.6
Hyderabad,05-05-2018,68,37.4,73.44,56.44,77.52,0.71,64.6
Hyderabad,06-05-2018,80,44,86.4,66.4,91.2,0.84,76
Hyderabad,07-05-2018,86,47.3,92.88,71.38,98.04,0.9,81.7
Hyderabad,08-05-2018,96,52.8,103.68,79.68,109.44,1.01,91.2
Hyderabad,09-05-2018,105,57.75,113.4,87.15,119.7,1.1,99.75
Hyderabad,10-05-2018,73,40.15,78.84,60.59,83.22,0.77,69.35
Hyderabad,11-05-2018,78,42.9,84.24,64.74,88.92,0.82,74.1
Hyderabad,12-05-2018,86,47.3,92.88,71.38,98.04,0.9,81.7
Hyderabad,13-05-2018,104,57.2,112.32,86.32,118.56,1.09,98.8
Hyderabad,14-05-2018,82,45.1,88.56,68.06,93.48,0.86,77.9
Hyderabad,15-05-2018,74,40.7,79.92,61.42,84.36,0.78,70.3
Hyderabad,16-05-2018,78,42.9,84.24,64.74,88.92,0.82,74.1
Hyderabad,17-05-2018,109,59.95,117.72,90.47,124.26,1.14,103.55
Hyderabad,18-05-2018,78,42.9,84.24,64.74,88.92,0.82,74.1
Hyderabad,19-05-2018,106,58.3,114.48,87.98,120.84,1.11,100.7
Hyderabad,20-05-2018,95,52.25,102.6,78.85,108.3,1,90.25
Hyderabad,21-05-2018,134,73.7,144.72,111.22,152.76,1.41,127.3
Hyderabad,22-05-2018,105,57.75,113.4,87.15,119.7,1.1,99.75
Hyderabad,23-05-2018,113,62.15,122.04,93.79,128.82,1.19,107.35
Hyderabad,24-05-2018,92,50.6,99.36,76.36,104.88,0.97,87.4
Hyderabad,25-05-2018,118,64.9,127.44,97.94,134.52,1.24,112.1
Hyderabad,26-05-2018,70,38.5,75.6,58.1,79.8,0.74,66.5
Hyderabad,27-05-2018,77,42.35,83.16,63.91,87.78,0.81,73.15
Hyderabad,28-05-2018,75,41.25,81,62.25,85.5,0.79,71.25
Hyderabad,29-05-2018,77,42.35,83.16,63.91,87.78,0.81,73.15
Hyderabad,30-05-2018,82,45.1,88.56,68.06,93.48,0.86,77.9
Hyderabad,31-05-2018,87,47.85,93.96,72.21,99.18,0.91,82.65
Hyderabad,01-06-2018,108,59.4,116.64,89.64,123.12,1.13,102.6
Hyderabad,02-06-2018,72,39.6,77.76,59.76,82.08,0.76,68.4
Hyderabad,03-06-2018,85,46.75,91.8,70.55,96.9,0.89,80.75
Hyderabad,04-06-2018,78,42.9,84.24,64.74,88.92,0.82,74.1
Hyderabad,05-06-2018,74,40.7,79.92,61.42,84.36,0.78,70.3
Hyderabad,06-06-2018,76,41.8,82.08,63.08,86.64,0.8,72.2
Hyderabad,07-06-2018,60,33,64.8,49.8,68.4,0.63,57
Hyderabad,08-06-2018,62,34.1,66.96,51.46,70.68,0.65,58.9
Hyderabad,09-06-2018,55,30.25,59.4,45.65,62.7,0.58,52.25
Hyderabad,10-06-2018,47,25.85,50.76,39.01,53.58,0.49,44.65
Hyderabad,11-06-2018,52,28.6,56.16,43.16,59.28,0.55,49.4
Hyderabad,12-06-2018,73,40.15,78.84,60.59,83.22,0.77,69.35
Hyderabad,13-06-2018,80,44,86.4,66.4,91.2,0.84,76
Hyderabad,14-06-2018,88,48.4,95.04,73.04,100.32,0.92,83.6
Hyderabad,15-06-2018,85,46.75,91.8,70.55,96.9,0.89,80.75
Hyderabad,16-06-2018,63,34.65,68.04,52.29,71.82,0.66,59.85
Hyderabad,17-06-2018,66,36.3,71.28,54.78,75.24,0.69,62.7
Hyderabad,18-06-2018,53,29.15,57.24,43.99,60.42,0.56,50.35
Hyderabad,19-06-2018,44,24.2,47.52,36.52,50.16,0.46,41.8
Hyderabad,20-06-2018,63,34.65,68.04,52.29,71.82,0.66,59.85
Hyderabad,21-06-2018,48,26.4,51.84,39.84,54.72,0.5,45.6
Hyderabad,22-06-2018,52,28.6,56.16,43.16,59.28,0.55,49.4
Hyderabad,23-06-2018,50,27.5,54,41.5,57,0.53,47.5
Hyderabad,24-06-2018,42,23.1,45.36,34.86,47.88,0.44,39.9
Hyderabad,25-06-2018,47,25.85,50.76,39.01,53.58,0.49,44.65
Hyderabad,26-06-2018,41,22.55,44.28,34.03,46.74,0.43,38.95
Hyderabad,27-06-2018,53,29.15,57.24,43.99,60.42,0.56,50.35
Hyderabad,28-06-2018,53,29.15,57.24,43.99,60.42,0.56,50.35
Hyderabad,29-06-2018,56,30.8,60.48,46.48,63.84,0.59,53.2
Hyderabad,30-06-2018,59,32.45,63.72,48.97,67.26,0.62,56.05
Hyderabad,01-07-2018,52,28.6,56.16,43.16,59.28,0.55,49.4
Hyderabad,02-07-2018,52,28.6,56.16,43.16,59.28,0.55,49.4
Hyderabad,03-07-2018,48,26.4,51.84,39.84,54.72,0.5,45.6
Hyderabad,04-07-2018,58,31.9,62.64,48.14,66.12,0.61,55.1
Hyderabad,05-07-2018,58,31.9,62.64,48.14,66.12,0.61,55.1
Hyderabad,06-07-2018,44,24.2,47.52,36.52,50.16,0.46,41.8
Hyderabad,07-07-2018,62,34.1,66.96,51.46,70.68,0.65,58.9
Hyderabad,08-07-2018,50,27.5,54,41.5,57,0.53,47.5
Hyderabad,09-07-2018,48,26.4,51.84,39.84,54.72,0.5,45.6
Hyderabad,10-07-2018,50,27.5,54,41.5,57,0.53,47.5
Hyderabad,11-07-2018,46,25.3,49.68,38.18,52.44,0.48,43.7
Hyderabad,12-07-2018,41,22.55,44.28,34.03,46.74,0.43,38.95
Hyderabad,13-07-2018,35,19.25,37.8,29.05,39.9,0.37,33.25
Hyderabad,14-07-2018,40,22,43.2,33.2,45.6,0.42,38
Hyderabad,15-07-2018,57,31.35,61.56,47.31,64.98,0.6,54.15
Hyderabad,16-07-2018,36,19.8,38.88,29.88,41.04,0.38,34.2
Hyderabad,17-07-2018,36,19.8,38.88,29.88,41.04,0.38,34.2
Hyderabad,18-07-2018,41,22.55,44.28,34.03,46.74,0.43,38.95
Hyderabad,19-07-2018,51,28.05,55.08,42.33,58.14,0.54,48.45
Hyderabad,20-07-2018,42,23.1,45.36,34.86,47.88,0.44,39.9
Hyderabad,21-07-2018,50,27.5,54,41.5,57,0.53,47.5
Hyderabad,22-07-2018,69,37.95,74.52,57.27,78.66,0.72,65.55
Hyderabad,23-07-2018,66,36.3,71.28,54.78,75.24,0.69,62.7
Hyderabad,24-07-2018,57,31.35,61.56,47.31,64.98,0.6,54.15
Hyderabad,25-07-2018,56,30.8,60.48,46.48,63.84,0.59,53.2
Hyderabad,26-07-2018,52,28.6,56.16,43.16,59.28,0.55,49.4
Hyderabad,27-07-2018,53,29.15,57.24,43.99,60.42,0.56,50.35
Hyderabad,28-07-2018,56,30.8,60.48,46.48,63.84,0.59,53.2
Hyderabad,29-07-2018,76,41.8,82.08,63.08,86.64,0.8,72.2
Hyderabad,30-07-2018,88,48.4,95.04,73.04,100.32,0.92,83.6
Hyderabad,31-07-2018,76,41.8,82.08,63.08,86.64,0.8,72.2
Hyderabad,01-08-2018,77,42.35,83.16,63.91,87.78,0.81,73.15
Hyderabad,02-08-2018,75,41.25,81,62.25,85.5,0.79,71.25
Hyderabad,03-08-2018,95,52.25,102.6,78.85,108.3,1,90.25
Hyderabad,04-08-2018,90,49.5,97.2,74.7,102.6,0.95,85.5
Hyderabad,05-08-2018,64,35.2,69.12,53.12,72.96,0.67,60.8
Hyderabad,06-08-2018,81,44.55,87.48,67.23,92.34,0.85,76.95
Hyderabad,07-08-2018,55,30.25,59.4,45.65,62.7,0.58,52.25
Hyderabad,08-08-2018,60,33,64.8,49.8,68.4,0.63,57
Hyderabad,09-08-2018,50,27.5,54,41.5,57,0.53,47.5
Hyderabad,10-08-2018,50,27.5,54,41.5,57,0.53,47.5
Hyderabad,11-08-2018,46,25.3,49.68,38.18,52.44,0.48,43.7
Hyderabad,12-08-2018,39,21.45,42.12,32.37,44.46,0.41,37.05
Hyderabad,13-08-2018,29,15.95,31.32,24.07,33.06,0.3,27.55
Hyderabad,14-08-2018,45,24.75,48.6,37.35,51.3,0.47,42.75
Hyderabad,15-08-2018,71,39.05,76.68,58.93,80.94,0.75,67.45
Hyderabad,16-08-2018,36,19.8,38.88,29.88,41.04,0.38,34.2
Hyderabad,17-08-2018,45,24.75,48.6,37.35,51.3,0.47,42.75
Hyderabad,18-08-2018,37,20.35,39.96,30.71,42.18,0.39,35.15
Hyderabad,19-08-2018,47,25.85,50.76,39.01,53.58,0.49,44.65
Hyderabad,20-08-2018,51,28.05,55.08,42.33,58.14,0.54,48.45
Hyderabad,21-08-2018,26,14.3,28.08,21.58,29.64,0.27,24.7
Hyderabad,22-08-2018,30,16.5,32.4,24.9,34.2,0.32,28.5
Hyderabad,23-08-2018,45,24.75,48.6,37.35,51.3,0.47,42.75
Hyderabad,24-08-2018,51,28.05,55.08,42.33,58.14,0.54,48.45
Hyderabad,25-08-2018,56,30.8,60.48,46.48,63.84,0.59,53.2
Hyderabad,26-08-2018,60,33,64.8,49.8,68.4,0.63,57
Hyderabad,27-08-2018,60,33,64.8,49.8,68.4,0.63,57
Hyderabad,28-08-2018,61,33.55,65.88,50.63,69.54,0.64,57.95
Hyderabad,29-08-2018,64,35.2,69.12,53.12,72.96,0.67,60.8
Hyderabad,30-08-2018,82,45.1,88.56,68.06,93.48,0.86,77.9
Hyderabad,31-08-2018,84,46.2,90.72,69.72,95.76,0.88,79.8
Hyderabad,01-09-2018,69,37.95,74.52,57.27,78.66,0.72,65.55
Hyderabad,02-09-2018,49,26.95,52.92,40.67,55.86,0.51,46.55
Hyderabad,03-09-2018,48,26.4,51.84,39.84,54.72,0.5,45.6
Hyderabad,04-09-2018,52,28.6,56.16,43.16,59.28,0.55,49.4
Hyderabad,05-09-2018,71,39.05,76.68,58.93,80.94,0.75,67.45
Hyderabad,06-09-2018,73,40.15,78.84,60.59,83.22,0.77,69.35
Hyderabad,07-09-2018,83,45.65,89.64,68.89,94.62,0.87,78.85
Hyderabad,08-09-2018,46,25.3,49.68,38.18,52.44,0.48,43.7
Hyderabad,09-09-2018,83,45.65,89.64,68.89,94.62,0.87,78.85
Hyderabad,10-09-2018,87,47.85,93.96,72.21,99.18,0.91,82.65
Hyderabad,11-09-2018,77,42.35,83.16,63.91,87.78,0.81,73.15
Hyderabad,12-09-2018,70,38.5,75.6,58.1,79.8,0.74,66.5
Hyderabad,13-09-2018,86,47.3,92.88,71.38,98.04,0.9,81.7
Hyderabad,14-09-2018,83,45.65,89.64,68.89,94.62,0.87,78.85
Hyderabad,15-09-2018,89,48.95,96.12,73.87,101.46,0.93,84.55
Hyderabad,16-09-2018,98,53.9,105.84,81.34,111.72,1.03,93.1
Hyderabad,17-09-2018,82,45.1,88.56,68.06,93.48,0.86,77.9
Hyderabad,18-09-2018,66,36.3,71.28,54.78,75.24,0.69,62.7
Hyderabad,19-09-2018,82,45.1,88.56,68.06,93.48,0.86,77.9
Hyderabad,20-09-2018,81,44.55,87.48,67.23,92.34,0.85,76.95
Hyderabad,21-09-2018,89,48.95,96.12,73.87,101.46,0.93,84.55
Hyderabad,22-09-2018,56,30.8,60.48,46.48,63.84,0.59,53.2
Hyderabad,23-09-2018,68,37.4,73.44,56.44,77.52,0.71,64.6
Hyderabad,24-09-2018,61,33.55,65.88,50.63,69.54,0.64,57.95
Hyderabad,25-09-2018,82,45.1,88.56,68.06,93.48,0.86,77.9
Hyderabad,26-09-2018,109,59.95,117.72,90.47,124.26,1.14,103.55
Hyderabad,27-09-2018,82,45.1,88.56,68.06,93.48,0.86,77.9
Hyderabad,28-09-2018,94,51.7,101.52,78.02,107.16,0.99,89.3
Hyderabad,29-09-2018,101,55.55,109.08,83.83,115.14,1.06,95.95
Hyderabad,30-09-2018,122,67.1,131.76,101.26,139.08,1.28,115.9
Hyderabad,01-10-2018,128,70.4,138.24,106.24,145.92,1.34,121.6
Hyderabad,02-10-2018,82,45.1,88.56,68.06,93.48,0.86,77.9
Hyderabad,03-10-2018,75,41.25,81,62.25,85.5,0.79,71.25
Hyderabad,04-10-2018,82,45.1,88.56,68.06,93.48,0.86,77.9
Hyderabad,05-10-2018,84,46.2,90.72,69.72,95.76,0.88,79.8
Hyderabad,06-10-2018,116,63.8,125.28,96.28,132.24,1.22,110.2
Hyderabad,07-10-2018,118,64.9,127.44,97.94,134.52,1.24,112.1
Hyderabad,08-10-2018,126,69.3,136.08,104.58,143.64,1.32,119.7
Hyderabad,09-10-2018,126,69.3,136.08,104.58,143.64,1.32,119.7
Hyderabad,10-10-2018,131,72.05,141.48,108.73,149.34,1.38,124.45
Hyderabad,11-10-2018,117,64.35,126.36,97.11,133.38,1.23,111.15
Hyderabad,12-10-2018,117,64.35,126.36,97.11,133.38,1.23,111.15
Hyderabad,13-10-2018,121,66.55,130.68,100.43,137.94,1.27,114.95
Hyderabad,14-10-2018,107,58.85,115.56,88.81,121.98,1.12,101.65
Hyderabad,15-10-2018,92,50.6,99.36,76.36,104.88,0.97,87.4
Hyderabad,16-10-2018,96,52.8,103.68,79.68,109.44,1.01,91.2
Hyderabad,17-10-2018,70,38.5,75.6,58.1,79.8,0.74,66.5
Hyderabad,18-10-2018,69,37.95,74.52,57.27,78.66,0.72,65.55
Hyderabad,19-10-2018,71,39.05,76.68,58.93,80.94,0.75,67.45
Hyderabad,20-10-2018,106,58.3,114.48,87.98,120.84,1.11,100.7
Hyderabad,21-10-2018,115,63.25,124.2,95.45,131.1,1.21,109.25
Hyderabad,22-10-2018,124,68.2,133.92,102.92,141.36,1.3,117.8
Hyderabad,23-10-2018,122,67.1,131.76,101.26,139.08,1.28,115.9
Hyderabad,24-10-2018,126,69.3,136.08,104.58,143.64,1.32,119.7
Hyderabad,25-10-2018,125,68.75,135,103.75,142.5,1.31,118.75
Hyderabad,26-10-2018,106,58.3,114.48,87.98,120.84,1.11,100.7
Hyderabad,27-10-2018,120,66,129.6,99.6,136.8,1.26,114
Hyderabad,28-10-2018,113,62.15,122.04,93.79,128.82,1.19,107.35
Hyderabad,29-10-2018,107,58.85,115.56,88.81,121.98,1.12,101.65
Hyderabad,30-10-2018,115,63.25,124.2,95.45,131.1,1.21,109.25
Hyderabad,31-10-2018,120,66,129.6,99.6,136.8,1.26,114
Hyderabad,01-11-2018,106,58.3,114.48,87.98,120.84,1.11,100.7
Hyderabad,02-11-2018,76,41.8,82.08,63.08,86.64,0.8,72.2
Hyderabad,03-11-2018,55,30.25,59.4,45.65,62.7,0.58,52.25
Hyderabad,04-11-2018,54,29.7,58.32,44.82,61.56,0.57,51.3
Hyderabad,05-11-2018,63,34.65,68.04,52.29,71.82,0.66,59.85
Hyderabad,06-11-2018,83,45.65,89.64,68.89,94.62,0.87,78.85
Hyderabad,07-11-2018,97,53.35,104.76,80.51,110.58,1.02,92.15
Hyderabad,08-11-2018,112,61.6,120.96,92.96,127.68,1.18,106.4
Hyderabad,09-11-2018,120,66,129.6,99.6,136.8,1.26,114
Hyderabad,10-11-2018,135,74.25,145.8,112.05,153.9,1.42,128.25
Hyderabad,11-11-2018,128,70.4,138.24,106.24,145.92,1.34,121.6
Hyderabad,12-11-2018,130,71.5,140.4,107.9,148.2,1.37,123.5
Hyderabad,13-11-2018,133,73.15,143.64,110.39,151.62,1.4,126.35
Hyderabad,14-11-2018,142,78.1,153.36,117.86,161.88,1.49,134.9
Hyderabad,15-11-2018,129,70.95,139.32,107.07,147.06,1.35,122.55
Hyderabad,16-11-2018,118,64.9,127.44,97.94,134.52,1.24,112.1
Hyderabad,17-11-2018,64,35.2,69.12,53.12,72.96,0.67,60.8
Hyderabad,18-11-2018,57,31.35,61.56,47.31,64.98,0.6,54.15
Hyderabad,19-11-2018,54,29.7,58.32,44.82,61.56,0.57,51.3
Hyderabad,20-11-2018,94,51.7,101.52,78.02,107.16,0.99,89.3
Hyderabad,21-11-2018,136,74.8,146.88,112.88,155.04,1.43,129.2
Hyderabad,22-11-2018,130,71.5,140.4,107.9,148.2,1.37,123.5
Hyderabad,23-11-2018,138,75.9,149.04,114.54,157.32,1.45,131.1
Hyderabad,24-11-2018,149,81.95,160.92,123.67,169.86,1.56,141.55
Hyderabad,25-11-2018,138,75.9,149.04,114.54,157.32,1.45,131.1
Hyderabad,26-11-2018,136,74.8,146.88,112.88,155.04,1.43,129.2
Hyderabad,27-11-2018,139,76.45,150.12,115.37,158.46,1.46,132.05
Hyderabad,28-11-2018,143,78.65,154.44,118.69,163.02,1.5,135.85
Hyderabad,29-11-2018,148,81.4,159.84,122.84,168.72,1.55,140.6
Hyderabad,30-11-2018,136,74.8,146.88,112.88,155.04,1.43,129.2
Hyderabad,01-12-2018,137,75.35,147.96,113.71,156.18,1.44,130.15
Hyderabad,02-12-2018,142,78.1,153.36,117.86,161.88,1.49,134.9
Hyderabad,03-12-2018,144,79.2,155.52,119.52,164.16,1.51,136.8
Hyderabad,04-12-2018,158,86.9,170.64,131.14,180.12,1.66,150.1
Hyderabad,05-12-2018,140,77,151.2,116.2,159.6,1.47,133
Hyderabad,06-12-2018,122,67.1,131.76,101.26,139.08,1.28,115.9
Hyderabad,07-12-2018,108,59.4,116.64,89.64,123.12,1.13,102.6
Hyderabad,08-12-2018,147,80.85,158.76,122.01,167.58,1.54,139.65
Hyderabad,09-12-2018,160,88,172.8,132.8,182.4,1.68,152
Hyderabad,10-12-2018,162,89.1,174.96,134.46,184.68,1.7,153.9
Hyderabad,11-12-2018,156,85.8,168.48,129.48,177.84,1.64,148.2
Hyderabad,12-12-2018,155,85.25,167.4,128.65,176.7,1.63,147.25
Hyderabad,13-12-2018,144,79.2,155.52,119.52,164.16,1.51,136.8
Hyderabad,14-12-2018,148,81.4,159.84,122.84,168.72,1.55,140.6
Hyderabad,15-12-2018,155,85.25,167.4,128.65,176.7,1.63,147.25
Hyderabad,16-12-2018,153,84.15,165.24,126.99,174.42,1.61,145.35
Hyderabad,17-12-2018,141,77.55,152.28,117.03,160.74,1.48,133.95
Hyderabad,18-12-2018,49,26.95,52.92,40.67,55.86,0.51,46.55
Hyderabad,19-12-2018,58,31.9,62.64,48.14,66.12,0.61,55.1
Hyderabad,20-12-2018,78,42.9,84.24,64.74,88.92,0.82,74.1
Hyderabad,21-12-2018,108,59.4,116.64,89.64,123.12,1.13,102.6
Hyderabad,22-12-2018,136,74.8,146.88,112.88,155.04,1.43,129.2
Hyderabad,23-12-2018,159,87.45,171.72,131.97,181.26,1.67,151.05
Hyderabad,24-12-2018,158,86.9,170.64,131.14,180.12,1.66,150.1
Hyderabad,25-12-2018,150,82.5,162,124.5,171,1.58,142.5
Hyderabad,26-12-2018,136,74.8,146.88,112.88,155.04,1.43,129.2
Hyderabad,27-12-2018,131,72.05,141.48,108.73,149.34,1.38,124.45
Hyderabad,28-12-2018,129,70.95,139.32,107.07,147.06,1.35,122.55
Hyderabad,29-12-2018,133,73.15,143.64,110.39,151.62,1.4,126.35
Hyderabad,30-12-2018,143,78.65,154.44,118.69,163.02,1.5,135.85
Hyderabad,31-12-2018,131,72.05,141.48,108.73,149.34,1.38,124.45
Hyderabad,01-01-2019,132,72.6,142.56,109.56,150.48,1.39,125.4
Hyderabad,02-01-2019,141,77.55,152.28,117.03,160.74,1.48,133.95
Hyderabad,03-01-2019,144,79.2,155.52,119.52,164.16,1.51,136.8
Hyderabad,04-01-2019,147,80.85,158.76,122.01,167.58,1.54,139.65
Hyderabad,05-01-2019,145,79.75,156.6,120.35,165.3,1.52,137.75
Hyderabad,06-01-2019,155,85.25,167.4,128.65,176.7,1.63,147.25
Hyderabad,07-01-2019,153,84.15,165.24,126.99,174.42,1.61,145.35
Hyderabad,08-01-2019,151,83.05,163.08,125.33,172.14,1.59,143.45
Hyderabad,09-01-2019,148,81.4,159.84,122.84,168.72,1.55,140.6
Hyderabad,10-01-2019,146,80.3,157.68,121.18,166.44,1.53,138.7
Hyderabad,11-01-2019,152,83.6,164.16,126.16,173.28,1.6,144.4
Hyderabad,12-01-2019,158,86.9,170.64,131.14,180.12,1.66,150.1
Hyderabad,13-01-2019,147,80.85,158.76,122.01,167.58,1.54,139.65
Hyderabad,14-01-2019,147,80.85,158.76,122.01,167.58,1.54,139.65
Hyderabad,15-01-2019,148,81.4,159.84,122.84,168.72,1.55,140.6
Hyderabad,16-01-2019,154,84.7,166.32,127.82,175.56,1.62,146.3
Hyderabad,17-01-2019,146,80.3,157.68,121.18,166.44,1.53,138.7
Hyderabad,18-01-2019,146,80.3,157.68,121.18,166.44,1.53,138.7
Hyderabad,19-01-2019,154,84.7,166.32,127.82,175.56,1.62,146.3
Hyderabad,20-01-2019,152,83.6,164.16,126.16,173.28,1.6,144.4
Hyderabad,21-01-2019,130,71.5,140.4,107.9,148.2,1.37,123.5
Hyderabad,22-01-2019,94,51.7,101.52,78.02,107.16,0.99,89.3
Hyderabad,23-01-2019,112,61.6,120.96,92.96,127.68,1.18,106.4
Hyderabad,24-01-2019,111,61.05,119.88,92.13,126.54,1.17,105.45
Hyderabad,25-01-2019,84,46.2,90.72,69.72,95.76,0.88,79.8
Hyderabad,26-01-2019,67,36.85,72.36,55.61,76.38,0.7,63.65
Hyderabad,27-01-2019,83,45.65,89.64,68.89,94.62,0.87,78.85
Hyderabad,28-01-2019,142,78.1,153.36,117.86,161.88,1.49,134.9
Hyderabad,29-01-2019,134,73.7,144.72,111.22,152.76,1.41,127.3
Hyderabad,30-01-2019,105,57.75,113.4,87.15,119.7,1.1,99.75
Hyderabad,31-01-2019,118,64.9,127.44,97.94,134.52,1.24,112.1
Hyderabad,01-02-2019,130,71.5,140.4,107.9,148.2,1.37,123.5
Hyderabad,02-02-2019,119,65.45,128.52,98.77,135.66,1.25,113.05
Hyderabad,03-02-2019,122,67.1,131.76,101.26,139.08,1.28,115.9
Hyderabad,04-02-2019,116,63.8,125.28,96.28,132.24,1.22,110.2
Hyderabad,05-02-2019,117,64.35,126.36,97.11,133.38,1.23,111.15
Hyderabad,06-02-2019,134,73.7,144.72,111.22,152.76,1.41,127.3
Hyderabad,07-02-2019,118,64.9,127.44,97.94,134.52,1.24,112.1
Hyderabad,08-02-2019,117,64.35,126.36,97.11,133.38,1.23,111.15
Hyderabad,09-02-2019,132,72.6,142.56,109.56,150.48,1.39,125.4
Hyderabad,10-02-2019,130,71.5,140.4,107.9,148.2,1.37,123.5
Hyderabad,11-02-2019,114,62.7,123.12,94.62,129.96,1.2,108.3
Hyderabad,12-02-2019,128,70.4,138.24,106.24,145.92,1.34,121.6
Hyderabad,13-02-2019,132,72.6,142.56,109.56,150.48,1.39,125.4
Hyderabad,14-02-2019,130,71.5,140.4,107.9,148.2,1.37,123.5
Hyderabad,15-02-2019,96,52.8,103.68,79.68,109.44,1.01,91.2
Hyderabad,16-02-2019,92,50.6,99.36,76.36,104.88,0.97,87.4
Hyderabad,17-02-2019,105,57.75,113.4,87.15,119.7,1.1,99.75
Hyderabad,18-02-2019,116,63.8,125.28,96.28,132.24,1.22,110.2
Hyderabad,19-02-2019,122,67.1,131.76,101.26,139.08,1.28,115.9
Hyderabad,20-02-2019,82,45.1,88.56,68.06,93.48,0.86,77.9
Hyderabad,21-02-2019,82,45.1,88.56,68.06,93.48,0.86,77.9
Hyderabad,22-02-2019,94,51.7,101.52,78.02,107.16,0.99,89.3
Hyderabad,23-02-2019,125,68.75,135,103.75,142.5,1.31,118.75
Hyderabad,24-02-2019,105,57.75,113.4,87.15,119.7,1.1,99.75
Hyderabad,25-02-2019,101,55.55,109.08,83.83,115.14,1.06,95.95
Hyderabad,26-02-2019,120,66,129.6,99.6,136.8,1.26,114
Hyderabad,27-02-2019,109,59.95,117.72,90.47,124.26,1.14,103.55
Hyderabad,28-02-2019,111,61.05,119.88,92.13,126.54,1.17,105.45
Hyderabad,01-03-2019,119,65.45,128.52,98.77,135.66,1.25,113.05
Hyderabad,02-03-2019,74,40.7,79.92,61.42,84.36,0.78,70.3
Hyderabad,03-03-2019,68,37.4,73.44,56.44,77.52,0.71,64.6
Hyderabad,04-03-2019,77,42.35,83.16,63.91,87.78,0.81,73.15
Hyderabad,05-03-2019,126,69.3,136.08,104.58,143.64,1.32,119.7
Hyderabad,06-03-2019,135,74.25,145.8,112.05,153.9,1.42,128.25
Hyderabad,07-03-2019,139,76.45,150.12,115.37,158.46,1.46,132.05
Hyderabad,08-03-2019,144,79.2,155.52,119.52,164.16,1.51,136.8
Hyderabad,09-03-2019,114,62.7,123.12,94.62,129.96,1.2,108.3
Hyderabad,10-03-2019,101,55.55,109.08,83.83,115.14,1.06,95.95
Hyderabad,11-03-2019,87,47.85,93.96,72.21,99.18,0.91,82.65
Hyderabad,12-03-2019,96,52.8,103.68,79.68,109.44,1.01,91.2
Hyderabad,13-03-2019,103,56.65,111.24,85.49,117.42,1.08,97.85
Hyderabad,14-03-2019,99,54.45,106.92,82.17,112.86,1.04,94.05
Hyderabad,15-03-2019,106,58.3,114.48,87.98,120.84,1.11,100.7
Hyderabad,16-03-2019,96,52.8,103.68,79.68,109.44,1.01,91.2
Hyderabad,17-03-2019,95,52.25,102.6,78.85,108.3,1,90.25
Hyderabad,18-03-2019,94,51.7,101.52,78.02,107.16,0.99,89.3
Hyderabad,19-03-2019,70,38.5,75.6,58.1,79.8,0.74,66.5
Hyderabad,20-03-2019,90,49.5,97.2,74.7,102.6,0.95,85.5
Hyderabad,21-03-2019,93,51.15,100.44,77.19,106.02,0.98,88.35
Hyderabad,22-03-2019,76,41.8,82.08,63.08,86.64,0.8,72.2
Hyderabad,23-03-2019,94,51.7,101.52,78.02,107.16,0.99,89.3
Hyderabad,24-03-2019,113,62.15,122.04,93.79,128.82,1.19,107.35
Hyderabad,25-03-2019,105,57.75,113.4,87.15,119.7,1.1,99.75
Hyderabad,26-03-2019,113,62.15,122.04,93.79,128.82,1.19,107.35
Hyderabad,27-03-2019,104,57.2,112.32,86.32,118.56,1.09,98.8
Hyderabad,28-03-2019,120,66,129.6,99.6,136.8,1.26,114
Hyderabad,29-03-2019,128,70.4,138.24,106.24,145.92,1.34,121.6
Hyderabad,30-03-2019,130,71.5,140.4,107.9,148.2,1.37,123.5
Hyderabad,31-03-2019,123,67.65,132.84,102.09,140.22,1.29,116.85
Hyderabad,01-04-2019,99,54.45,106.92,82.17,112.86,1.04,94.05
Hyderabad,02-04-2019,113,62.15,122.04,93.79,128.82,1.19,107.35
Hyderabad,03-04-2019,104,57.2,112.32,86.32,118.56,1.09,98.8
Hyderabad,04-04-2019,98,53.9,105.84,81.34,111.72,1.03,93.1
Hyderabad,05-04-2019,85,46.75,91.8,70.55,96.9,0.89,80.75
Hyderabad,06-04-2019,85,46.75,91.8,70.55,96.9,0.89,80.75
Hyderabad,07-04-2019,73,40.15,78.84,60.59,83.22,0.77,69.35
Hyderabad,08-04-2019,77,42.35,83.16,63.91,87.78,0.81,73.15
Hyderabad,09-04-2019,88,48.4,95.04,73.04,100.32,0.92,83.6
Hyderabad,10-04-2019,98,53.9,105.84,81.34,111.72,1.03,93.1
Hyderabad,11-04-2019,77,42.35,83.16,63.91,87.78,0.81,73.15
Hyderabad,12-04-2019,83,45.65,89.64,68.89,94.62,0.87,78.85
Hyderabad,13-04-2019,93,51.15,100.44,77.19,106.02,0.98,88.35
Hyderabad,14-04-2019,95,52.25,102.6,78.85,108.3,1,90.25
Hyderabad,15-04-2019,89,48.95,96.12,73.87,101.46,0.93,84.55
Hyderabad,16-04-2019,102,56.1,110.16,84.66,116.28,1.07,96.9
Hyderabad,17-04-2019,82,45.1,88.56,68.06,93.48,0.86,77.9
Hyderabad,18-04-2019,106,58.3,114.48,87.98,120.84,1.11,100.7
Hyderabad,19-04-2019,79,43.45,85.32,65.57,90.06,0.83,75.05
Hyderabad,20-04-2019,62,34.1,66.96,51.46,70.68,0.65,58.9
Hyderabad,21-04-2019,62,34.1,66.96,51.46,70.68,0.65,58.9
Hyderabad,22-04-2019,63,34.65,68.04,52.29,71.82,0.66,59.85
Hyderabad,23-04-2019,98,53.9,105.84,81.34,111.72,1.03,93.1
Hyderabad,24-04-2019,80,44,86.4,66.4,91.2,0.84,76
Hyderabad,25-04-2019,103,56.65,111.24,85.49,117.42,1.08,97.85
Hyderabad,26-04-2019,101,55.55,109.08,83.83,115.14,1.06,95.95
Hyderabad,27-04-2019,119,65.45,128.52,98.77,135.66,1.25,113.05
Hyderabad,28-04-2019,108,59.4,116.64,89.64,123.12,1.13,102.6
Hyderabad,29-04-2019,98,53.9,105.84,81.34,111.72,1.03,93.1
Hyderabad,30-04-2019,90,49.5,97.2,74.7,102.6,0.95,85.5
Hyderabad,01-05-2019,94,51.7,101.52,78.02,107.16,0.99,89.3
Hyderabad,02-05-2019,115,63.25,124.2,95.45,131.1,1.21,109.25
Hyderabad,03-05-2019,118,64.9,127.44,97.94,134.52,1.24,112.1
Hyderabad,04-05-2019,108,59.4,116.64,89.64,123.12,1.13,102.6
Hyderabad,05-05-2019,102,56.1,110.16,84.66,116.28,1.07,96.9
Hyderabad,06-05-2019,114,62.7,123.12,94.62,129.96,1.2,108.3
Hyderabad,07-05-2019,130,71.5,140.4,107.9,148.2,1.37,123.5
Hyderabad,08-05-2019,133,73.15,143.64,110.39,151.62,1.4,126.35
Hyderabad,09-05-2019,127,69.85,137.16,105.41,144.78,1.33,120.65
Hyderabad,10-05-2019,125,68.75,135,103.75,142.5,1.31,118.75
Hyderabad,11-05-2019,120,66,129.6,99.6,136.8,1.26,114
Hyderabad,12-05-2019,91,50.05,98.28,75.53,103.74,0.96,86.45
Hyderabad,13-05-2019,102,56.1,110.16,84.66,116.28,1.07,96.9
Hyderabad,14-05-2019,90,49.5,97.2,74.7,102.6,0.95,85.5
Hyderabad,15-05-2019,107,58.85,115.56,88.81,121.98,1.12,101.65
Hyderabad,16-05-2019,86,47.3,92.88,71.38,98.04,0.9,81.7
Hyderabad,17-05-2019,112,61.6,120.96,92.96,127.68,1.18,106.4
Hyderabad,18-05-2019,112,61.6,120.96,92.96,127.68,1.18,106.4
Hyderabad,19-05-2019,134,73.7,144.72,111.22,152.76,1.41,127.3
Hyderabad,20-05-2019,109,59.95,117.72,90.47,124.26,1.14,103.55
Hyderabad,21-05-2019,109,59.95,117.72,90.47,124.26,1.14,103.55
Hyderabad,22-05-2019,103,56.65,111.24,85.49,117.42,1.08,97.85
Hyderabad,23-05-2019,102,56.1,110.16,84.66,116.28,1.07,96.9
Hyderabad,24-05-2019,82,45.1,88.56,68.06,93.48,0.86,77.9
Hyderabad,25-05-2019,114,62.7,123.12,94.62,129.96,1.2,108.3
Hyderabad,26-05-2019,126,69.3,136.08,104.58,143.64,1.32,119.7
Hyderabad,27-05-2019,109,59.95,117.72,90.47,124.26,1.14,103.55
Hyderabad,28-05-2019,110,60.5,118.8,91.3,125.4,1.16,104.5
Hyderabad,29-05-2019,124,68.2,133.92,102.92,141.36,1.3,117.8
Hyderabad,30-05-2019,118,64.9,127.44,97.94,134.52,1.24,112.1
Hyderabad,31-05-2019,100,55,108,83,114,1.05,95
Hyderabad,01-06-2019,86,47.3,92.88,71.38,98.04,0.9,81.7
Hyderabad,02-06-2019,112,61.6,120.96,92.96,127.68,1.18,106.4
Hyderabad,03-06-2019,79,43.45,85.32,65.57,90.06,0.83,75.05
Hyderabad,04-06-2019,64,35.2,69.12,53.12,72.96,0.67,60.8
Hyderabad,05-06-2019,76,41.8,82.08,63.08,86.64,0.8,72.2
Hyderabad,06-06-2019,102,56.1,110.16,84.66,116.28,1.07,96.9
Hyderabad,07-06-2019,75,41.25,81,62.25,85.5,0.79,71.25
Hyderabad,08-06-2019,63,34.65,68.04,52.29,71.82,0.66,59.85
Hyderabad,09-06-2019,76,41.8,82.08,63.08,86.64,0.8,72.2
Hyderabad,10-06-2019,67,36.85,72.36,55.61,76.38,0.7,63.65
Hyderabad,11-06-2019,48,26.4,51.84,39.84,54.72,0.5,45.6
Hyderabad,12-06-2019,44,24.2,47.52,36.52,50.16,0.46,41.8
Hyderabad,13-06-2019,36,19.8,38.88,29.88,41.04,0.38,34.2
Hyderabad,14-06-2019,36,19.8,38.88,29.88,41.04,0.38,34.2
Hyderabad,15-06-2019,58,31.9,62.64,48.14,66.12,0.61,55.1
Hyderabad,16-06-2019,50,27.5,54,41.5,57,0.53,47.5
Hyderabad,17-06-2019,60,33,64.8,49.8,68.4,0.63,57
Hyderabad,18-06-2019,58,31.9,62.64,48.14,66.12,0.61,55.1
Hyderabad,19-06-2019,57,31.35,61.56,47.31,64.98,0.6,54.15
Hyderabad,20-06-2019,51,28.05,55.08,42.33,58.14,0.54,48.45
Hyderabad,21-06-2019,67,36.85,72.36,55.61,76.38,0.7,63.65
Hyderabad,22-06-2019,50,27.5,54,41.5,57,0.53,47.5
Hyderabad,23-06-2019,52,28.6,56.16,43.16,59.28,0.55,49.4
Hyderabad,24-06-2019,55,30.25,59.4,45.65,62.7,0.58,52.25
Hyderabad,25-06-2019,51,28.05,55.08,42.33,58.14,0.54,48.45
Hyderabad,26-06-2019,54,29.7,58.32,44.82,61.56,0.57,51.3
Hyderabad,27-06-2019,33,18.15,35.64,27.39,37.62,0.35,31.35
Hyderabad,28-06-2019,29,15.95,31.32,24.07,33.06,0.3,27.55
Hyderabad,29-06-2019,30,16.5,32.4,24.9,34.2,0.32,28.5
Hyderabad,30-06-2019,36,19.8,38.88,29.88,41.04,0.38,34.2
Hyderabad,01-07-2019,42,23.1,45.36,34.86,47.88,0.44,39.9
Hyderabad,02-07-2019,31,17.05,33.48,25.73,35.34,0.33,29.45
Hyderabad,03-07-2019,41,22.55,44.28,34.03,46.74,0.43,38.95
Hyderabad,04-07-2019,43,23.65,46.44,35.69,49.02,0.45,40.85
Hyderabad,05-07-2019,36,19.8,38.88,29.88,41.04,0.38,34.2
Hyderabad,06-07-2019,32,17.6,34.56,26.56,36.48,0.34,30.4
Hyderabad,07-07-2019,42,23.1,45.36,34.86,47.88,0.44,39.9
Hyderabad,08-07-2019,34,18.7,36.72,28.22,38.76,0.36,32.3
Hyderabad,09-07-2019,39,21.45,42.12,32.37,44.46,0.41,37.05
Hyderabad,10-07-2019,29,15.95,31.32,24.07,33.06,0.3,27.55
Hyderabad,11-07-2019,38,20.9,41.04,31.54,43.32,0.4,36.1
Hyderabad,12-07-2019,37,20.35,39.96,30.71,42.18,0.39,35.15
Hyderabad,13-07-2019,42,23.1,45.36,34.86,47.88,0.44,39.9
Hyderabad,14-07-2019,34,18.7,36.72,28.22,38.76,0.36,32.3
Hyderabad,15-07-2019,41,22.55,44.28,34.03,46.74,0.43,38.95
Hyderabad,16-07-2019,61,33.55,65.88,50.63,69.54,0.64,57.95
Hyderabad,17-07-2019,63,34.65,68.04,52.29,71.82,0.66,59.85
Hyderabad,18-07-2019,70,38.5,75.6,58.1,79.8,0.74,66.5
Hyderabad,19-07-2019,81,44.55,87.48,67.23,92.34,0.85,76.95
Hyderabad,20-07-2019,53,29.15,57.24,43.99,60.42,0.56,50.35
Hyderabad,21-07-2019,39,21.45,42.12,32.37,44.46,0.41,37.05
Hyderabad,22-07-2019,34,18.7,36.72,28.22,38.76,0.36,32.3
Hyderabad,23-07-2019,38,20.9,41.04,31.54,43.32,0.4,36.1
Hyderabad,24-07-2019,36,19.8,38.88,29.88,41.04,0.38,34.2
Hyderabad,25-07-2019,38,20.9,41.04,31.54,43.32,0.4,36.1
Hyderabad,26-07-2019,41,22.55,44.28,34.03,46.74,0.43,38.95
Hyderabad,27-07-2019,29,15.95,31.32,24.07,33.06,0.3,27.55
Hyderabad,28-07-2019,39,21.45,42.12,32.37,44.46,0.41,37.05
Hyderabad,29-07-2019,27,14.85,29.16,22.41,30.78,0.28,25.65
Hyderabad,30-07-2019,22,12.1,23.76,18.26,25.08,0.23,20.9
Hyderabad,31-07-2019,25,13.75,27,20.75,28.5,0.26,23.75
Hyderabad,01-08-2019,30,16.5,32.4,24.9,34.2,0.32,28.5
Hyderabad,02-08-2019,25,13.75,27,20.75,28.5,0.26,23.75
Hyderabad,03-08-2019,20,11,21.6,16.6,22.8,0.21,19
Hyderabad,04-08-2019,27,14.85,29.16,22.41,30.78,0.28,25.65
Hyderabad,05-08-2019,27,14.85,29.16,22.41,30.78,0.28,25.65
Hyderabad,06-08-2019,38,20.9,41.04,31.54,43.32,0.4,36.1
Hyderabad,07-08-2019,26,14.3,28.08,21.58,29.64,0.27,24.7
Hyderabad,08-08-2019,40,22,43.2,33.2,45.6,0.42,38
Hyderabad,09-08-2019,35,19.25,37.8,29.05,39.9,0.37,33.25
Hyderabad,10-08-2019,32,17.6,34.56,26.56,36.48,0.34,30.4
Hyderabad,11-08-2019,44,24.2,47.52,36.52,50.16,0.46,41.8
Hyderabad,12-08-2019,58,31.9,62.64,48.14,66.12,0.61,55.1
Hyderabad,13-08-2019,70,38.5,75.6,58.1,79.8,0.74,66.5
Hyderabad,14-08-2019,63,34.65,68.04,52.29,71.82,0.66,59.85
Hyderabad,15-08-2019,54,29.7,58.32,44.82,61.56,0.57,51.3
Hyderabad,16-08-2019,48,26.4,51.84,39.84,54.72,0.5,45.6
Hyderabad,17-08-2019,68,37.4,73.44,56.44,77.52,0.71,64.6
Hyderabad,18-08-2019,87,47.85,93.96,72.21,99.18,0.91,82.65
Hyderabad,19-08-2019,74,40.7,79.92,61.42,84.36,0.78,70.3
Hyderabad,20-08-2019,73,40.15,78.84,60.59,83.22,0.77,69.35
Hyderabad,21-08-2019,70,38.5,75.6,58.1,79.8,0.74,66.5
Hyderabad,22-08-2019,59,32.45,63.72,48.97,67.26,0.62,56.05
Hyderabad,23-08-2019,52,28.6,56.16,43.16,59.28,0.55,49.4
Hyderabad,24-08-2019,47,25.85,50.76,39.01,53.58,0.49,44.65
Hyderabad,25-08-2019,38,20.9,41.04,31.54,43.32,0.4,36.1
Hyderabad,26-08-2019,46,25.3,49.68,38.18,52.44,0.48,43.7
Hyderabad,27-08-2019,57,31.35,61.56,47.31,64.98,0.6,54.15
Hyderabad,28-08-2019,58,31.9,62.64,48.14,66.12,0.61,55.1
Hyderabad,29-08-2019,55,30.25,59.4,45.65,62.7,0.58,52.25
Hyderabad,30-08-2019,45,24.75,48.6,37.35,51.3,0.47,42.75
Hyderabad,31-08-2019,30,16.5,32.4,24.9,34.2,0.32,28.5
Hyderabad,01-09-2019,27,14.85,29.16,22.41,30.78,0.28,25.65
Hyderabad,02-09-2019,26,14.3,28.08,21.58,29.64,0.27,24.7
Hyderabad,03-09-2019,30,16.5,32.4,24.9,34.2,0.32,28.5
Hyderabad,04-09-2019,25,13.75,27,20.75,28.5,0.26,23.75
Hyderabad,05-09-2019,26,14.3,28.08,21.58,29.64,0.27,24.7
Hyderabad,06-09-2019,28,15.4,30.24,23.24,31.92,0.29,26.6
Hyderabad,07-09-2019,27,14.85,29.16,22.41,30.78,0.28,25.65
Hyderabad,08-09-2019,25,13.75,27,20.75,28.5,0.26,23.75
Hyderabad,09-09-2019,34,18.7,36.72,28.22,38.76,0.36,32.3
Hyderabad,10-09-2019,32,17.6,34.56,26.56,36.48,0.34,30.4
Hyderabad,11-09-2019,50,27.5,54,41.5,57,0.53,47.5
Hyderabad,12-09-2019,53,29.15,57.24,43.99,60.42,0.56,50.35
Hyderabad,13-09-2019,40,22,43.2,33.2,45.6,0.42,38
Hyderabad,14-09-2019,42,23.1,45.36,34.86,47.88,0.44,39.9
Hyderabad,15-09-2019,46,25.3,49.68,38.18,52.44,0.48,43.7
Hyderabad,16-09-2019,61,33.55,65.88,50.63,69.54,0.64,57.95
Hyderabad,17-09-2019,59,32.45,63.72,48.97,67.26,0.62,56.05
Hyderabad,18-09-2019,55,30.25,59.4,45.65,62.7,0.58,52.25
Hyderabad,19-09-2019,51,28.05,55.08,42.33,58.14,0.54,48.45
Hyderabad,20-09-2019,38,20.9,41.04,31.54,43.32,0.4,36.1
Hyderabad,21-09-2019,54,29.7,58.32,44.82,61.56,0.57,51.3
Hyderabad,22-09-2019,53,29.15,57.24,43.99,60.42,0.56,50.35
Hyderabad,23-09-2019,56,30.8,60.48,46.48,63.84,0.59,53.2
Hyderabad,24-09-2019,52,28.6,56.16,43.16,59.28,0.55,49.4
Hyderabad,25-09-2019,42,23.1,45.36,34.86,47.88,0.44,39.9
Hyderabad,26-09-2019,40,22,43.2,33.2,45.6,0.42,38
Hyderabad,27-09-2019,33,18.15,35.64,27.39,37.62,0.35,31.35
Hyderabad,28-09-2019,48,26.4,51.84,39.84,54.72,0.5,45.6
Hyderabad,29-09-2019,58,31.9,62.64,48.14,66.12,0.61,55.1
Hyderabad,30-09-2019,70,38.5,75.6,58.1,79.8,0.74,66.5
Hyderabad,01-10-2019,76,41.8,82.08,63.08,86.64,0.8,72.2
Hyderabad,02-10-2019,68,37.4,73.44,56.44,77.52,0.71,64.6
Hyderabad,03-10-2019,80,44,86.4,66.4,91.2,0.84,76
Hyderabad,04-10-2019,78,42.9,84.24,64.74,88.92,0.82,74.1
Hyderabad,05-10-2019,72,39.6,77.76,59.76,82.08,0.76,68.4
Hyderabad,06-10-2019,81,44.55,87.48,67.23,92.34,0.85,76.95
Hyderabad,07-10-2019,92,50.6,99.36,76.36,104.88,0.97,87.4
Hyderabad,08-10-2019,99,54.45,106.92,82.17,112.86,1.04,94.05
Hyderabad,09-10-2019,95,52.25,102.6,78.85,108.3,1,90.25
Hyderabad,10-10-2019,78,42.9,84.24,64.74,88.92,0.82,74.1
Hyderabad,11-10-2019,62,34.1,66.96,51.46,70.68,0.65,58.9
Hyderabad,12-10-2019,63,34.65,68.04,52.29,71.82,0.66,59.85
Hyderabad,13-10-2019,68,37.4,73.44,56.44,77.52,0.71,64.6
Hyderabad,14-10-2019,94,51.7,101.52,78.02,107.16,0.99,89.3
Hyderabad,15-10-2019,100,55,108,83,114,1.05,95
Hyderabad,16-10-2019,97,53.35,104.76,80.51,110.58,1.02,92.15
Hyderabad,17-10-2019,116,63.8,125.28,96.28,132.24,1.22,110.2
Hyderabad,18-10-2019,48,26.4,51.84,39.84,54.72,0.5,45.6
Hyderabad,19-10-2019,53,29.15,57.24,43.99,60.42,0.56,50.35
Hyderabad,20-10-2019,57,31.35,61.56,47.31,64.98,0.6,54.15
Hyderabad,21-10-2019,44,24.2,47.52,36.52,50.16,0.46,41.8
Hyderabad,22-10-2019,76,41.8,82.08,63.08,86.64,0.8,72.2
Hyderabad,23-10-2019,75,41.25,81,62.25,85.5,0.79,71.25
Hyderabad,24-10-2019,76,41.8,82.08,63.08,86.64,0.8,72.2
Hyderabad,25-10-2019,49,26.95,52.92,40.67,55.86,0.51,46.55
Hyderabad,26-10-2019,44,24.2,47.52,36.52,50.16,0.46,41.8
Hyderabad,27-10-2019,54,29.7,58.32,44.82,61.56,0.57,51.3
Hyderabad,28-10-2019,106,58.3,114.48,87.98,120.84,1.11,100.7
Hyderabad,29-10-2019,92,50.6,99.36,76.36,104.88,0.97,87.4
Hyderabad,30-10-2019,93,51.15,100.44,77.19,106.02,0.98,88.35
Hyderabad,31-10-2019,57,31.35,61.56,47.31,64.98,0.6,54.15
Hyderabad,01-11-2019,52,28.6,56.16,43.16,59.28,0.55,49.4
Hyderabad,02-11-2019,60,33,64.8,49.8,68.4,0.63,57
Hyderabad,03-11-2019,84,46.2,90.72,69.72,95.76,0.88,79.8
Hyderabad,04-11-2019,99,54.45,106.92,82.17,112.86,1.04,94.05
Hyderabad,05-11-2019,169,92.95,182.52,140.27,192.66,1.77,160.55
Hyderabad,06-11-2019,172,94.6,185.76,142.76,196.08,1.81,163.4
Hyderabad,07-11-2019,153,84.15,165.24,126.99,174.42,1.61,145.35
Hyderabad,08-11-2019,129,70.95,139.32,107.07,147.06,1.35,122.55
Hyderabad,09-11-2019,158,86.9,170.64,131.14,180.12,1.66,150.1
Hyderabad,10-11-2019,162,89.1,174.96,134.46,184.68,1.7,153.9
Hyderabad,11-11-2019,121,66.55,130.68,100.43,137.94,1.27,114.95
Hyderabad,12-11-2019,101,55.55,109.08,83.83,115.14,1.06,95.95
Hyderabad,13-11-2019,124,68.2,133.92,102.92,141.36,1.3,117.8
Hyderabad,14-11-2019,129,70.95,139.32,107.07,147.06,1.35,122.55
Hyderabad,15-11-2019,125,68.75,135,103.75,142.5,1.31,118.75
Hyderabad,16-11-2019,141,77.55,152.28,117.03,160.74,1.48,133.95
Hyderabad,17-11-2019,134,73.7,144.72,111.22,152.76,1.41,127.3
Hyderabad,18-11-2019,151,83.05,163.08,125.33,172.14,1.59,143.45
Hyderabad,19-11-2019,171,94.05,184.68,141.93,194.94,1.8,162.45
Hyderabad,20-11-2019,182,100.1,196.56,151.06,207.48,1.91,172.9
Hyderabad,21-11-2019,153,84.15,165.24,126.99,174.42,1.61,145.35
Hyderabad,22-11-2019,158,86.9,170.64,131.14,180.12,1.66,150.1
Hyderabad,23-11-2019,167,91.85,180.36,138.61,190.38,1.75,158.65
Hyderabad,24-11-2019,156,85.8,168.48,129.48,177.84,1.64,148.2
Hyderabad,25-11-2019,161,88.55,173.88,133.63,183.54,1.69,152.95
Hyderabad,26-11-2019,182,100.1,196.56,151.06,207.48,1.91,172.9
Hyderabad,27-11-2019,150,82.5,162,124.5,171,1.58,142.5
Hyderabad,28-11-2019,152,83.6,164.16,126.16,173.28,1.6,144.4
Hyderabad,29-11-2019,120,66,129.6,99.6,136.8,1.26,114
Hyderabad,30-11-2019,128,70.4,138.24,106.24,145.92,1.34,121.6
Hyderabad,01-12-2019,128,70.4,138.24,106.24,145.92,1.34,121.6
Hyderabad,02-12-2019,90,49.5,97.2,74.7,102.6,0.95,85.5
Hyderabad,03-12-2019,68,37.4,73.44,56.44,77.52,0.71,64.6
Hyderabad,04-12-2019,157,86.35,169.56,130.31,178.98,1.65,149.15
Hyderabad,05-12-2019,175,96.25,189,145.25,199.5,1.84,166.25
Hyderabad,06-12-2019,180,99,194.4,149.4,205.2,1.89,171
Hyderabad,07-12-2019,181,99.55,195.48,150.23,206.34,1.9,171.95
Hyderabad,08-12-2019,148,81.4,159.84,122.84,168.72,1.55,140.6
Hyderabad,09-12-2019,114,62.7,123.12,94.62,129.96,1.2,108.3
Hyderabad,10-12-2019,118,64.9,127.44,97.94,134.52,1.24,112.1
Hyderabad,11-12-2019,127,69.85,137.16,105.41,144.78,1.33,120.65
Hyderabad,12-12-2019,126,69.3,136.08,104.58,143.64,1.32,119.7
Hyderabad,13-12-2019,73,40.15,78.84,60.59,83.22,0.77,69.35
Hyderabad,14-12-2019,77,42.35,83.16,63.91,87.78,0.81,73.15
Hyderabad,15-12-2019,88,48.4,95.04,73.04,100.32,0.92,83.6
Hyderabad,16-12-2019,99,54.45,106.92,82.17,112.86,1.04,94.05
Hyderabad,17-12-2019,131,72.05,141.48,108.73,149.34,1.38,124.45
Hyderabad,18-12-2019,154,84.7,166.32,127.82,175.56,1.62,146.3
Hyderabad,19-12-2019,150,82.5,162,124.5,171,1.58,142.5
Hyderabad,20-12-2019,151,83.05,163.08,125.33,172.14,1.59,143.45
Hyderabad,21-12-2019,171,94.05,184.68,141.93,194.94,1.8,162.45
Hyderabad,22-12-2019,168,92.4,181.44,139.44,191.52,1.76,159.6
Hyderabad,23-12-2019,154,84.7,166.32,127.82,175.56,1.62,146.3
Hyderabad,24-12-2019,125,68.75,135,103.75,142.5,1.31,118.75
Hyderabad,25-12-2019,148,81.4,159.84,122.84,168.72,1.55,140.6
Hyderabad,26-12-2019,129,70.95,139.32,107.07,147.06,1.35,122.55
Hyderabad,27-12-2019,118,64.9,127.44,97.94,134.52,1.24,112.1
Hyderabad,28-12-2019,135,74.25,145.8,112.05,153.9,1.42,128.25
Hyderabad,29-12-2019,166,91.3,179.28,137.78,189.24,1.74,157.7
Hyderabad,30-12-2019,138,75.9,149.04,114.54,157.32,1.45,131.1
Hyderabad,31-12-2019,97,53.35,104.76,80.51,110.58,1.02,92.15
Hyderabad,01-01-2020,81,44.55,87.48,67.23,92.34,0.85,76.95
Hyderabad,02-01-2020,59,32.45,63.72,48.97,67.26,0.62,56.05
Hyderabad,03-01-2020,61,33.55,65.88,50.63,69.54,0.64,57.95
Hyderabad,04-01-2020,98,53.9,105.84,81.34,111.72,1.03,93.1
Hyderabad,05-01-2020,115,63.25,124.2,95.45,131.1,1.21,109.25
Hyderabad,06-01-2020,116,63.8,125.28,96.28,132.24,1.22,110.2
Hyderabad,07-01-2020,93,51.15,100.44,77.19,106.02,0.98,88.35
Hyderabad,08-01-2020,79,43.45,85.32,65.57,90.06,0.83,75.05
Hyderabad,09-01-2020,82,45.1,88.56,68.06,93.48,0.86,77.9
Hyderabad,10-01-2020,142,78.1,153.36,117.86,161.88,1.49,134.9
Hyderabad,11-01-2020,152,83.6,164.16,126.16,173.28,1.6,144.4
Hyderabad,12-01-2020,142,78.1,153.36,117.86,161.88,1.49,134.9
Hyderabad,13-01-2020,135,74.25,145.8,112.05,153.9,1.42,128.25
Hyderabad,14-01-2020,134,73.7,144.72,111.22,152.76,1.41,127.3
Hyderabad,15-01-2020,111,61.05,119.88,92.13,126.54,1.17,105.45
Hyderabad,16-01-2020,69,37.95,74.52,57.27,78.66,0.72,65.55
Hyderabad,17-01-2020,68,37.4,73.44,56.44,77.52,0.71,64.6
Hyderabad,18-01-2020,69,37.95,74.52,57.27,78.66,0.72,65.55
Hyderabad,19-01-2020,75,41.25,81,62.25,85.5,0.79,71.25
Hyderabad,20-01-2020,78,42.9,84.24,64.74,88.92,0.82,74.1
Hyderabad,21-01-2020,85,46.75,91.8,70.55,96.9,0.89,80.75
Hyderabad,22-01-2020,79,43.45,85.32,65.57,90.06,0.83,75.05
Hyderabad,23-01-2020,115,63.25,124.2,95.45,131.1,1.21,109.25
Hyderabad,24-01-2020,128,70.4,138.24,106.24,145.92,1.34,121.6
Hyderabad,25-01-2020,135,74.25,145.8,112.05,153.9,1.42,128.25
Hyderabad,26-01-2020,129,70.95,139.32,107.07,147.06,1.35,122.55
Hyderabad,27-01-2020,120,66,129.6,99.6,136.8,1.26,114
Hyderabad,28-01-2020,104,57.2,112.32,86.32,118.56,1.09,98.8
Hyderabad,29-01-2020,128,70.4,138.24,106.24,145.92,1.34,121.6
Hyderabad,30-01-2020,131,72.05,141.48,108.73,149.34,1.38,124.45
Hyderabad,31-01-2020,131,72.05,141.48,108.73,149.34,1.38,124.45
Hyderabad,01-02-2020,91,50.05,98.28,75.53,103.74,0.96,86.45
Hyderabad,02-02-2020,74,40.7,79.92,61.42,84.36,0.78,70.3
Hyderabad,03-02-2020,77,42.35,83.16,63.91,87.78,0.81,73.15
Hyderabad,04-02-2020,68,37.4,73.44,56.44,77.52,0.71,64.6
Hyderabad,05-02-2020,70,38.5,75.6,58.1,79.8,0.74,66.5
Hyderabad,06-02-2020,80,44,86.4,66.4,91.2,0.84,76
Hyderabad,07-02-2020,80,44,86.4,66.4,91.2,0.84,76
Hyderabad,08-02-2020,79,43.45,85.32,65.57,90.06,0.83,75.05
Hyderabad,09-02-2020,82,45.1,88.56,68.06,93.48,0.86,77.9
Hyderabad,10-02-2020,66,36.3,71.28,54.78,75.24,0.69,62.7
Hyderabad,11-02-2020,75,41.25,81,62.25,85.5,0.79,71.25
Hyderabad,12-02-2020,96,52.8,103.68,79.68,109.44,1.01,91.2
Hyderabad,13-02-2020,128,70.4,138.24,106.24,145.92,1.34,121.6
Hyderabad,14-02-2020,145,79.75,156.6,120.35,165.3,1.52,137.75
Hyderabad,15-02-2020,142,78.1,153.36,117.86,161.88,1.49,134.9
Hyderabad,16-02-2020,135,74.25,145.8,112.05,153.9,1.42,128.25
Hyderabad,17-02-2020,124,68.2,133.92,102.92,141.36,1.3,117.8
Hyderabad,18-02-2020,113,62.15,122.04,93.79,128.82,1.19,107.35
Hyderabad,19-02-2020,119,65.45,128.52,98.77,135.66,1.25,113.05
Hyderabad,20-02-2020,91,50.05,98.28,75.53,103.74,0.96,86.45
Hyderabad,21-02-2020,82,45.1,88.56,68.06,93.48,0.86,77.9
Hyderabad,22-02-2020,71,39.05,76.68,58.93,80.94,0.75,67.45
Hyderabad,23-02-2020,65,35.75,70.2,53.95,74.1,0.68,61.75
Hyderabad,24-02-2020,72,39.6,77.76,59.76,82.08,0.76,68.4
Hyderabad,25-02-2020,88,48.4,95.04,73.04,100.32,0.92,83.6
Hyderabad,26-02-2020,116,63.8,125.28,96.28,132.24,1.22,110.2
Hyderabad,27-02-2020,103,56.65,111.24,85.49,117.42,1.08,97.85
Hyderabad,28-02-2020,94,51.7,101.52,78.02,107.16,0.99,89.3
Hyderabad,01-03-2020,92,50.6,99.36,76.36,104.88,0.97,87.4
Hyderabad,02-03-2020,97,53.35,104.76,80.51,110.58,1.02,92.15
Hyderabad,03-03-2020,97,53.35,104.76,80.51,110.58,1.02,92.15
Hyderabad,04-03-2020,112,61.6,120.96,92.96,127.68,1.18,106.4
Hyderabad,05-03-2020,118,64.9,127.44,97.94,134.52,1.24,112.1
Hyderabad,06-03-2020,90,49.5,97.2,74.7,102.6,0.95,85.5
Hyderabad,07-03-2020,83,45.65,89.64,68.89,94.62,0.87,78.85
Hyderabad,08-03-2020,72,39.6,77.76,59.76,82.08,0.76,68.4
Hyderabad,09-03-2020,71,39.05,76.68,58.93,80.94,0.75,67.45
Hyderabad,10-03-2020,60,33,64.8,49.8,68.4,0.63,57
Hyderabad,11-03-2020,63,34.65,68.04,52.29,71.82,0.66,59.85
Hyderabad,12-03-2020,75,41.25,81,62.25,85.5,0.79,71.25
Hyderabad,13-03-2020,76,41.8,82.08,63.08,86.64,0.8,72.2
Hyderabad,14-03-2020,75,41.25,81,62.25,85.5,0.79,71.25
Hyderabad,15-03-2020,80,44,86.4,66.4,91.2,0.84,76
Hyderabad,16-03-2020,66,36.3,71.28,54.78,75.24,0.69,62.7
Hyderabad,17-03-2020,67,36.85,72.36,55.61,76.38,0.7,63.65
Hyderabad,18-03-2020,66,36.3,71.28,54.78,75.24,0.69,62.7
Hyderabad,19-03-2020,86,47.3,92.88,71.38,98.04,0.9,81.7
Hyderabad,20-03-2020,75,41.25,81,62.25,85.5,0.79,71.25
Hyderabad,21-03-2020,90,49.5,97.2,74.7,102.6,0.95,85.5
Hyderabad,22-03-2020,94,51.7,101.52,78.02,107.16,0.99,89.3
Hyderabad,23-03-2020,70,38.5,75.6,58.1,79.8,0.74,66.5
Hyderabad,24-03-2020,64,35.2,69.12,53.12,72.96,0.67,60.8
Hyderabad,25-03-2020,60,33,64.8,49.8,68.4,0.63,57
Hyderabad,26-03-2020,59,32.45,63.72,48.97,67.26,0.62,56.05
Hyderabad,27-03-2020,67,36.85,72.36,55.61,76.38,0.7,63.65
Hyderabad,28-03-2020,68,37.4,73.44,56.44,77.52,0.71,64.6
Hyderabad,29-03-2020,79,43.45,85.32,65.57,90.06,0.83,75.05
Hyderabad,30-03-2020,73,40.15,78.84,60.59,83.22,0.77,69.35
Hyderabad,31-03-2020,69,37.95,74.52,57.27,78.66,0.72,65.55
Hyderabad,01-04-2020,84,46.2,90.72,69.72,95.76,0.88,79.8
Hyderabad,02-04-2020,98,53.9,105.84,81.34,111.72,1.03,93.1
Hyderabad,03-04-2020,73,40.15,78.84,60.59,83.22,0.77,69.35
Hyderabad,04-04-2020,67,36.85,72.36,55.61,76.38,0.7,63.65
Hyderabad,05-04-2020,66,36.3,71.28,54.78,75.24,0.69,62.7
Hyderabad,06-04-2020,62,34.1,66.96,51.46,70.68,0.65,58.9
Hyderabad,07-04-2020,47,25.85,50.76,39.01,53.58,0.49,44.65
Hyderabad,08-04-2020,41,22.55,44.28,34.03,46.74,0.43,38.95
Hyderabad,09-04-2020,63,34.65,68.04,52.29,71.82,0.66,59.85
Hyderabad,10-04-2020,52,28.6,56.16,43.16,59.28,0.55,49.4
Hyderabad,11-04-2020,65,35.75,70.2,53.95,74.1,0.68,61.75
Hyderabad,12-04-2020,58,31.9,62.64,48.14,66.12,0.61,55.1
Hyderabad,13-04-2020,66,36.3,71.28,54.78,75.24,0.69,62.7
Hyderabad,14-04-2020,74,40.7,79.92,61.42,84.36,0.78,70.3
Hyderabad,15-04-2020,72,39.6,77.76,59.76,82.08,0.76,68.4
Hyderabad,16-04-2020,71,39.05,76.68,58.93,80.94,0.75,67.45
Hyderabad,17-04-2020,74,40.7,79.92,61.42,84.36,0.78,70.3
Hyderabad,18-04-2020,68,37.4,73.44,56.44,77.52,0.71,64.6
Hyderabad,19-04-2020,65,35.75,70.2,53.95,74.1,0.68,61.75
Hyderabad,20-04-2020,57,31.35,61.56,47.31,64.98,0.6,54.15
Hyderabad,21-04-2020,50,27.5,54,41.5,57,0.53,47.5
Hyderabad,22-04-2020,48,26.4,51.84,39.84,54.72,0.5,45.6
Hyderabad,23-04-2020,50,27.5,54,41.5,57,0.53,47.5
Hyderabad,24-04-2020,60,33,64.8,49.8,68.4,0.63,57
Hyderabad,25-04-2020,59,32.45,63.72,48.97,67.26,0.62,56.05
Hyderabad,26-04-2020,69,37.95,74.52,57.27,78.66,0.72,65.55
Hyderabad,27-04-2020,54,29.7,58.32,44.82,61.56,0.57,51.3
Hyderabad,28-04-2020,53,29.15,57.24,43.99,60.42,0.56,50.35
Hyderabad,29-04-2020,46,25.3,49.68,38.18,52.44,0.48,43.7
Hyderabad,30-04-2020,55,30.25,59.4,45.65,62.7,0.58,52.25
Hyderabad,01-05-2020,58,31.9,62.64,48.14,66.12,0.61,55.1
Hyderabad,02-05-2020,51,28.05,55.08,42.33,58.14,0.54,48.45
Hyderabad,03-05-2020,73,40.15,78.84,60.59,83.22,0.77,69.35
Hyderabad,04-05-2020,73,40.15,78.84,60.59,83.22,0.77,69.35
Hyderabad,05-05-2020,68,37.4,73.44,56.44,77.52,0.71,64.6
Hyderabad,06-05-2020,67,36.85,72.36,55.61,76.38,0.7,63.65
Hyderabad,07-05-2020,54,29.7,58.32,44.82,61.56,0.57,51.3
Hyderabad,08-05-2020,60,33,64.8,49.8,68.4,0.63,57
Hyderabad,09-05-2020,65,35.75,70.2,53.95,74.1,0.68,61.75
Hyderabad,10-05-2020,59,32.45,63.72,48.97,67.26,0.62,56.05
Hyderabad,11-05-2020,78,42.9,84.24,64.74,88.92,0.82,74.1
Hyderabad,12-05-2020,69,37.95,74.52,57.27,78.66,0.72,65.55
Hyderabad,13-05-2020,56,30.8,60.48,46.48,63.84,0.59,53.2
Hyderabad,14-05-2020,57,31.35,61.56,47.31,64.98,0.6,54.15
Hyderabad,15-05-2020,58,31.9,62.64,48.14,66.12,0.61,55.1
Hyderabad,16-05-2020,65,35.75,70.2,53.95,74.1,0.68,61.75
Hyderabad,17-05-2020,72,39.6,77.76,59.76,82.08,0.76,68.4
Hyderabad,18-05-2020,65,35.75,70.2,53.95,74.1,0.68,61.75
Hyderabad,19-05-2020,101,55.55,109.08,83.83,115.14,1.06,95.95
Hyderabad,20-05-2020,104,57.2,112.32,86.32,118.56,1.09,98.8
Hyderabad,21-05-2020,108,59.4,116.64,89.64,123.12,1.13,102.6
Hyderabad,22-05-2020,114,62.7,123.12,94.62,129.96,1.2,108.3
Hyderabad,23-05-2020,121,66.55,130.68,100.43,137.94,1.27,114.95
Hyderabad,24-05-2020,110,60.5,118.8,91.3,125.4,1.16,104.5
Hyderabad,25-05-2020,94,51.7,101.52,78.02,107.16,0.99,89.3
Hyderabad,26-05-2020,83,45.65,89.64,68.89,94.62,0.87,78.85
Hyderabad,27-05-2020,86,47.3,92.88,71.38,98.04,0.9,81.7
Hyderabad,28-05-2020,84,46.2,90.72,69.72,95.76,0.88,79.8
Hyderabad,29-05-2020,81,44.55,87.48,67.23,92.34,0.85,76.95
Hyderabad,30-05-2020,56,30.8,60.48,46.48,63.84,0.59,53.2
Hyderabad,31-05-2020,69,37.95,74.52,57.27,78.66,0.72,65.55
Hyderabad,01-06-2020,46,25.3,49.68,38.18,52.44,0.48,43.7
Hyderabad,02-06-2020,56,30.8,60.48,46.48,63.84,0.59,53.2
Hyderabad,03-06-2020,34,18.7,36.72,28.22,38.76,0.36,32.3
Hyderabad,04-06-2020,32,17.6,34.56,26.56,36.48,0.34,30.4
Hyderabad,05-06-2020,42,23.1,45.36,34.86,47.88,0.44,39.9
Hyderabad,06-06-2020,62,34.1,66.96,51.46,70.68,0.65,58.9
Hyderabad,07-06-2020,60,33,64.8,49.8,68.4,0.63,57
Hyderabad,08-06-2020,53,29.15,57.24,43.99,60.42,0.56,50.35
Hyderabad,09-06-2020,53,29.15,57.24,43.99,60.42,0.56,50.35
Hyderabad,10-06-2020,47,25.85,50.76,39.01,53.58,0.49,44.65
Hyderabad,11-06-2020,41,22.55,44.28,34.03,46.74,0.43,38.95
Hyderabad,12-06-2020,42,23.1,45.36,34.86,47.88,0.44,39.9
Hyderabad,13-06-2020,31,17.05,33.48,25.73,35.34,0.33,29.45
Hyderabad,14-06-2020,33,18.15,35.64,27.39,37.62,0.35,31.35
Hyderabad,15-06-2020,34,18.7,36.72,28.22,38.76,0.36,32.3
Hyderabad,16-06-2020,31,17.05,33.48,25.73,35.34,0.33,29.45
Hyderabad,17-06-2020,29,15.95,31.32,24.07,33.06,0.3,27.55
Hyderabad,18-06-2020,35,19.25,37.8,29.05,39.9,0.37,33.25
Hyderabad,19-06-2020,39,21.45,42.12,32.37,44.46,0.41,37.05
Hyderabad,20-06-2020,55,30.25,59.4,45.65,62.7,0.58,52.25
Hyderabad,21-06-2020,58,31.9,62.64,48.14,66.12,0.61,55.1
Hyderabad,22-06-2020,59,32.45,63.72,48.97,67.26,0.62,56.05
Hyderabad,23-06-2020,46,25.3,49.68,38.18,52.44,0.48,43.7
Hyderabad,24-06-2020,50,27.5,54,41.5,57,0.53,47.5
Hyderabad,25-06-2020,46,25.3,49.68,38.18,52.44,0.48,43.7
Hyderabad,26-06-2020,50,27.5,54,41.5,57,0.53,47.5
Hyderabad,27-06-2020,54,29.7,58.32,44.82,61.56,0.57,51.3
Hyderabad,28-06-2020,44,24.2,47.52,36.52,50.16,0.46,41.8
Hyderabad,29-06-2020,44,24.2,47.52,36.52,50.16,0.46,41.8
Hyderabad,30-06-2020,47,25.85,50.76,39.01,53.58,0.49,44.65
Hyderabad,01-07-2020,39,21.45,42.12,32.37,44.46,0.41,37.05
Hyderabad,02-07-2020,33,18.15,35.64,27.39,37.62,0.35,31.35
Hyderabad,03-07-2020,31,17.05,33.48,25.73,35.34,0.33,29.45
Hyderabad,04-07-2020,30,16.5,32.4,24.9,34.2,0.32,28.5
Hyderabad,05-07-2020,32,17.6,34.56,26.56,36.48,0.34,30.4
Hyderabad,06-07-2020,40,22,43.2,33.2,45.6,0.42,38
Hyderabad,07-07-2020,37,20.35,39.96,30.71,42.18,0.39,35.15
Hyderabad,08-07-2020,30,16.5,32.4,24.9,34.2,0.32,28.5
Hyderabad,09-07-2020,33,18.15,35.64,27.39,37.62,0.35,31.35
Hyderabad,10-07-2020,34,18.7,36.72,28.22,38.76,0.36,32.3
Hyderabad,11-07-2020,33,18.15,35.64,27.39,37.62,0.35,31.35
Hyderabad,12-07-2020,41,22.55,44.28,34.03,46.74,0.43,38.95
Hyderabad,13-07-2020,37,20.35,39.96,30.71,42.18,0.39,35.15
Hyderabad,14-07-2020,36,19.8,38.88,29.88,41.04,0.38,34.2
Hyderabad,15-07-2020,26,14.3,28.08,21.58,29.64,0.27,24.7
Hyderabad,16-07-2020,30,16.5,32.4,24.9,34.2,0.32,28.5
Hyderabad,17-07-2020,31,17.05,33.48,25.73,35.34,0.33,29.45
Hyderabad,18-07-2020,33,18.15,35.64,27.39,37.62,0.35,31.35
Hyderabad,19-07-2020,42,23.1,45.36,34.86,47.88,0.44,39.9
Hyderabad,20-07-2020,38,20.9,41.04,31.54,43.32,0.4,36.1
Hyderabad,21-07-2020,38,20.9,41.04,31.54,43.32,0.4,36.1
Hyderabad,22-07-2020,44,24.2,47.52,36.52,50.16,0.46,41.8
Hyderabad,23-07-2020,40,22,43.2,33.2,45.6,0.42,38
Hyderabad,24-07-2020,38,20.9,41.04,31.54,43.32,0.4,36.1
Hyderabad,25-07-2020,45,24.75,48.6,37.35,51.3,0.47,42.75
Hyderabad,26-07-2020,37,20.35,39.96,30.71,42.18,0.39,35.15
Hyderabad,27-07-2020,40,22,43.2,33.2,45.6,0.42,38
Hyderabad,28-07-2020,48,26.4,51.84,39.84,54.72,0.5,45.6
Hyderabad,29-07-2020,43,23.65,46.44,35.69,49.02,0.45,40.85
Hyderabad,30-07-2020,48,26.4,51.84,39.84,54.72,0.5,45.6
Hyderabad,31-07-2020,40,22,43.2,33.2,45.6,0.42,38
Hyderabad,01-08-2020,60,33,64.8,49.8,68.4,0.63,57
Hyderabad,02-08-2020,40,22,43.2,33.2,45.6,0.42,38
Hyderabad,03-08-2020,26,14.3,28.08,21.58,29.64,0.27,24.7
Hyderabad,04-08-2020,26,14.3,28.08,21.58,29.64,0.27,24.7
Hyderabad,05-08-2020,27,14.85,29.16,22.41,30.78,0.28,25.65
Hyderabad,06-08-2020,28,15.4,30.24,23.24,31.92,0.29,26.6
Hyderabad,07-08-2020,30,16.5,32.4,24.9,34.2,0.32,28.5
Hyderabad,08-08-2020,31,17.05,33.48,25.73,35.34,0.33,29.45
Hyderabad,09-08-2020,45,24.75,48.6,37.35,51.3,0.47,42.75
Hyderabad,10-08-2020,36,19.8,38.88,29.88,41.04,0.38,34.2
Hyderabad,11-08-2020,32,17.6,34.56,26.56,36.48,0.34,30.4
Hyderabad,12-08-2020,35,19.25,37.8,29.05,39.9,0.37,33.25
Hyderabad,13-08-2020,34,18.7,36.72,28.22,38.76,0.36,32.3
Hyderabad,14-08-2020,31,17.05,33.48,25.73,35.34,0.33,29.45
Hyderabad,15-08-2020,29,15.95,31.32,24.07,33.06,0.3,27.55
Hyderabad,16-08-2020,26,14.3,28.08,21.58,29.64,0.27,24.7
Hyderabad,17-08-2020,34,18.7,36.72,28.22,38.76,0.36,32.3
Hyderabad,18-08-2020,32,17.6,34.56,26.56,36.48,0.34,30.4
Hyderabad,19-08-2020,33,18.15,35.64,27.39,37.62,0.35,31.35
Hyderabad,20-08-2020,30,16.5,32.4,24.9,34.2,0.32,28.5
Hyderabad,21-08-2020,32,17.6,34.56,26.56,36.48,0.34,30.4
Hyderabad,22-08-2020,30,16.5,32.4,24.9,34.2,0.32,28.5
Hyderabad,23-08-2020,31,17.05,33.48,25.73,35.34,0.33,29.45
Hyderabad,24-08-2020,31,17.05,33.48,25.73,35.34,0.33,29.45
Hyderabad,25-08-2020,34,18.7,36.72,28.22,38.76,0.36,32.3
Hyderabad,26-08-2020,48,26.4,51.84,39.84,54.72,0.5,45.6
Hyderabad,27-08-2020,49,26.95,52.92,40.67,55.86,0.51,46.55
Hyderabad,28-08-2020,33,18.15,35.64,27.39,37.62,0.35,31.35
Hyderabad,29-08-2020,38,20.9,41.04,31.54,43.32,0.4,36.1
Hyderabad,30-08-2020,35,19.25,37.8,29.05,39.9,0.37,33.25
Hyderabad,31-08-2020,38,20.9,41.04,31.54,43.32,0.4,36.1
Hyderabad,01-09-2020,63,34.65,68.04,52.29,71.82,0.66,59.85
Hyderabad,02-09-2020,59,32.45,63.72,48.97,67.26,0.62,56.05
Hyderabad,03-09-2020,60,33,64.8,49.8,68.4,0.63,57
Hyderabad,04-09-2020,46,25.3,49.68,38.18,52.44,0.48,43.7
Hyderabad,05-09-2020,47,25.85,50.76,39.01,53.58,0.49,44.65
Hyderabad,06-09-2020,50,27.5,54,41.5,57,0.53,47.5
Hyderabad,07-09-2020,48,26.4,51.84,39.84,54.72,0.5,45.6
Hyderabad,08-09-2020,82,45.1,88.56,68.06,93.48,0.86,77.9
Hyderabad,09-09-2020,83,45.65,89.64,68.89,94.62,0.87,78.85
Hyderabad,10-09-2020,55,30.25,59.4,45.65,62.7,0.58,52.25
Hyderabad,11-09-2020,52,28.6,56.16,43.16,59.28,0.55,49.4
Hyderabad,12-09-2020,46,25.3,49.68,38.18,52.44,0.48,43.7
Hyderabad,13-09-2020,38,20.9,41.04,31.54,43.32,0.4,36.1
Hyderabad,14-09-2020,43,23.65,46.44,35.69,49.02,0.45,40.85
Hyderabad,15-09-2020,34,18.7,36.72,28.22,38.76,0.36,32.3
Hyderabad,16-09-2020,44,24.2,47.52,36.52,50.16,0.46,41.8
Hyderabad,17-09-2020,41,22.55,44.28,34.03,46.74,0.43,38.95
Hyderabad,18-09-2020,41,22.55,44.28,34.03,46.74,0.43,38.95
Hyderabad,19-09-2020,49,26.95,52.92,40.67,55.86,0.51,46.55
Hyderabad,20-09-2020,50,27.5,54,41.5,57,0.53,47.5
Hyderabad,21-09-2020,35,19.25,37.8,29.05,39.9,0.37,33.25
Hyderabad,22-09-2020,35,19.25,37.8,29.05,39.9,0.37,33.25
Hyderabad,23-09-2020,34,18.7,36.72,28.22,38.76,0.36,32.3
Hyderabad,24-09-2020,36,19.8,38.88,29.88,41.04,0.38,34.2
Hyderabad,25-09-2020,41,22.55,44.28,34.03,46.74,0.43,38.95
Hyderabad,26-09-2020,34,18.7,36.72,28.22,38.76,0.36,32.3
Hyderabad,27-09-2020,38,20.9,41.04,31.54,43.32,0.4,36.1
Hyderabad,28-09-2020,51,28.05,55.08,42.33,58.14,0.54,48.45
Hyderabad,29-09-2020,74,40.7,79.92,61.42,84.36,0.78,70.3
Hyderabad,30-09-2020,71,39.05,76.68,58.93,80.94,0.75,67.45
Hyderabad,01-10-2020,70,38.5,75.6,58.1,79.8,0.74,66.5
Hyderabad,02-10-2020,86,47.3,92.88,71.38,98.04,0.9,81.7
Hyderabad,03-10-2020,94,51.7,101.52,78.02,107.16,0.99,89.3
Hyderabad,04-10-2020,94,51.7,101.52,78.02,107.16,0.99,89.3
Hyderabad,05-10-2020,87,47.85,93.96,72.21,99.18,0.91,82.65
Hyderabad,06-10-2020,103,56.65,111.24,85.49,117.42,1.08,97.85
Hyderabad,07-10-2020,107,58.85,115.56,88.81,121.98,1.12,101.65
Hyderabad,08-10-2020,102,56.1,110.16,84.66,116.28,1.07,96.9
Hyderabad,09-10-2020,104,57.2,112.32,86.32,118.56,1.09,98.8
Hyderabad,10-10-2020,62,34.1,66.96,51.46,70.68,0.65,58.9
Hyderabad,11-10-2020,68,37.4,73.44,56.44,77.52,0.71,64.6
Hyderabad,12-10-2020,45,24.75,48.6,37.35,51.3,0.47,42.75
Hyderabad,13-10-2020,43,23.65,46.44,35.69,49.02,0.45,40.85
Hyderabad,14-10-2020,33,18.15,35.64,27.39,37.62,0.35,31.35
Hyderabad,15-10-2020,41,22.55,44.28,34.03,46.74,0.43,38.95
Hyderabad,16-10-2020,51,28.05,55.08,42.33,58.14,0.54,48.45
Hyderabad,17-10-2020,60,33,64.8,49.8,68.4,0.63,57
Hyderabad,18-10-2020,48,26.4,51.84,39.84,54.72,0.5,45.6
Hyderabad,19-10-2020,63,34.65,68.04,52.29,71.82,0.66,59.85
Hyderabad,20-10-2020,79,43.45,85.32,65.57,90.06,0.83,75.05
Hyderabad,21-10-2020,84,46.2,90.72,69.72,95.76,0.88,79.8
Hyderabad,22-10-2020,143,78.65,154.44,118.69,163.02,1.5,135.85
Hyderabad,23-10-2020,168,92.4,181.44,139.44,191.52,1.76,159.6
Hyderabad,24-10-2020,150,82.5,162,124.5,171,1.58,142.5
Hyderabad,25-10-2020,134,73.7,144.72,111.22,152.76,1.41,127.3
Hyderabad,26-10-2020,121,66.55,130.68,100.43,137.94,1.27,114.95
Hyderabad,27-10-2020,139,76.45,150.12,115.37,158.46,1.46,132.05
Hyderabad,28-10-2020,126,69.3,136.08,104.58,143.64,1.32,119.7
Hyderabad,29-10-2020,145,79.75,156.6,120.35,165.3,1.52,137.75
Hyderabad,30-10-2020,157,86.35,169.56,130.31,178.98,1.65,149.15
Hyderabad,31-10-2020,170,93.5,183.6,141.1,193.8,1.79,161.5
Hyderabad,01-11-2020,162,89.1,174.96,134.46,184.68,1.7,153.9
Hyderabad,02-11-2020,163,89.65,176.04,135.29,185.82,1.71,154.85
Hyderabad,03-11-2020,167,91.85,180.36,138.61,190.38,1.75,158.65
Hyderabad,04-11-2020,155,85.25,167.4,128.65,176.7,1.63,147.25
Hyderabad,05-11-2020,150,82.5,162,124.5,171,1.58,142.5
Hyderabad,06-11-2020,141,77.55,152.28,117.03,160.74,1.48,133.95
Hyderabad,07-11-2020,161,88.55,173.88,133.63,183.54,1.69,152.95
Hyderabad,08-11-2020,143,78.65,154.44,118.69,163.02,1.5,135.85
Hyderabad,09-11-2020,149,81.95,160.92,123.67,169.86,1.56,141.55
Hyderabad,10-11-2020,170,93.5,183.6,141.1,193.8,1.79,161.5
Hyderabad,11-11-2020,151,83.05,163.08,125.33,172.14,1.59,143.45
Hyderabad,12-11-2020,87,47.85,93.96,72.21,99.18,0.91,82.65
Hyderabad,13-11-2020,58,31.9,62.64,48.14,66.12,0.61,55.1
Hyderabad,14-11-2020,97,53.35,104.76,80.51,110.58,1.02,92.15
Hyderabad,15-11-2020,108,59.4,116.64,89.64,123.12,1.13,102.6
Hyderabad,16-11-2020,89,48.95,96.12,73.87,101.46,0.93,84.55
Hyderabad,17-11-2020,98,53.9,105.84,81.34,111.72,1.03,93.1
Hyderabad,18-11-2020,84,46.2,90.72,69.72,95.76,0.88,79.8
Hyderabad,19-11-2020,60,33,64.8,49.8,68.4,0.63,57
Hyderabad,20-11-2020,62,34.1,66.96,51.46,70.68,0.65,58.9
Hyderabad,21-11-2020,70,38.5,75.6,58.1,79.8,0.74,66.5
Hyderabad,22-11-2020,121,66.55,130.68,100.43,137.94,1.27,114.95
Hyderabad,23-11-2020,124,68.2,133.92,102.92,141.36,1.3,117.8
Hyderabad,24-11-2020,132,72.6,142.56,109.56,150.48,1.39,125.4
Hyderabad,25-11-2020,125,68.75,135,103.75,142.5,1.31,118.75
Hyderabad,26-11-2020,71,39.05,76.68,58.93,80.94,0.75,67.45
Hyderabad,27-11-2020,86,47.3,92.88,71.38,98.04,0.9,81.7
Hyderabad,28-11-2020,78,42.9,84.24,64.74,88.92,0.82,74.1
Hyderabad,29-11-2020,74,40.7,79.92,61.42,84.36,0.78,70.3
Hyderabad,30-11-2020,95,52.25,102.6,78.85,108.3,1,90.25
Hyderabad,01-12-2020,96,52.8,103.68,79.68,109.44,1.01,91.2
Hyderabad,02-12-2020,97,53.35,104.76,80.51,110.58,1.02,92.15
Hyderabad,03-12-2020,98,53.9,105.84,81.34,111.72,1.03,93.1
Hyderabad,04-12-2020,99,54.45,106.92,82.17,112.86,1.04,94.05
Hyderabad,05-12-2020,100,55,108,83,114,1.05,95
Hyderabad,06-12-2020,101,55.55,109.08,83.83,115.14,1.06,95.95
Hyderabad,07-12-2020,102,56.1,110.16,84.66,116.28,1.07,96.9
Hyderabad,08-12-2020,103,56.65,111.24,85.49,117.42,1.08,97.85
Hyderabad,09-12-2020,104,57.2,112.32,86.32,118.56,1.09,98.8
Hyderabad,10-12-2020,105,57.75,113.4,87.15,119.7,1.1,99.75
Hyderabad,11-12-2020,106,58.3,114.48,87.98,120.84,1.11,100.7
Hyderabad,12-12-2020,107,58.85,115.56,88.81,121.98,1.12,101.65
Hyderabad,13-12-2020,108,59.4,116.64,89.64,123.12,1.13,102.6
Hyderabad,14-12-2020,109,59.95,117.72,90.47,124.26,1.14,103.55
Hyderabad,15-12-2020,110,60.5,118.8,91.3,125.4,1.16,104.5
Hyderabad,16-12-2020,111,61.05,119.88,92.13,126.54,1.17,105.45
Hyderabad,17-12-2020,112,61.6,120.96,92.96,127.68,1.18,106.4
Hyderabad,18-12-2020,113,62.15,122.04,93.79,128.82,1.19,107.35
Hyderabad,19-12-2020,114,62.7,123.12,94.62,129.96,1.2,108.3
Hyderabad,20-12-2020,115,63.25,124.2,95.45,131.1,1.21,109.25
Hyderabad,21-12-2020,116,63.8,125.28,96.28,132.24,1.22,110.2
Hyderabad,22-12-2020,117,64.35,126.36,97.11,133.38,1.23,111.15
Hyderabad,23-12-2020,118,64.9,127.44,97.94,134.52,1.24,112.1
Hyderabad,24-12-2020,119,65.45,128.52,98.77,135.66,1.25,113.05
Hyderabad,25-12-2020,120,66,129.6,99.6,136.8,1.26,114
Hyderabad,26-12-2020,121,66.55,130.68,100.43,137.94,1.27,114.95
Hyderabad,27-12-2020,122,67.1,131.76,101.26,139.08,1.28,115.9
Hyderabad,28-12-2020,123,67.65,132.84,102.09,140.22,1.29,116.85
Hyderabad,29-12-2020,124,68.2,133.92,102.92,141.36,1.3,117.8
Hyderabad,30-12-2020,125,68.75,135,103.75,142.5,1.31,118.75
Hyderabad,31-12-2020,126,69.3,136.08,104.58,143.64,1.32,119.7
Hyderabad,01-01-2021,188,103.4,203.04,156.04,214.32,1.97,178.6
Hyderabad,02-01-2021,184,101.2,198.72,152.72,209.76,1.93,174.8
Hyderabad,03-01-2021,192,105.6,207.36,159.36,218.88,2.02,182.4
Hyderabad,04-01-2021,142,78.1,153.36,117.86,161.88,1.49,134.9
Hyderabad,05-01-2021,106,58.3,114.48,87.98,120.84,1.11,100.7
Hyderabad,06-01-2021,102,56.1,110.16,84.66,116.28,1.07,96.9
Hyderabad,07-01-2021,86,47.3,92.88,71.38,98.04,0.9,81.7
Hyderabad,08-01-2021,141,77.55,152.28,117.03,160.74,1.48,133.95
Hyderabad,09-01-2021,68,37.4,73.44,56.44,77.52,0.71,64.6
Hyderabad,10-01-2021,85,46.75,91.8,70.55,96.9,0.89,80.75
Hyderabad,11-01-2021,144,79.2,155.52,119.52,164.16,1.51,136.8
Hyderabad,12-01-2021,163,89.65,176.04,135.29,185.82,1.71,154.85
Hyderabad,13-01-2021,151,83.05,163.08,125.33,172.14,1.59,143.45
Hyderabad,14-01-2021,143,78.65,154.44,118.69,163.02,1.5,135.85
Hyderabad,15-01-2021,154,84.7,166.32,127.82,175.56,1.62,146.3
Hyderabad,16-01-2021,156,85.8,168.48,129.48,177.84,1.64,148.2
Hyderabad,17-01-2021,135,74.25,145.8,112.05,153.9,1.42,128.25
Hyderabad,18-01-2021,94,51.7,101.52,78.02,107.16,0.99,89.3
Hyderabad,19-01-2021,122,67.1,131.76,101.26,139.08,1.28,115.9
Hyderabad,20-01-2021,106,58.3,114.48,87.98,120.84,1.11,100.7
Hyderabad,21-01-2021,114,62.7,123.12,94.62,129.96,1.2,108.3
Hyderabad,22-01-2021,141,77.55,152.28,117.03,160.74,1.48,133.95
Hyderabad,23-01-2021,140,77,151.2,116.2,159.6,1.47,133
Hyderabad,24-01-2021,120,66,129.6,99.6,136.8,1.26,114
Hyderabad,25-01-2021,109,59.95,117.72,90.47,124.26,1.14,103.55
Hyderabad,26-01-2021,99,54.45,106.92,82.17,112.86,1.04,94.05
Hyderabad,27-01-2021,103,56.65,111.24,85.49,117.42,1.08,97.85
Hyderabad,28-01-2021,120,66,129.6,99.6,136.8,1.26,114
Hyderabad,29-01-2021,116,63.8,125.28,96.28,132.24,1.22,110.2
Hyderabad,30-01-2021,121,66.55,130.68,100.43,137.94,1.27,114.95
Hyderabad,31-01-2021,144,79.2,155.52,119.52,164.16,1.51,136.8
Hyderabad,01-02-2021,149,81.95,160.92,123.67,169.86,1.56,141.55
Hyderabad,02-02-2021,142,78.1,153.36,117.86,161.88,1.49,134.9
Hyderabad,03-02-2021,144,79.2,155.52,119.52,164.16,1.51,136.8
Hyderabad,04-02-2021,125,68.75,135,103.75,142.5,1.31,118.75
Hyderabad,05-02-2021,114,62.7,123.12,94.62,129.96,1.2,108.3
Hyderabad,06-02-2021,114,62.7,123.12,94.62,129.96,1.2,108.3
Hyderabad,07-02-2021,149,81.95,160.92,123.67,169.86,1.56,141.55
Hyderabad,08-02-2021,131,72.05,141.48,108.73,149.34,1.38,124.45
Hyderabad,09-02-2021,152,83.6,164.16,126.16,173.28,1.6,144.4
Hyderabad,10-02-2021,154,84.7,166.32,127.82,175.56,1.62,146.3
Hyderabad,11-02-2021,129,70.95,139.32,107.07,147.06,1.35,122.55
Hyderabad,12-02-2021,99,54.45,106.92,82.17,112.86,1.04,94.05
Hyderabad,13-02-2021,114,62.7,123.12,94.62,129.96,1.2,108.3
Hyderabad,14-02-2021,105,57.75,113.4,87.15,119.7,1.1,99.75
Hyderabad,15-02-2021,95,52.25,102.6,78.85,108.3,1,90.25
Hyderabad,16-02-2021,111,61.05,119.88,92.13,126.54,1.17,105.45
Hyderabad,17-02-2021,112,61.6,120.96,92.96,127.68,1.18,106.4
Hyderabad,18-02-2021,106,58.3,114.48,87.98,120.84,1.11,100.7
Hyderabad,19-02-2021,112,61.6,120.96,92.96,127.68,1.18,106.4
Hyderabad,20-02-2021,105,57.75,113.4,87.15,119.7,1.1,99.75
Hyderabad,21-02-2021,80,44,86.4,66.4,91.2,0.84,76
Hyderabad,22-02-2021,104,57.2,112.32,86.32,118.56,1.09,98.8
Hyderabad,23-02-2021,143,78.65,154.44,118.69,163.02,1.5,135.85
Hyderabad,24-02-2021,150,82.5,162,124.5,171,1.58,142.5
Hyderabad,25-02-2021,131,72.05,141.48,108.73,149.34,1.38,124.45
Hyderabad,26-02-2021,135,74.25,145.8,112.05,153.9,1.42,128.25
Hyderabad,27-02-2021,148,81.4,159.84,122.84,168.72,1.55,140.6
Hyderabad,28-02-2021,150,82.5,162,124.5,171,1.58,142.5
Hyderabad,01-03-2021,128,70.4,138.24,106.24,145.92,1.34,121.6
Hyderabad,02-03-2021,121,66.55,130.68,100.43,137.94,1.27,114.95
Hyderabad,03-03-2021,131,72.05,141.48,108.73,149.34,1.38,124.45
Hyderabad,04-03-2021,143,78.65,154.44,118.69,163.02,1.5,135.85
Hyderabad,05-03-2021,103,56.65,111.24,85.49,117.42,1.08,97.85
Hyderabad,06-03-2021,105,57.75,113.4,87.15,119.7,1.1,99.75
Hyderabad,07-03-2021,122,67.1,131.76,101.26,139.08,1.28,115.9
Hyderabad,08-03-2021,115,63.25,124.2,95.45,131.1,1.21,109.25
Hyderabad,09-03-2021,106,58.3,114.48,87.98,120.84,1.11,100.7
Hyderabad,10-03-2021,111,61.05,119.88,92.13,126.54,1.17,105.45
Hyderabad,11-03-2021,109,59.95,117.72,90.47,124.26,1.14,103.55
Hyderabad,12-03-2021,68,37.4,73.44,56.44,77.52,0.71,64.6
Hyderabad,13-03-2021,80,44,86.4,66.4,91.2,0.84,76
Hyderabad,14-03-2021,96,52.8,103.68,79.68,109.44,1.01,91.2
Hyderabad,15-03-2021,106,58.3,114.48,87.98,120.84,1.11,100.7
Hyderabad,16-03-2021,98,53.9,105.84,81.34,111.72,1.03,93.1
Hyderabad,17-03-2021,119,65.45,128.52,98.77,135.66,1.25,113.05
Hyderabad,18-03-2021,113,62.15,122.04,93.79,128.82,1.19,107.35
Hyderabad,19-03-2021,110,60.5,118.8,91.3,125.4,1.16,104.5
Hyderabad,20-03-2021,112,61.6,120.96,92.96,127.68,1.18,106.4
Hyderabad,21-03-2021,109,59.95,117.72,90.47,124.26,1.14,103.55
Hyderabad,22-03-2021,155,85.25,167.4,128.65,176.7,1.63,147.25
Hyderabad,23-03-2021,141,77.55,152.28,117.03,160.74,1.48,133.95
Hyderabad,24-03-2021,134,73.7,144.72,111.22,152.76,1.41,127.3
Hyderabad,25-03-2021,164,90.2,177.12,136.12,186.96,1.72,155.8
Hyderabad,26-03-2021,158,86.9,170.64,131.14,180.12,1.66,150.1
Hyderabad,27-03-2021,154,84.7,166.32,127.82,175.56,1.62,146.3
Hyderabad,28-03-2021,148,81.4,159.84,122.84,168.72,1.55,140.6
Hyderabad,29-03-2021,136,74.8,146.88,112.88,155.04,1.43,129.2
Hyderabad,30-03-2021,132,72.6,142.56,109.56,150.48,1.39,125.4
Hyderabad,31-03-2021,139,76.45,150.12,115.37,158.46,1.46,132.05
Hyderabad,01-04-2021,140,77,151.2,116.2,159.6,1.47,133
Hyderabad,02-04-2021,152,83.6,164.16,126.16,173.28,1.6,144.4
Hyderabad,03-04-2021,150,82.5,162,124.5,171,1.58,142.5
Hyderabad,04-04-2021,141,77.55,152.28,117.03,160.74,1.48,133.95
Hyderabad,05-04-2021,154,84.7,166.32,127.82,175.56,1.62,146.3
Hyderabad,06-04-2021,125,68.75,135,103.75,142.5,1.31,118.75
Hyderabad,07-04-2021,111,61.05,119.88,92.13,126.54,1.17,105.45
Hyderabad,08-04-2021,121,66.55,130.68,100.43,137.94,1.27,114.95
Hyderabad,09-04-2021,132,72.6,142.56,109.56,150.48,1.39,125.4
Hyderabad,10-04-2021,110,60.5,118.8,91.3,125.4,1.16,104.5
Hyderabad,11-04-2021,76,41.8,82.08,63.08,86.64,0.8,72.2
Hyderabad,12-04-2021,91,50.05,98.28,75.53,103.74,0.96,86.45
Hyderabad,13-04-2021,84,46.2,90.72,69.72,95.76,0.88,79.8
Hyderabad,14-04-2021,58,31.9,62.64,48.14,66.12,0.61,55.1
Hyderabad,15-04-2021,65,35.75,70.2,53.95,74.1,0.68,61.75
Hyderabad,16-04-2021,76,41.8,82.08,63.08,86.64,0.8,72.2
Hyderabad,17-04-2021,92,50.6,99.36,76.36,104.88,0.97,87.4
Hyderabad,18-04-2021,106,58.3,114.48,87.98,120.84,1.11,100.7
Hyderabad,19-04-2021,101,55.55,109.08,83.83,115.14,1.06,95.95
Hyderabad,20-04-2021,112,61.6,120.96,92.96,127.68,1.18,106.4
Hyderabad,21-04-2021,91,50.05,98.28,75.53,103.74,0.96,86.45
Hyderabad,22-04-2021,92,50.6,99.36,76.36,104.88,0.97,87.4
Hyderabad,23-04-2021,72,39.6,77.76,59.76,82.08,0.76,68.4
Hyderabad,24-04-2021,72,39.6,77.76,59.76,82.08,0.76,68.4
Hyderabad,25-04-2021,107,58.85,115.56,88.81,121.98,1.12,101.65
Hyderabad,26-04-2021,81,44.55,87.48,67.23,92.34,0.85,76.95
Hyderabad,27-04-2021,92,50.6,99.36,76.36,104.88,0.97,87.4
Hyderabad,28-04-2021,79,43.45,85.32,65.57,90.06,0.83,75.05
Hyderabad,29-04-2021,96,52.8,103.68,79.68,109.44,1.01,91.2
Hyderabad,30-04-2021,91,50.05,98.28,75.53,103.74,0.96,86.45
Hyderabad,01-05-2021,98,53.9,105.84,81.34,111.72,1.03,93.1
Hyderabad,02-05-2021,77,42.35,83.16,63.91,87.78,0.81,73.15
Hyderabad,03-05-2021,69,37.95,74.52,57.27,78.66,0.72,65.55
Hyderabad,04-05-2021,76,41.8,82.08,63.08,86.64,0.8,72.2
Hyderabad,05-05-2021,69,37.95,74.52,57.27,78.66,0.72,65.55
Hyderabad,06-05-2021,57,31.35,61.56,47.31,64.98,0.6,54.15
Hyderabad,07-05-2021,52,28.6,56.16,43.16,59.28,0.55,49.4
Hyderabad,08-05-2021,51,28.05,55.08,42.33,58.14,0.54,48.45
Hyderabad,09-05-2021,51,28.05,55.08,42.33,58.14,0.54,48.45
Hyderabad,10-05-2021,50,27.5,54,41.5,57,0.53,47.5
Hyderabad,11-05-2021,67,36.85,72.36,55.61,76.38,0.7,63.65
Hyderabad,12-05-2021,55,30.25,59.4,45.65,62.7,0.58,52.25
Hyderabad,13-05-2021,55,30.25,59.4,45.65,62.7,0.58,52.25
Hyderabad,14-05-2021,58,31.9,62.64,48.14,66.12,0.61,55.1
Hyderabad,15-05-2021,35,19.25,37.8,29.05,39.9,0.37,33.25
Hyderabad,16-05-2021,29,15.95,31.32,24.07,33.06,0.3,27.55
Hyderabad,17-05-2021,32,17.6,34.56,26.56,36.48,0.34,30.4
Hyderabad,18-05-2021,47,25.85,50.76,39.01,53.58,0.49,44.65
Hyderabad,19-05-2021,37,20.35,39.96,30.71,42.18,0.39,35.15
Hyderabad,20-05-2021,42,23.1,45.36,34.86,47.88,0.44,39.9
Hyderabad,21-05-2021,71,39.05,76.68,58.93,80.94,0.75,67.45
Hyderabad,22-05-2021,75,41.25,81,62.25,85.5,0.79,71.25
Hyderabad,23-05-2021,76,41.8,82.08,63.08,86.64,0.8,72.2
Hyderabad,24-05-2021,78,42.9,84.24,64.74,88.92,0.82,74.1
Hyderabad,25-05-2021,91,50.05,98.28,75.53,103.74,0.96,86.45
Hyderabad,26-05-2021,108,59.4,116.64,89.64,123.12,1.13,102.6
Hyderabad,27-05-2021,73,40.15,78.84,60.59,83.22,0.77,69.35
Hyderabad,28-05-2021,51,28.05,55.08,42.33,58.14,0.54,48.45
Hyderabad,29-05-2021,61,33.55,65.88,50.63,69.54,0.64,57.95
Hyderabad,30-05-2021,49,26.95,52.92,40.67,55.86,0.51,46.55
Hyderabad,31-05-2021,51,28.05,55.08,42.33,58.14,0.54,48.45
Hyderabad,01-06-2021,45,24.75,48.6,37.35,51.3,0.47,42.75
Hyderabad,02-06-2021,46,25.3,49.68,38.18,52.44,0.48,43.7
Hyderabad,03-06-2021,48,26.4,51.84,39.84,54.72,0.5,45.6
Hyderabad,04-06-2021,48,26.4,51.84,39.84,54.72,0.5,45.6
Hyderabad,05-06-2021,46,25.3,49.68,38.18,52.44,0.48,43.7
Hyderabad,06-06-2021,37,20.35,39.96,30.71,42.18,0.39,35.15
Hyderabad,07-06-2021,40,22,43.2,33.2,45.6,0.42,38
Hyderabad,08-06-2021,46,25.3,49.68,38.18,52.44,0.48,43.7
Hyderabad,09-06-2021,37,20.35,39.96,30.71,42.18,0.39,35.15
Hyderabad,10-06-2021,34,18.7,36.72,28.22,38.76,0.36,32.3
Hyderabad,11-06-2021,31,17.05,33.48,25.73,35.34,0.33,29.45
Hyderabad,12-06-2021,30,16.5,32.4,24.9,34.2,0.32,28.5
Hyderabad,13-06-2021,32,17.6,34.56,26.56,36.48,0.34,30.4
Hyderabad,14-06-2021,32,17.6,34.56,26.56,36.48,0.34,30.4
Hyderabad,15-06-2021,26,14.3,28.08,21.58,29.64,0.27,24.7
Hyderabad,16-06-2021,19,10.45,20.52,15.77,21.66,0.2,18.05
Hyderabad,17-06-2021,23,12.65,24.84,19.09,26.22,0.24,21.85
Hyderabad,18-06-2021,50,27.5,54,41.5,57,0.53,47.5
Hyderabad,19-06-2021,42,23.1,45.36,34.86,47.88,0.44,39.9
Hyderabad,20-06-2021,51,28.05,55.08,42.33,58.14,0.54,48.45
Hyderabad,21-06-2021,106,58.3,114.48,87.98,120.84,1.11,100.7
Hyderabad,22-06-2021,108,59.4,116.64,89.64,123.12,1.13,102.6
Hyderabad,23-06-2021,101,55.55,109.08,83.83,115.14,1.06,95.95
Hyderabad,24-06-2021,70,38.5,75.6,58.1,79.8,0.74,66.5
Hyderabad,25-06-2021,49,26.95,52.92,40.67,55.86,0.51,46.55
Hyderabad,26-06-2021,55,30.25,59.4,45.65,62.7,0.58,52.25
Hyderabad,27-06-2021,47,25.85,50.76,39.01,53.58,0.49,44.65
Hyderabad,28-06-2021,48,26.4,51.84,39.84,54.72,0.5,45.6
Hyderabad,29-06-2021,57,31.35,61.56,47.31,64.98,0.6,54.15
Hyderabad,30-06-2021,61,33.55,65.88,50.63,69.54,0.64,57.95
Hyderabad,01-07-2021,46,25.3,49.68,38.18,52.44,0.48,43.7
Hyderabad,02-07-2021,38,20.9,41.04,31.54,43.32,0.4,36.1
Hyderabad,03-07-2021,49,26.95,52.92,40.67,55.86,0.51,46.55
Hyderabad,04-07-2021,72,39.6,77.76,59.76,82.08,0.76,68.4
Hyderabad,05-07-2021,63,34.65,68.04,52.29,71.82,0.66,59.85
Hyderabad,06-07-2021,76,41.8,82.08,63.08,86.64,0.8,72.2
Hyderabad,07-07-2021,64,35.2,69.12,53.12,72.96,0.67,60.8
Hyderabad,08-07-2021,44,24.2,47.52,36.52,50.16,0.46,41.8
Hyderabad,09-07-2021,40,22,43.2,33.2,45.6,0.42,38
Hyderabad,10-07-2021,37,20.35,39.96,30.71,42.18,0.39,35.15
Hyderabad,11-07-2021,38,20.9,41.04,31.54,43.32,0.4,36.1
Hyderabad,12-07-2021,33,18.15,35.64,27.39,37.62,0.35,31.35
Hyderabad,13-07-2021,29,15.95,31.32,24.07,33.06,0.3,27.55
Hyderabad,14-07-2021,30,16.5,32.4,24.9,34.2,0.32,28.5
Hyderabad,15-07-2021,30,16.5,32.4,24.9,34.2,0.32,28.5
Hyderabad,16-07-2021,30,16.5,32.4,24.9,34.2,0.32,28.5
Hyderabad,17-07-2021,33,18.15,35.64,27.39,37.62,0.35,31.35
Hyderabad,18-07-2021,38,20.9,41.04,31.54,43.32,0.4,36.1
Hyderabad,19-07-2021,30,16.5,32.4,24.9,34.2,0.32,28.5
Hyderabad,20-07-2021,31,17.05,33.48,25.73,35.34,0.33,29.45
Hyderabad,21-07-2021,32,17.6,34.56,26.56,36.48,0.34,30.4
Hyderabad,22-07-2021,28,15.4,30.24,23.24,31.92,0.29,26.6
Hyderabad,23-07-2021,33,18.15,35.64,27.39,37.62,0.35,31.35
Hyderabad,24-07-2021,39,21.45,42.12,32.37,44.46,0.41,37.05
Hyderabad,25-07-2021,39,21.45,42.12,32.37,44.46,0.41,37.05
Hyderabad,26-07-2021,33,18.15,35.64,27.39,37.62,0.35,31.35
Hyderabad,27-07-2021,40,22,43.2,33.2,45.6,0.42,38
Hyderabad,28-07-2021,35,19.25,37.8,29.05,39.9,0.37,33.25
Hyderabad,29-07-2021,38,20.9,41.04,31.54,43.32,0.4,36.1
Hyderabad,30-07-2021,37,20.35,39.96,30.71,42.18,0.39,35.15
Hyderabad,31-07-2021,41,22.55,44.28,34.03,46.74,0.43,38.95
Hyderabad,01-08-2021,42,23.1,45.36,34.86,47.88,0.44,39.9
Hyderabad,02-08-2021,36,19.8,38.88,29.88,41.04,0.38,34.2
Hyderabad,03-08-2021,39,21.45,42.12,32.37,44.46,0.41,37.05
Hyderabad,04-08-2021,44,24.2,47.52,36.52,50.16,0.46,41.8
Hyderabad,05-08-2021,41,22.55,44.28,34.03,46.74,0.43,38.95
Hyderabad,06-08-2021,43,23.65,46.44,35.69,49.02,0.45,40.85
Hyderabad,07-08-2021,71,39.05,76.68,58.93,80.94,0.75,67.45
Hyderabad,08-08-2021,54,29.7,58.32,44.82,61.56,0.57,51.3
Hyderabad,09-08-2021,55,30.25,59.4,45.65,62.7,0.58,52.25
Hyderabad,10-08-2021,62,34.1,66.96,51.46,70.68,0.65,58.9
Hyderabad,11-08-2021,56,30.8,60.48,46.48,63.84,0.59,53.2
Hyderabad,12-08-2021,49,26.95,52.92,40.67,55.86,0.51,46.55
Hyderabad,13-08-2021,50,27.5,54,41.5,57,0.53,47.5
Hyderabad,14-08-2021,58,31.9,62.64,48.14,66.12,0.61,55.1
Hyderabad,15-08-2021,51,28.05,55.08,42.33,58.14,0.54,48.45
Hyderabad,16-08-2021,42,23.1,45.36,34.86,47.88,0.44,39.9
Hyderabad,17-08-2021,51,28.05,55.08,42.33,58.14,0.54,48.45
Hyderabad,18-08-2021,45,24.75,48.6,37.35,51.3,0.47,42.75
Hyderabad,19-08-2021,44,24.2,47.52,36.52,50.16,0.46,41.8
Hyderabad,20-08-2021,50,27.5,54,41.5,57,0.53,47.5
Hyderabad,21-08-2021,54,29.7,58.32,44.82,61.56,0.57,51.3
Hyderabad,22-08-2021,49,26.95,52.92,40.67,55.86,0.51,46.55
Hyderabad,23-08-2021,54,29.7,58.32,44.82,61.56,0.57,51.3
Hyderabad,24-08-2021,63,34.65,68.04,52.29,71.82,0.66,59.85
Hyderabad,25-08-2021,68,37.4,73.44,56.44,77.52,0.71,64.6
Hyderabad,26-08-2021,43,23.65,46.44,35.69,49.02,0.45,40.85
Hyderabad,27-08-2021,45,24.75,48.6,37.35,51.3,0.47,42.75
Hyderabad,28-08-2021,42,23.1,45.36,34.86,47.88,0.44,39.9
Hyderabad,29-08-2021,49,26.95,52.92,40.67,55.86,0.51,46.55
Hyderabad,30-08-2021,36,19.8,38.88,29.88,41.04,0.38,34.2
Hyderabad,31-08-2021,39,21.45,42.12,32.37,44.46,0.41,37.05
Hyderabad,01-09-2021,43,23.65,46.44,35.69,49.02,0.45,40.85
Hyderabad,02-09-2021,60,33,64.8,49.8,68.4,0.63,57
Hyderabad,03-09-2021,45,24.75,48.6,37.35,51.3,0.47,42.75
Hyderabad,04-09-2021,38,20.9,41.04,31.54,43.32,0.4,36.1
Hyderabad,05-09-2021,38,20.9,41.04,31.54,43.32,0.4,36.1
Hyderabad,06-09-2021,38,20.9,41.04,31.54,43.32,0.4,36.1
Hyderabad,07-09-2021,38,20.9,41.04,31.54,43.32,0.4,36.1
Hyderabad,08-09-2021,33,18.15,35.64,27.39,37.62,0.35,31.35
Hyderabad,09-09-2021,34,18.7,36.72,28.22,38.76,0.36,32.3
Hyderabad,10-09-2021,41,22.55,44.28,34.03,46.74,0.43,38.95
Hyderabad,11-09-2021,38,20.9,41.04,31.54,43.32,0.4,36.1
Hyderabad,12-09-2021,34,18.7,36.72,28.22,38.76,0.36,32.3
Hyderabad,13-09-2021,32,17.6,34.56,26.56,36.48,0.34,30.4
Hyderabad,14-09-2021,34,18.7,36.72,28.22,38.76,0.36,32.3
Hyderabad,15-09-2021,48,26.4,51.84,39.84,54.72,0.5,45.6
Hyderabad,16-09-2021,58,31.9,62.64,48.14,66.12,0.61,55.1
Hyderabad,17-09-2021,65,35.75,70.2,53.95,74.1,0.68,61.75
Hyderabad,18-09-2021,63,34.65,68.04,52.29,71.82,0.66,59.85
Hyderabad,19-09-2021,72,39.6,77.76,59.76,82.08,0.76,68.4
Hyderabad,20-09-2021,50,27.5,54,41.5,57,0.53,47.5
Hyderabad,21-09-2021,37,20.35,39.96,30.71,42.18,0.39,35.15
Hyderabad,22-09-2021,37,20.35,39.96,30.71,42.18,0.39,35.15
Hyderabad,23-09-2021,42,23.1,45.36,34.86,47.88,0.44,39.9
Hyderabad,24-09-2021,40,22,43.2,33.2,45.6,0.42,38
Hyderabad,25-09-2021,43,23.65,46.44,35.69,49.02,0.45,40.85
Hyderabad,26-09-2021,43,23.65,46.44,35.69,49.02,0.45,40.85
Hyderabad,27-09-2021,42,23.1,45.36,34.86,47.88,0.44,39.9
Hyderabad,28-09-2021,38,20.9,41.04,31.54,43.32,0.4,36.1
Hyderabad,29-09-2021,33,18.15,35.64,27.39,37.62,0.35,31.35
Hyderabad,30-09-2021,46,25.3,49.68,38.18,52.44,0.48,43.7
Hyderabad,01-10-2021,54,29.7,58.32,44.82,61.56,0.57,51.3
Hyderabad,02-10-2021,52,28.6,56.16,43.16,59.28,0.55,49.4
Hyderabad,03-10-2021,60,33,64.8,49.8,68.4,0.63,57
Hyderabad,04-10-2021,55,30.25,59.4,45.65,62.7,0.58,52.25
Hyderabad,05-10-2021,62,34.1,66.96,51.46,70.68,0.65,58.9
Hyderabad,06-10-2021,59,32.45,63.72,48.97,67.26,0.62,56.05
Hyderabad,07-10-2021,46,25.3,49.68,38.18,52.44,0.48,43.7
Hyderabad,08-10-2021,54,29.7,58.32,44.82,61.56,0.57,51.3
Hyderabad,09-10-2021,42,23.1,45.36,34.86,47.88,0.44,39.9
Hyderabad,10-10-2021,60,33,64.8,49.8,68.4,0.63,57
Hyderabad,11-10-2021,89,48.95,96.12,73.87,101.46,0.93,84.55
Hyderabad,12-10-2021,123,67.65,132.84,102.09,140.22,1.29,116.85
Hyderabad,13-10-2021,145,79.75,156.6,120.35,165.3,1.52,137.75
Hyderabad,14-10-2021,145,79.75,156.6,120.35,165.3,1.52,137.75
Hyderabad,15-10-2021,129,70.95,139.32,107.07,147.06,1.35,122.55
Hyderabad,16-10-2021,145,79.75,156.6,120.35,165.3,1.52,137.75
Hyderabad,17-10-2021,47,25.85,50.76,39.01,53.58,0.49,44.65
Hyderabad,18-10-2021,90,49.5,97.2,74.7,102.6,0.95,85.5
Hyderabad,19-10-2021,92,50.6,99.36,76.36,104.88,0.97,87.4
Hyderabad,20-10-2021,128,70.4,138.24,106.24,145.92,1.34,121.6
Hyderabad,21-10-2021,125,68.75,135,103.75,142.5,1.31,118.75
Hyderabad,22-10-2021,129,70.95,139.32,107.07,147.06,1.35,122.55
Hyderabad,23-10-2021,116,63.8,125.28,96.28,132.24,1.22,110.2
Hyderabad,24-10-2021,125,68.75,135,103.75,142.5,1.31,118.75
Hyderabad,25-10-2021,118,64.9,127.44,97.94,134.52,1.24,112.1
Hyderabad,26-10-2021,143,78.65,154.44,118.69,163.02,1.5,135.85
Hyderabad,27-10-2021,142,78.1,153.36,117.86,161.88,1.49,134.9
Hyderabad,28-10-2021,136,74.8,146.88,112.88,155.04,1.43,129.2
Hyderabad,29-10-2021,108,59.4,116.64,89.64,123.12,1.13,102.6
Hyderabad,30-10-2021,128,70.4,138.24,106.24,145.92,1.34,121.6
Hyderabad,31-10-2021,130,71.5,140.4,107.9,148.2,1.37,123.5
Hyderabad,01-11-2021,127,69.85,137.16,105.41,144.78,1.33,120.65
Hyderabad,02-11-2021,121,66.55,130.68,100.43,137.94,1.27,114.95
Hyderabad,03-11-2021,46,25.3,49.68,38.18,52.44,0.48,43.7
Hyderabad,04-11-2021,57,31.35,61.56,47.31,64.98,0.6,54.15
Hyderabad,05-11-2021,78,42.9,84.24,64.74,88.92,0.82,74.1
Hyderabad,06-11-2021,104,57.2,112.32,86.32,118.56,1.09,98.8
Hyderabad,07-11-2021,142,78.1,153.36,117.86,161.88,1.49,134.9
Hyderabad,08-11-2021,134,73.7,144.72,111.22,152.76,1.41,127.3
Hyderabad,09-11-2021,145,79.75,156.6,120.35,165.3,1.52,137.75
Hyderabad,10-11-2021,179,98.45,193.32,148.57,204.06,1.88,170.05
Hyderabad,11-11-2021,169,92.95,182.52,140.27,192.66,1.77,160.55
Hyderabad,12-11-2021,146,80.3,157.68,121.18,166.44,1.53,138.7
Hyderabad,13-11-2021,63,34.65,68.04,52.29,71.82,0.66,59.85
Hyderabad,14-11-2021,53,29.15,57.24,43.99,60.42,0.56,50.35
Hyderabad,15-11-2021,59,32.45,63.72,48.97,67.26,0.62,56.05
Hyderabad,16-11-2021,51,28.05,55.08,42.33,58.14,0.54,48.45
Hyderabad,17-11-2021,43,23.65,46.44,35.69,49.02,0.45,40.85
Hyderabad,18-11-2021,74,40.7,79.92,61.42,84.36,0.78,70.3
Hyderabad,19-11-2021,69,37.95,74.52,57.27,78.66,0.72,65.55
Hyderabad,20-11-2021,40,22,43.2,33.2,45.6,0.42,38
Hyderabad,21-11-2021,38,20.9,41.04,31.54,43.32,0.4,36.1
Hyderabad,22-11-2021,44,24.2,47.52,36.52,50.16,0.46,41.8
Hyderabad,23-11-2021,68,37.4,73.44,56.44,77.52,0.71,64.6
Hyderabad,24-11-2021,76,41.8,82.08,63.08,86.64,0.8,72.2
Hyderabad,25-11-2021,90,49.5,97.2,74.7,102.6,0.95,85.5
Hyderabad,26-11-2021,143,78.65,154.44,118.69,163.02,1.5,135.85
Hyderabad,27-11-2021,127,69.85,137.16,105.41,144.78,1.33,120.65
Hyderabad,28-11-2021,134,73.7,144.72,111.22,152.76,1.41,127.3
Hyderabad,29-11-2021,160,88,172.8,132.8,182.4,1.68,152
Hyderabad,30-11-2021,132,72.6,142.56,109.56,150.48,1.39,125.4
Hyderabad,01-12-2021,131,72.05,141.48,108.73,149.34,1.38,124.45
Hyderabad,02-12-2021,156,85.8,168.48,129.48,177.84,1.64,148.2
Hyderabad,03-12-2021,170,93.5,183.6,141.1,193.8,1.79,161.5
Hyderabad,04-12-2021,162,89.1,174.96,134.46,184.68,1.7,153.9
Hyderabad,05-12-2021,162,89.1,174.96,134.46,184.68,1.7,153.9
Hyderabad,06-12-2021,125,68.75,135,103.75,142.5,1.31,118.75
Hyderabad,07-12-2021,109,59.95,117.72,90.47,124.26,1.14,103.55
Hyderabad,08-12-2021,123,67.65,132.84,102.09,140.22,1.29,116.85
Hyderabad,09-12-2021,102,56.1,110.16,84.66,116.28,1.07,96.9
Hyderabad,10-12-2021,84,46.2,90.72,69.72,95.76,0.88,79.8
Hyderabad,11-12-2021,101,55.55,109.08,83.83,115.14,1.06,95.95
Hyderabad,12-12-2021,136,74.8,146.88,112.88,155.04,1.43,129.2
Hyderabad,13-12-2021,132,72.6,142.56,109.56,150.48,1.39,125.4
Hyderabad,14-12-2021,150,82.5,162,124.5,171,1.58,142.5
Hyderabad,15-12-2021,163,89.65,176.04,135.29,185.82,1.71,154.85
Hyderabad,16-12-2021,157,86.35,169.56,130.31,178.98,1.65,149.15
Hyderabad,17-12-2021,156,85.8,168.48,129.48,177.84,1.64,148.2
Hyderabad,18-12-2021,150,82.5,162,124.5,171,1.58,142.5
Hyderabad,19-12-2021,164,90.2,177.12,136.12,186.96,1.72,155.8
Hyderabad,20-12-2021,170,93.5,183.6,141.1,193.8,1.79,161.5
Hyderabad,21-12-2021,158,86.9,170.64,131.14,180.12,1.66,150.1
Hyderabad,22-12-2021,143,78.65,154.44,118.69,163.02,1.5,135.85
Hyderabad,23-12-2021,172,94.6,185.76,142.76,196.08,1.81,163.4
Hyderabad,24-12-2021,168,92.4,181.44,139.44,191.52,1.76,159.6
Hyderabad,25-12-2021,160,88,172.8,132.8,182.4,1.68,152
Hyderabad,26-12-2021,174,95.7,187.92,144.42,198.36,1.83,165.3
Hyderabad,27-12-2021,147,80.85,158.76,122.01,167.58,1.54,139.65
Hyderabad,28-12-2021,119,65.45,128.52,98.77,135.66,1.25,113.05
Hyderabad,29-12-2021,94,51.7,101.52,78.02,107.16,0.99,89.3
Hyderabad,30-12-2021,92,50.6,99.36,76.36,104.88,0.97,87.4
Hyderabad,31-12-2021,117,64.35,126.36,97.11,133.38,1.23,111.15
Hyderabad,01-01-2022,126,69.3,136.08,104.58,143.64,1.32,119.7
Hyderabad,02-01-2022,143,78.65,154.44,118.69,163.02,1.5,135.85
Hyderabad,03-01-2022,136,74.8,146.88,112.88,155.04,1.43,129.2
Hyderabad,04-01-2022,145,79.75,156.6,120.35,165.3,1.52,137.75
Hyderabad,05-01-2022,151,83.05,163.08,125.33,172.14,1.59,143.45
Hyderabad,06-01-2022,119,65.45,128.52,98.77,135.66,1.25,113.05
Hyderabad,07-01-2022,84,46.2,90.72,69.72,95.76,0.88,79.8
Hyderabad,08-01-2022,65,35.75,70.2,53.95,74.1,0.68,61.75
Hyderabad,09-01-2022,72,39.6,77.76,59.76,82.08,0.76,68.4
Hyderabad,10-01-2022,73,40.15,78.84,60.59,83.22,0.77,69.35
Hyderabad,11-01-2022,64,35.2,69.12,53.12,72.96,0.67,60.8
Hyderabad,12-01-2022,79,43.45,85.32,65.57,90.06,0.83,75.05
Hyderabad,13-01-2022,66,36.3,71.28,54.78,75.24,0.69,62.7
Hyderabad,14-01-2022,57,31.35,61.56,47.31,64.98,0.6,54.15
Hyderabad,15-01-2022,78,42.9,84.24,64.74,88.92,0.82,74.1
Hyderabad,16-01-2022,82,45.1,88.56,68.06,93.48,0.86,77.9
Hyderabad,17-01-2022,75,41.25,81,62.25,85.5,0.79,71.25
Hyderabad,18-01-2022,103,56.65,111.24,85.49,117.42,1.08,97.85
Hyderabad,19-01-2022,146,80.3,157.68,121.18,166.44,1.53,138.7
Hyderabad,20-01-2022,130,71.5,140.4,107.9,148.2,1.37,123.5
Hyderabad,21-01-2022,127,69.85,137.16,105.41,144.78,1.33,120.65
Hyderabad,22-01-2022,114,62.7,123.12,94.62,129.96,1.2,108.3
Hyderabad,23-01-2022,93,51.15,100.44,77.19,106.02,0.98,88.35
Hyderabad,24-01-2022,106,58.3,114.48,87.98,120.84,1.11,100.7
Hyderabad,25-01-2022,193,106.15,208.44,160.19,220.02,2.03,183.35
Hyderabad,26-01-2022,178,97.9,192.24,147.74,202.92,1.87,169.1
Hyderabad,27-01-2022,161,88.55,173.88,133.63,183.54,1.69,152.95
Hyderabad,28-01-2022,130,71.5,140.4,107.9,148.2,1.37,123.5
Hyderabad,29-01-2022,108,59.4,116.64,89.64,123.12,1.13,102.6
Hyderabad,30-01-2022,148,81.4,159.84,122.84,168.72,1.55,140.6
Hyderabad,31-01-2022,158,86.9,170.64,131.14,180.12,1.66,150.1
Hyderabad,01-02-2022,173,95.15,186.84,143.59,197.22,1.82,164.35
Hyderabad,02-02-2022,162,89.1,174.96,134.46,184.68,1.7,153.9
Hyderabad,03-02-2022,110,60.5,118.8,91.3,125.4,1.16,104.5
Hyderabad,04-02-2022,118,64.9,127.44,97.94,134.52,1.24,112.1
Hyderabad,05-02-2022,152,83.6,164.16,126.16,173.28,1.6,144.4
Hyderabad,06-02-2022,138,75.9,149.04,114.54,157.32,1.45,131.1
Hyderabad,07-02-2022,124,68.2,133.92,102.92,141.36,1.3,117.8
Hyderabad,08-02-2022,128,70.4,138.24,106.24,145.92,1.34,121.6
Hyderabad,09-02-2022,108,59.4,116.64,89.64,123.12,1.13,102.6
Hyderabad,10-02-2022,108,59.4,116.64,89.64,123.12,1.13,102.6
Hyderabad,11-02-2022,142,78.1,153.36,117.86,161.88,1.49,134.9
Hyderabad,12-02-2022,131,72.05,141.48,108.73,149.34,1.38,124.45
Hyderabad,13-02-2022,133,73.15,143.64,110.39,151.62,1.4,126.35
Hyderabad,14-02-2022,129,70.95,139.32,107.07,147.06,1.35,122.55
Hyderabad,15-02-2022,120,66,129.6,99.6,136.8,1.26,114
Hyderabad,16-02-2022,107,58.85,115.56,88.81,121.98,1.12,101.65
Hyderabad,17-02-2022,104,57.2,112.32,86.32,118.56,1.09,98.8
Hyderabad,18-02-2022,98,53.9,105.84,81.34,111.72,1.03,93.1
Hyderabad,19-02-2022,121,66.55,130.68,100.43,137.94,1.27,114.95
Hyderabad,20-02-2022,104,57.2,112.32,86.32,118.56,1.09,98.8
Hyderabad,21-02-2022,135,74.25,145.8,112.05,153.9,1.42,128.25
Hyderabad,22-02-2022,131,72.05,141.48,108.73,149.34,1.38,124.45
Hyderabad,23-02-2022,106,58.3,114.48,87.98,120.84,1.11,100.7
Hyderabad,24-02-2022,92,50.6,99.36,76.36,104.88,0.97,87.4
Hyderabad,25-02-2022,86,47.3,92.88,71.38,98.04,0.9,81.7
Hyderabad,26-02-2022,84,46.2,90.72,69.72,95.76,0.88,79.8
Hyderabad,27-02-2022,83,45.65,89.64,68.89,94.62,0.87,78.85
Hyderabad,28-02-2022,67,36.85,72.36,55.61,76.38,0.7,63.65
Hyderabad,01-03-2022,73,40.15,78.84,60.59,83.22,0.77,69.35
Hyderabad,02-03-2022,76,41.8,82.08,63.08,86.64,0.8,72.2
Hyderabad,03-03-2022,93,51.15,100.44,77.19,106.02,0.98,88.35
Hyderabad,04-03-2022,86,47.3,92.88,71.38,98.04,0.9,81.7
Hyderabad,05-03-2022,94,51.7,101.52,78.02,107.16,0.99,89.3
Hyderabad,06-03-2022,96,52.8,103.68,79.68,109.44,1.01,91.2
Hyderabad,07-03-2022,83,45.65,89.64,68.89,94.62,0.87,78.85
Hyderabad,08-03-2022,99,54.45,106.92,82.17,112.86,1.04,94.05
Hyderabad,09-03-2022,130,71.5,140.4,107.9,148.2,1.37,123.5
Hyderabad,10-03-2022,144,79.2,155.52,119.52,164.16,1.51,136.8
Hyderabad,11-03-2022,140,77,151.2,116.2,159.6,1.47,133
Hyderabad,12-03-2022,132,72.6,142.56,109.56,150.48,1.39,125.4
Hyderabad,13-03-2022,159,87.45,171.72,131.97,181.26,1.67,151.05
Hyderabad,14-03-2022,133,73.15,143.64,110.39,151.62,1.4,126.35
Hyderabad,15-03-2022,138,75.9,149.04,114.54,157.32,1.45,131.1
Hyderabad,16-03-2022,138,75.9,149.04,114.54,157.32,1.45,131.1
Hyderabad,17-03-2022,144,79.2,155.52,119.52,164.16,1.51,136.8
Hyderabad,18-03-2022,136,74.8,146.88,112.88,155.04,1.43,129.2
Hyderabad,19-03-2022,112,61.6,120.96,92.96,127.68,1.18,106.4
Hyderabad,20-03-2022,106,58.3,114.48,87.98,120.84,1.11,100.7
Hyderabad,21-03-2022,137,75.35,147.96,113.71,156.18,1.44,130.15
Hyderabad,22-03-2022,135,74.25,145.8,112.05,153.9,1.42,128.25
Hyderabad,23-03-2022,139,76.45,150.12,115.37,158.46,1.46,132.05
Hyderabad,24-03-2022,132,72.6,142.56,109.56,150.48,1.39,125.4
Hyderabad,25-03-2022,127,69.85,137.16,105.41,144.78,1.33,120.65
Hyderabad,26-03-2022,113,62.15,122.04,93.79,128.82,1.19,107.35
Hyderabad,27-03-2022,114,62.7,123.12,94.62,129.96,1.2,108.3
Hyderabad,28-03-2022,124,68.2,133.92,102.92,141.36,1.3,117.8
Hyderabad,29-03-2022,133,73.15,143.64,110.39,151.62,1.4,126.35
Hyderabad,30-03-2022,141,77.55,152.28,117.03,160.74,1.48,133.95
Hyderabad,31-03-2022,138,75.9,149.04,114.54,157.32,1.45,131.1
Hyderabad,01-04-2022,137,75.35,147.96,113.71,156.18,1.44,130.15
Hyderabad,02-04-2022,105,57.75,113.4,87.15,119.7,1.1,99.75
Hyderabad,03-04-2022,120,66,129.6,99.6,136.8,1.26,114
Hyderabad,04-04-2022,96,52.8,103.68,79.68,109.44,1.01,91.2
Hyderabad,05-04-2022,92,50.6,99.36,76.36,104.88,0.97,87.4
Hyderabad,06-04-2022,97,53.35,104.76,80.51,110.58,1.02,92.15
Hyderabad,07-04-2022,108,59.4,116.64,89.64,123.12,1.13,102.6
Hyderabad,08-04-2022,104,57.2,112.32,86.32,118.56,1.09,98.8
Hyderabad,09-04-2022,84,46.2,90.72,69.72,95.76,0.88,79.8
Hyderabad,10-04-2022,111,61.05,119.88,92.13,126.54,1.17,105.45
Hyderabad,11-04-2022,78,42.9,84.24,64.74,88.92,0.82,74.1
Hyderabad,12-04-2022,116,63.8,125.28,96.28,132.24,1.22,110.2
Hyderabad,13-04-2022,87,47.85,93.96,72.21,99.18,0.91,82.65
Hyderabad,14-04-2022,75,41.25,81,62.25,85.5,0.79,71.25
Hyderabad,15-04-2022,96,52.8,103.68,79.68,109.44,1.01,91.2
Hyderabad,16-04-2022,103,56.65,111.24,85.49,117.42,1.08,97.85
Hyderabad,17-04-2022,104,57.2,112.32,86.32,118.56,1.09,98.8
Hyderabad,18-04-2022,104,57.2,112.32,86.32,118.56,1.09,98.8
Hyderabad,19-04-2022,115,63.25,124.2,95.45,131.1,1.21,109.25
Hyderabad,20-04-2022,93,51.15,100.44,77.19,106.02,0.98,88.35
Hyderabad,21-04-2022,115,63.25,124.2,95.45,131.1,1.21,109.25
Hyderabad,22-04-2022,95,52.25,102.6,78.85,108.3,1,90.25
Hyderabad,23-04-2022,78,42.9,84.24,64.74,88.92,0.82,74.1
Hyderabad,24-04-2022,93,51.15,100.44,77.19,106.02,0.98,88.35
Hyderabad,25-04-2022,123,67.65,132.84,102.09,140.22,1.29,116.85
Hyderabad,26-04-2022,93,51.15,100.44,77.19,106.02,0.98,88.35
Hyderabad,27-04-2022,110,60.5,118.8,91.3,125.4,1.16,104.5
Hyderabad,28-04-2022,110,60.5,118.8,91.3,125.4,1.16,104.5
Hyderabad,29-04-2022,93,51.15,100.44,77.19,106.02,0.98,88.35
Hyderabad,30-04-2022,116,63.8,125.28,96.28,132.24,1.22,110.2
Hyderabad,01-05-2022,127,69.85,137.16,105.41,144.78,1.33,120.65
Hyderabad,02-05-2022,101,55.55,109.08,83.83,115.14,1.06,95.95
Hyderabad,03-05-2022,133,73.15,143.64,110.39,151.62,1.4,126.35
Hyderabad,04-05-2022,93,51.15,100.44,77.19,106.02,0.98,88.35
Hyderabad,05-05-2022,91,50.05,98.28,75.53,103.74,0.96,86.45
Hyderabad,06-05-2022,110,60.5,118.8,91.3,125.4,1.16,104.5
Hyderabad,07-05-2022,109,59.95,117.72,90.47,124.26,1.14,103.55
Hyderabad,08-05-2022,117,64.35,126.36,97.11,133.38,1.23,111.15
Hyderabad,09-05-2022,136,74.8,146.88,112.88,155.04,1.43,129.2
Hyderabad,10-05-2022,143,78.65,154.44,118.69,163.02,1.5,135.85
Hyderabad,11-05-2022,86,47.3,92.88,71.38,98.04,0.9,81.7
Hyderabad,12-05-2022,72,39.6,77.76,59.76,82.08,0.76,68.4
Hyderabad,13-05-2022,71,39.05,76.68,58.93,80.94,0.75,67.45
Hyderabad,14-05-2022,100,55,108,83,114,1.05,95
Hyderabad,15-05-2022,94,51.7,101.52,78.02,107.16,0.99,89.3
Hyderabad,16-05-2022,82,45.1,88.56,68.06,93.48,0.86,77.9
Hyderabad,17-05-2022,82,45.1,88.56,68.06,93.48,0.86,77.9
Hyderabad,18-05-2022,88,48.4,95.04,73.04,100.32,0.92,83.6
Hyderabad,19-05-2022,70,38.5,75.6,58.1,79.8,0.74,66.5
Hyderabad,20-05-2022,62,34.1,66.96,51.46,70.68,0.65,58.9
Hyderabad,21-05-2022,69,37.95,74.52,57.27,78.66,0.72,65.55
Hyderabad,22-05-2022,108,59.4,116.64,89.64,123.12,1.13,102.6
Hyderabad,23-05-2022,83,45.65,89.64,68.89,94.62,0.87,78.85
Hyderabad,24-05-2022,83,45.65,89.64,68.89,94.62,0.87,78.85
Hyderabad,25-05-2022,107,58.85,115.56,88.81,121.98,1.12,101.65
Hyderabad,26-05-2022,111,61.05,119.88,92.13,126.54,1.17,105.45
Hyderabad,27-05-2022,109,59.95,117.72,90.47,124.26,1.14,103.55
Hyderabad,28-05-2022,110,60.5,118.8,91.3,125.4,1.16,104.5
Hyderabad,29-05-2022,122,67.1,131.76,101.26,139.08,1.28,115.9
Hyderabad,30-05-2022,121,66.55,130.68,100.43,137.94,1.27,114.95
Hyderabad,31-05-2022,115,63.25,124.2,95.45,131.1,1.21,109.25
Hyderabad,01-06-2022,100,55,108,83,114,1.05,95
Hyderabad,02-06-2022,119,65.45,128.52,98.77,135.66,1.25,113.05
Hyderabad,03-06-2022,96,52.8,103.68,79.68,109.44,1.01,91.2
Hyderabad,04-06-2022,117,64.35,126.36,97.11,133.38,1.23,111.15
Hyderabad,05-06-2022,128,70.4,138.24,106.24,145.92,1.34,121.6
Hyderabad,06-06-2022,94,51.7,101.52,78.02,107.16,0.99,89.3
Hyderabad,07-06-2022,90,49.5,97.2,74.7,102.6,0.95,85.5
Hyderabad,08-06-2022,88,48.4,95.04,73.04,100.32,0.92,83.6
Hyderabad,09-06-2022,86,47.3,92.88,71.38,98.04,0.9,81.7
Hyderabad,10-06-2022,68,37.4,73.44,56.44,77.52,0.71,64.6
Hyderabad,11-06-2022,63,34.65,68.04,52.29,71.82,0.66,59.85
Hyderabad,12-06-2022,60,33,64.8,49.8,68.4,0.63,57
Hyderabad,13-06-2022,62,34.1,66.96,51.46,70.68,0.65,58.9
Hyderabad,14-06-2022,68,37.4,73.44,56.44,77.52,0.71,64.6
Hyderabad,15-06-2022,74,40.7,79.92,61.42,84.36,0.78,70.3
Hyderabad,16-06-2022,74,40.7,79.92,61.42,84.36,0.78,70.3
Hyderabad,17-06-2022,85,46.75,91.8,70.55,96.9,0.89,80.75
Hyderabad,18-06-2022,82,45.1,88.56,68.06,93.48,0.86,77.9
Hyderabad,19-06-2022,68,37.4,73.44,56.44,77.52,0.71,64.6
Hyderabad,20-06-2022,79,43.45,85.32,65.57,90.06,0.83,75.05
Hyderabad,21-06-2022,57,31.35,61.56,47.31,64.98,0.6,54.15
Hyderabad,22-06-2022,53,29.15,57.24,43.99,60.42,0.56,50.35
Hyderabad,23-06-2022,59,32.45,63.72,48.97,67.26,0.62,56.05
Hyderabad,24-06-2022,53,29.15,57.24,43.99,60.42,0.56,50.35
Hyderabad,25-06-2022,52,28.6,56.16,43.16,59.28,0.55,49.4
Hyderabad,26-06-2022,49,26.95,52.92,40.67,55.86,0.51,46.55
Hyderabad,27-06-2022,48,26.4,51.84,39.84,54.72,0.5,45.6
Hyderabad,28-06-2022,54,29.7,58.32,44.82,61.56,0.57,51.3
Hyderabad,29-06-2022,53,29.15,57.24,43.99,60.42,0.56,50.35
Hyderabad,30-06-2022,57,31.35,61.56,47.31,64.98,0.6,54.15
Hyderabad,01-07-2022,54,29.7,58.32,44.82,61.56,0.57,51.3
Hyderabad,02-07-2022,56,30.8,60.48,46.48,63.84,0.59,53.2
Hyderabad,03-07-2022,57,31.35,61.56,47.31,64.98,0.6,54.15
Hyderabad,04-07-2022,53,29.15,57.24,43.99,60.42,0.56,50.35
Hyderabad,05-07-2022,51,28.05,55.08,42.33,58.14,0.54,48.45
Hyderabad,06-07-2022,45,24.75,48.6,37.35,51.3,0.47,42.75
Hyderabad,07-07-2022,49,26.95,52.92,40.67,55.86,0.51,46.55
Hyderabad,08-07-2022,45,24.75,48.6,37.35,51.3,0.47,42.75
Hyderabad,09-07-2022,43,23.65,46.44,35.69,49.02,0.45,40.85
Hyderabad,10-07-2022,41,22.55,44.28,34.03,46.74,0.43,38.95
Hyderabad,11-07-2022,52,28.6,56.16,43.16,59.28,0.55,49.4
Hyderabad,12-07-2022,59,32.45,63.72,48.97,67.26,0.62,56.05
Hyderabad,13-07-2022,57,31.35,61.56,47.31,64.98,0.6,54.15
Hyderabad,14-07-2022,45,24.75,48.6,37.35,51.3,0.47,42.75
Hyderabad,15-07-2022,46,25.3,49.68,38.18,52.44,0.48,43.7
Hyderabad,16-07-2022,48,26.4,51.84,39.84,54.72,0.5,45.6
Hyderabad,17-07-2022,48,26.4,51.84,39.84,54.72,0.5,45.6
Hyderabad,18-07-2022,48,26.4,51.84,39.84,54.72,0.5,45.6
Hyderabad,19-07-2022,56,30.8,60.48,46.48,63.84,0.59,53.2
Hyderabad,20-07-2022,53,29.15,57.24,43.99,60.42,0.56,50.35
Hyderabad,21-07-2022,58,31.9,62.64,48.14,66.12,0.61,55.1
Hyderabad,22-07-2022,59,32.45,63.72,48.97,67.26,0.62,56.05
Hyderabad,23-07-2022,44,24.2,47.52,36.52,50.16,0.46,41.8
Hyderabad,24-07-2022,48,26.4,51.84,39.84,54.72,0.5,45.6
Hyderabad,25-07-2022,43,23.65,46.44,35.69,49.02,0.45,40.85
Hyderabad,26-07-2022,44,24.2,47.52,36.52,50.16,0.46,41.8
Hyderabad,27-07-2022,48,26.4,51.84,39.84,54.72,0.5,45.6
Hyderabad,28-07-2022,61,33.55,65.88,50.63,69.54,0.64,57.95
Hyderabad,29-07-2022,75,41.25,81,62.25,85.5,0.79,71.25
Hyderabad,30-07-2022,58,31.9,62.64,48.14,66.12,0.61,55.1
Hyderabad,31-07-2022,50,27.5,54,41.5,57,0.53,47.5
Hyderabad,01-08-2022,57,31.35,61.56,47.31,64.98,0.6,54.15
Hyderabad,02-08-2022,59,32.45,63.72,48.97,67.26,0.62,56.05
Hyderabad,03-08-2022,61,33.55,65.88,50.63,69.54,0.64,57.95
Hyderabad,04-08-2022,53,29.15,57.24,43.99,60.42,0.56,50.35
Hyderabad,05-08-2022,52,28.6,56.16,43.16,59.28,0.55,49.4
Hyderabad,06-08-2022,46,25.3,49.68,38.18,52.44,0.48,43.7
Hyderabad,07-08-2022,52,28.6,56.16,43.16,59.28,0.55,49.4
Hyderabad,08-08-2022,42,23.1,45.36,34.86,47.88,0.44,39.9
Hyderabad,09-08-2022,38,20.9,41.04,31.54,43.32,0.4,36.1
Hyderabad,10-08-2022,48,26.4,51.84,39.84,54.72,0.5,45.6
Hyderabad,11-08-2022,54,29.7,58.32,44.82,61.56,0.57,51.3
Hyderabad,12-08-2022,42,23.1,45.36,34.86,47.88,0.44,39.9
Hyderabad,13-08-2022,46,25.3,49.68,38.18,52.44,0.48,43.7
Hyderabad,14-08-2022,50,27.5,54,41.5,57,0.53,47.5
Hyderabad,15-08-2022,54,29.7,58.32,44.82,61.56,0.57,51.3
Hyderabad,16-08-2022,46,25.3,49.68,38.18,52.44,0.48,43.7
Hyderabad,17-08-2022,46,25.3,49.68,38.18,52.44,0.48,43.7
Hyderabad,18-08-2022,54,29.7,58.32,44.82,61.56,0.57,51.3
Hyderabad,19-08-2022,57,31.35,61.56,47.31,64.98,0.6,54.15
Hyderabad,20-08-2022,54,29.7,58.32,44.82,61.56,0.57,51.3
Hyderabad,21-08-2022,44,24.2,47.52,36.52,50.16,0.46,41.8
Hyderabad,22-08-2022,54,29.7,58.32,44.82,61.56,0.57,51.3
Hyderabad,23-08-2022,51,28.05,55.08,42.33,58.14,0.54,48.45
Hyderabad,24-08-2022,52,28.6,56.16,43.16,59.28,0.55,49.4
Hyderabad,25-08-2022,48,26.4,51.84,39.84,54.72,0.5,45.6
Hyderabad,26-08-2022,60,33,64.8,49.8,68.4,0.63,57
Hyderabad,27-08-2022,66,36.3,71.28,54.78,75.24,0.69,62.7
Hyderabad,28-08-2022,63,34.65,68.04,52.29,71.82,0.66,59.85
Hyderabad,29-08-2022,84,46.2,90.72,69.72,95.76,0.88,79.8
Hyderabad,30-08-2022,62,34.1,66.96,51.46,70.68,0.65,58.9
Hyderabad,31-08-2022,60,33,64.8,49.8,68.4,0.63,57
Hyderabad,01-09-2022,50,27.5,54,41.5,57,0.53,47.5
Hyderabad,02-09-2022,48,26.4,51.84,39.84,54.72,0.5,45.6
Hyderabad,03-09-2022,48,26.4,51.84,39.84,54.72,0.5,45.6
Hyderabad,04-09-2022,54,29.7,58.32,44.82,61.56,0.57,51.3
Hyderabad,05-09-2022,51,28.05,55.08,42.33,58.14,0.54,48.45
Hyderabad,06-09-2022,63,34.65,68.04,52.29,71.82,0.66,59.85
Hyderabad,07-09-2022,59,32.45,63.72,48.97,67.26,0.62,56.05
Hyderabad,08-09-2022,53,29.15,57.24,43.99,60.42,0.56,50.35
Hyderabad,09-09-2022,47,25.85,50.76,39.01,53.58,0.49,44.65
Hyderabad,10-09-2022,42,23.1,45.36,34.86,47.88,0.44,39.9
Hyderabad,11-09-2022,44,24.2,47.52,36.52,50.16,0.46,41.8
Hyderabad,12-09-2022,43,23.65,46.44,35.69,49.02,0.45,40.85
Hyderabad,13-09-2022,45,24.75,48.6,37.35,51.3,0.47,42.75
Hyderabad,14-09-2022,45,24.75,48.6,37.35,51.3,0.47,42.75
Hyderabad,15-09-2022,46,25.3,49.68,38.18,52.44,0.48,43.7
Hyderabad,16-09-2022,47,25.85,50.76,39.01,53.58,0.49,44.65
Hyderabad,17-09-2022,42,23.1,45.36,34.86,47.88,0.44,39.9
Hyderabad,18-09-2022,49,26.95,52.92,40.67,55.86,0.51,46.55
Hyderabad,19-09-2022,50,27.5,54,41.5,57,0.53,47.5
Hyderabad,20-09-2022,51,28.05,55.08,42.33,58.14,0.54,48.45
Hyderabad,21-09-2022,65,35.75,70.2,53.95,74.1,0.68,61.75
Hyderabad,22-09-2022,69,37.95,74.52,57.27,78.66,0.72,65.55
Hyderabad,23-09-2022,62,34.1,66.96,51.46,70.68,0.65,58.9
Hyderabad,24-09-2022,59,32.45,63.72,48.97,67.26,0.62,56.05
Hyderabad,25-09-2022,64,35.2,69.12,53.12,72.96,0.67,60.8
Hyderabad,26-09-2022,72,39.6,77.76,59.76,82.08,0.76,68.4
Hyderabad,27-09-2022,59,32.45,63.72,48.97,67.26,0.62,56.05
Hyderabad,28-09-2022,73,40.15,78.84,60.59,83.22,0.77,69.35
Hyderabad,29-09-2022,68,37.4,73.44,56.44,77.52,0.71,64.6
Hyderabad,30-09-2022,70,38.5,75.6,58.1,79.8,0.74,66.5
Hyderabad,01-10-2022,71,39.05,76.68,58.93,80.94,0.75,67.45
Hyderabad,02-10-2022,60,33,64.8,49.8,68.4,0.63,57
Hyderabad,03-10-2022,62,34.1,66.96,51.46,70.68,0.65,58.9
Hyderabad,04-10-2022,68,37.4,73.44,56.44,77.52,0.71,64.6
Hyderabad,05-10-2022,74,40.7,79.92,61.42,84.36,0.78,70.3
Hyderabad,06-10-2022,55,30.25,59.4,45.65,62.7,0.58,52.25
Hyderabad,07-10-2022,48,26.4,51.84,39.84,54.72,0.5,45.6
Hyderabad,08-10-2022,53,29.15,57.24,43.99,60.42,0.56,50.35
Hyderabad,09-10-2022,51,28.05,55.08,42.33,58.14,0.54,48.45
Hyderabad,10-10-2022,43,23.65,46.44,35.69,49.02,0.45,40.85
Hyderabad,11-10-2022,44,24.2,47.52,36.52,50.16,0.46,41.8
Hyderabad,12-10-2022,49,26.95,52.92,40.67,55.86,0.51,46.55
Hyderabad,13-10-2022,54,29.7,58.32,44.82,61.56,0.57,51.3
Hyderabad,14-10-2022,59,32.45,63.72,48.97,67.26,0.62,56.05
Hyderabad,15-10-2022,53,29.15,57.24,43.99,60.42,0.56,50.35
Hyderabad,16-10-2022,47,25.85,50.76,39.01,53.58,0.49,44.65
Hyderabad,17-10-2022,46,25.3,49.68,38.18,52.44,0.48,43.7
Hyderabad,18-10-2022,57,31.35,61.56,47.31,64.98,0.6,54.15
Hyderabad,19-10-2022,68,37.4,73.44,56.44,77.52,0.71,64.6
Hyderabad,20-10-2022,61,33.55,65.88,50.63,69.54,0.64,57.95
Hyderabad,21-10-2022,75,41.25,81,62.25,85.5,0.79,71.25
Hyderabad,22-10-2022,78,42.9,84.24,64.74,88.92,0.82,74.1
Hyderabad,23-10-2022,89,48.95,96.12,73.87,101.46,0.93,84.55
Hyderabad,24-10-2022,81,44.55,87.48,67.23,92.34,0.85,76.95
Hyderabad,25-10-2022,160,88,172.8,132.8,182.4,1.68,152
Hyderabad,26-10-2022,94,51.7,101.52,78.02,107.16,0.99,89.3
Hyderabad,27-10-2022,94,51.7,101.52,78.02,107.16,0.99,89.3
Hyderabad,28-10-2022,83,45.65,89.64,68.89,94.62,0.87,78.85
Hyderabad,29-10-2022,69,37.95,74.52,57.27,78.66,0.72,65.55
Hyderabad,30-10-2022,78,42.9,84.24,64.74,88.92,0.82,74.1
Hyderabad,31-10-2022,85,46.75,91.8,70.55,96.9,0.89,80.75
Hyderabad,01-11-2022,103,56.65,111.24,85.49,117.42,1.08,97.85
Hyderabad,02-11-2022,95,52.25,102.6,78.85,108.3,1,90.25
Hyderabad,03-11-2022,94,51.7,101.52,78.02,107.16,0.99,89.3
Hyderabad,04-11-2022,91,50.05,98.28,75.53,103.74,0.96,86.45
Hyderabad,05-11-2022,92,50.6,99.36,76.36,104.88,0.97,87.4
Hyderabad,06-11-2022,91,50.05,98.28,75.53,103.74,0.96,86.45
Hyderabad,07-11-2022,100,55,108,83,114,1.05,95
Hyderabad,08-11-2022,93,51.15,100.44,77.19,106.02,0.98,88.35
Hyderabad,09-11-2022,90,49.5,97.2,74.7,102.6,0.95,85.5
Hyderabad,10-11-2022,86,47.3,92.88,71.38,98.04,0.9,81.7
Hyderabad,11-11-2022,102,56.1,110.16,84.66,116.28,1.07,96.9
Hyderabad,12-11-2022,83,45.65,89.64,68.89,94.62,0.87,78.85
Hyderabad,13-11-2022,82,45.1,88.56,68.06,93.48,0.86,77.9
Hyderabad,14-11-2022,85,46.75,91.8,70.55,96.9,0.89,80.75
Hyderabad,15-11-2022,87,47.85,93.96,72.21,99.18,0.91,82.65
Hyderabad,16-11-2022,106,58.3,114.48,87.98,120.84,1.11,100.7
Hyderabad,17-11-2022,107,58.85,115.56,88.81,121.98,1.12,101.65
Hyderabad,18-11-2022,104,57.2,112.32,86.32,118.56,1.09,98.8
Hyderabad,19-11-2022,118,64.9,127.44,97.94,134.52,1.24,112.1
Hyderabad,20-11-2022,130,71.5,140.4,107.9,148.2,1.37,123.5
Hyderabad,21-11-2022,111,61.05,119.88,92.13,126.54,1.17,105.45
Hyderabad,22-11-2022,143,78.65,154.44,118.69,163.02,1.5,135.85
Hyderabad,23-11-2022,103,56.65,111.24,85.49,117.42,1.08,97.85
Hyderabad,24-11-2022,112,61.6,120.96,92.96,127.68,1.18,106.4
Hyderabad,25-11-2022,99,54.45,106.92,82.17,112.86,1.04,94.05
Hyderabad,26-11-2022,119,65.45,128.52,98.77,135.66,1.25,113.05
Hyderabad,27-11-2022,119,65.45,128.52,98.77,135.66,1.25,113.05
Hyderabad,28-11-2022,113,62.15,122.04,93.79,128.82,1.19,107.35
Hyderabad,29-11-2022,105,57.75,113.4,87.15,119.7,1.1,99.75
Hyderabad,30-11-2022,117,64.35,126.36,97.11,133.38,1.23,111.15
Hyderabad,01-12-2022,123,67.65,132.84,102.09,140.22,1.29,116.85
Hyderabad,02-12-2022,119,65.45,128.52,98.77,135.66,1.25,113.05
Hyderabad,03-12-2022,96,52.8,103.68,79.68,109.44,1.01,91.2
Hyderabad,04-12-2022,98,53.9,105.84,81.34,111.72,1.03,93.1
Hyderabad,05-12-2022,124,68.2,133.92,102.92,141.36,1.3,117.8
Hyderabad,06-12-2022,113,62.15,122.04,93.79,128.82,1.19,107.35
Hyderabad,07-12-2022,117,64.35,126.36,97.11,133.38,1.23,111.15
Hyderabad,08-12-2022,111,61.05,119.88,92.13,126.54,1.17,105.45
Hyderabad,09-12-2022,107,58.85,115.56,88.81,121.98,1.12,101.65
Hyderabad,10-12-2022,98,53.9,105.84,81.34,111.72,1.03,93.1
Hyderabad,11-12-2022,81,44.55,87.48,67.23,92.34,0.85,76.95
Hyderabad,12-12-2022,55,30.25,59.4,45.65,62.7,0.58,52.25
Hyderabad,13-12-2022,58,31.9,62.64,48.14,66.12,0.61,55.1
Hyderabad,14-12-2022,58,31.9,62.64,48.14,66.12,0.61,55.1
Hyderabad,15-12-2022,88,48.4,95.04,73.04,100.32,0.92,83.6
Hyderabad,16-12-2022,96,52.8,103.68,79.68,109.44,1.01,91.2
Hyderabad,17-12-2022,111,61.05,119.88,92.13,126.54,1.17,105.45
Hyderabad,18-12-2022,101,55.55,109.08,83.83,115.14,1.06,95.95
Hyderabad,19-12-2022,108,59.4,116.64,89.64,123.12,1.13,102.6
Hyderabad,20-12-2022,121,66.55,130.68,100.43,137.94,1.27,114.95
Hyderabad,21-12-2022,113,62.15,122.04,93.79,128.82,1.19,107.35
Hyderabad,22-12-2022,120,66,129.6,99.6,136.8,1.26,114
Hyderabad,23-12-2022,106,58.3,114.48,87.98,120.84,1.11,100.7
Hyderabad,24-12-2022,119,65.45,128.52,98.77,135.66,1.25,113.05
Hyderabad,25-12-2022,88,48.4,95.04,73.04,100.32,0.92,83.6
Hyderabad,26-12-2022,68,37.4,73.44,56.44,77.52,0.71,64.6
Hyderabad,27-12-2022,64,35.2,69.12,53.12,72.96,0.67,60.8
Hyderabad,28-12-2022,66,36.3,71.28,54.78,75.24,0.69,62.7
Hyderabad,29-12-2022,89,48.95,96.12,73.87,101.46,0.93,84.55
Hyderabad,30-12-2022,104,57.2,112.32,86.32,118.56,1.09,98.8
Hyderabad,31-12-2022,109,59.95,117.72,90.47,124.26,1.14,103.55
Hyderabad,01-01-2023,97,53.35,104.76,80.51,110.58,1.02,92.15
Hyderabad,02-01-2023,88,48.4,95.04,73.04,100.32,0.92,83.6
Hyderabad,03-01-2023,95,52.25,102.6,78.85,108.3,1,90.25
Hyderabad,04-01-2023,87,47.85,93.96,72.21,99.18,0.91,82.65
Hyderabad,05-01-2023,102,56.1,110.16,84.66,116.28,1.07,96.9
Hyderabad,06-01-2023,134,73.7,144.72,111.22,152.76,1.41,127.3
Hyderabad,07-01-2023,128,70.4,138.24,106.24,145.92,1.34,121.6
Hyderabad,08-01-2023,117,64.35,126.36,97.11,133.38,1.23,111.15
Hyderabad,09-01-2023,103,56.65,111.24,85.49,117.42,1.08,97.85
Hyderabad,10-01-2023,112,61.6,120.96,92.96,127.68,1.18,106.4
Hyderabad,11-01-2023,130,71.5,140.4,107.9,148.2,1.37,123.5
Hyderabad,12-01-2023,114,62.7,123.12,94.62,129.96,1.2,108.3
Hyderabad,13-01-2023,112,61.6,120.96,92.96,127.68,1.18,106.4
Hyderabad,14-01-2023,94,51.7,101.52,78.02,107.16,0.99,89.3
Hyderabad,15-01-2023,103,56.65,111.24,85.49,117.42,1.08,97.85
Hyderabad,16-01-2023,76,41.8,82.08,63.08,86.64,0.8,72.2
Hyderabad,17-01-2023,74,40.7,79.92,61.42,84.36,0.78,70.3
Hyderabad,18-01-2023,74,40.7,79.92,61.42,84.36,0.78,70.3
Hyderabad,19-01-2023,83,45.65,89.64,68.89,94.62,0.87,78.85
Hyderabad,20-01-2023,94,51.7,101.52,78.02,107.16,0.99,89.3
Hyderabad,21-01-2023,98,53.9,105.84,81.34,111.72,1.03,93.1
Hyderabad,22-01-2023,97,53.35,104.76,80.51,110.58,1.02,92.15
Hyderabad,23-01-2023,112,61.6,120.96,92.96,127.68,1.18,106.4
Hyderabad,24-01-2023,82,45.1,88.56,68.06,93.48,0.86,77.9
Hyderabad,25-01-2023,76,41.8,82.08,63.08,86.64,0.8,72.2
Hyderabad,26-01-2023,85,46.75,91.8,70.55,96.9,0.89,80.75
Hyderabad,27-01-2023,103,56.65,111.24,85.49,117.42,1.08,97.85
Hyderabad,28-01-2023,114,62.7,123.12,94.62,129.96,1.2,108.3
Hyderabad,29-01-2023,106,58.3,114.48,87.98,120.84,1.11,100.7
Hyderabad,30-01-2023,110,60.5,118.8,91.3,125.4,1.16,104.5
Hyderabad,31-01-2023,92,50.6,99.36,76.36,104.88,0.97,87.4
Hyderabad,01-02-2023,121,66.55,130.68,100.43,137.94,1.27,114.95
Hyderabad,02-02-2023,112,61.6,120.96,92.96,127.68,1.18,106.4
Hyderabad,03-02-2023,91,50.05,98.28,75.53,103.74,0.96,86.45
Hyderabad,04-02-2023,116,63.8,125.28,96.28,132.24,1.22,110.2
Hyderabad,05-02-2023,113,62.15,122.04,93.79,128.82,1.19,107.35
Hyderabad,06-02-2023,112,61.6,120.96,92.96,127.68,1.18,106.4
Hyderabad,07-02-2023,104,57.2,112.32,86.32,118.56,1.09,98.8
Hyderabad,08-02-2023,102,56.1,110.16,84.66,116.28,1.07,96.9
Hyderabad,09-02-2023,112,61.6,120.96,92.96,127.68,1.18,106.4
Hyderabad,10-02-2023,114,62.7,123.12,94.62,129.96,1.2,108.3
Hyderabad,11-02-2023,111,61.05,119.88,92.13,126.54,1.17,105.45
Hyderabad,12-02-2023,116,63.8,125.28,96.28,132.24,1.22,110.2
Hyderabad,13-02-2023,104,57.2,112.32,86.32,118.56,1.09,98.8
Hyderabad,14-02-2023,104,57.2,112.32,86.32,118.56,1.09,98.8
Hyderabad,15-02-2023,112,61.6,120.96,92.96,127.68,1.18,106.4
Hyderabad,16-02-2023,111,61.05,119.88,92.13,126.54,1.17,105.45
Hyderabad,17-02-2023,104,57.2,112.32,86.32,118.56,1.09,98.8
Hyderabad,18-02-2023,103,56.65,111.24,85.49,117.42,1.08,97.85
Hyderabad,19-02-2023,87,47.85,93.96,72.21,99.18,0.91,82.65
Hyderabad,20-02-2023,92,50.6,99.36,76.36,104.88,0.97,87.4
Hyderabad,21-02-2023,100,55,108,83,114,1.05,95
Hyderabad,22-02-2023,113,62.15,122.04,93.79,128.82,1.19,107.35
Hyderabad,23-02-2023,109,59.95,117.72,90.47,124.26,1.14,103.55
Hyderabad,24-02-2023,112,61.6,120.96,92.96,127.68,1.18,106.4
Hyderabad,25-02-2023,101,55.55,109.08,83.83,115.14,1.06,95.95
Hyderabad,26-02-2023,98,53.9,105.84,81.34,111.72,1.03,93.1
Hyderabad,27-02-2023,87,47.85,93.96,72.21,99.18,0.91,82.65
Hyderabad,28-02-2023,92,50.6,99.36,76.36,104.88,0.97,87.4
Hyderabad,01-03-2023,82,45.1,88.56,68.06,93.48,0.86,77.9
Hyderabad,02-03-2023,94,51.7,101.52,78.02,107.16,0.99,89.3
Hyderabad,03-03-2023,105,57.75,113.4,87.15,119.7,1.1,99.75
Hyderabad,04-03-2023,103,56.65,111.24,85.49,117.42,1.08,97.85
Hyderabad,05-03-2023,111,61.05,119.88,92.13,126.54,1.17,105.45
Hyderabad,06-03-2023,108,59.4,116.64,89.64,123.12,1.13,102.6
Hyderabad,07-03-2023,96,52.8,103.68,79.68,109.44,1.01,91.2
Hyderabad,08-03-2023,80,44,86.4,66.4,91.2,0.84,76
Hyderabad,09-03-2023,99,54.45,106.92,82.17,112.86,1.04,94.05
Hyderabad,10-03-2023,89,48.95,96.12,73.87,101.46,0.93,84.55
Hyderabad,11-03-2023,101,55.55,109.08,83.83,115.14,1.06,95.95
Hyderabad,12-03-2023,90,49.5,97.2,74.7,102.6,0.95,85.5
Hyderabad,13-03-2023,84,46.2,90.72,69.72,95.76,0.88,79.8
Hyderabad,14-03-2023,93,51.15,100.44,77.19,106.02,0.98,88.35
Hyderabad,15-03-2023,98,53.9,105.84,81.34,111.72,1.03,93.1
Hyderabad,16-03-2023,97,53.35,104.76,80.51,110.58,1.02,92.15
Hyderabad,17-03-2023,78,42.9,84.24,64.74,88.92,0.82,74.1
Hyderabad,18-03-2023,72,39.6,77.76,59.76,82.08,0.76,68.4
Hyderabad,19-03-2023,69,37.95,74.52,57.27,78.66,0.72,65.55
Hyderabad,20-03-2023,87,47.85,93.96,72.21,99.18,0.91,82.65
Hyderabad,21-03-2023,93,51.15,100.44,77.19,106.02,0.98,88.35
Hyderabad,22-03-2023,97,53.35,104.76,80.51,110.58,1.02,92.15
Hyderabad,23-03-2023,95,52.25,102.6,78.85,108.3,1,90.25
Hyderabad,24-03-2023,88,48.4,95.04,73.04,100.32,0.92,83.6
Hyderabad,25-03-2023,85,46.75,91.8,70.55,96.9,0.89,80.75
Hyderabad,26-03-2023,90,49.5,97.2,74.7,102.6,0.95,85.5
Hyderabad,27-03-2023,81,44.55,87.48,67.23,92.34,0.85,76.95
Hyderabad,28-03-2023,98,53.9,105.84,81.34,111.72,1.03,93.1
Hyderabad,29-03-2023,91,50.05,98.28,75.53,103.74,0.96,86.45
Hyderabad,30-03-2023,79,43.45,85.32,65.57,90.06,0.83,75.05
Hyderabad,31-03-2023,85,46.75,91.8,70.55,96.9,0.89,80.75
Hyderabad,01-04-2023,90,49.5,97.2,74.7,102.6,0.95,85.5
Hyderabad,02-04-2023,90,49.5,97.2,74.7,102.6,0.95,85.5
Hyderabad,03-04-2023,74,40.7,79.92,61.42,84.36,0.78,70.3
Hyderabad,04-04-2023,74,40.7,79.92,61.42,84.36,0.78,70.3
Hyderabad,05-04-2023,78,42.9,84.24,64.74,88.92,0.82,74.1
Hyderabad,06-04-2023,95,52.25,102.6,78.85,108.3,1,90.25
Hyderabad,07-04-2023,93,51.15,100.44,77.19,106.02,0.98,88.35
Hyderabad,08-04-2023,89,48.95,96.12,73.87,101.46,0.93,84.55
Hyderabad,09-04-2023,95,52.25,102.6,78.85,108.3,1,90.25
Hyderabad,10-04-2023,95,52.25,102.6,78.85,108.3,1,90.25
Hyderabad,11-04-2023,95,52.25,102.6,78.85,108.3,1,90.25
Hyderabad,12-04-2023,96,52.8,103.68,79.68,109.44,1.01,91.2
Hyderabad,13-04-2023,101,55.55,109.08,83.83,115.14,1.06,95.95
Hyderabad,14-04-2023,104,57.2,112.32,86.32,118.56,1.09,98.8
Hyderabad,15-04-2023,87,47.85,93.96,72.21,99.18,0.91,82.65
Hyderabad,16-04-2023,92,50.6,99.36,76.36,104.88,0.97,87.4
Hyderabad,17-04-2023,96,52.8,103.68,79.68,109.44,1.01,91.2
Hyderabad,18-04-2023,106,58.3,114.48,87.98,120.84,1.11,100.7
Hyderabad,19-04-2023,107,58.85,115.56,88.81,121.98,1.12,101.65
Hyderabad,20-04-2023,102,56.1,110.16,84.66,116.28,1.07,96.9
Hyderabad,21-04-2023,93,51.15,100.44,77.19,106.02,0.98,88.35
Hyderabad,22-04-2023,74,40.7,79.92,61.42,84.36,0.78,70.3
Hyderabad,23-04-2023,86,47.3,92.88,71.38,98.04,0.9,81.7
Hyderabad,24-04-2023,67,36.85,72.36,55.61,76.38,0.7,63.65
Hyderabad,25-04-2023,63,34.65,68.04,52.29,71.82,0.66,59.85
Hyderabad,26-04-2023,55,30.25,59.4,45.65,62.7,0.58,52.25
Hyderabad,27-04-2023,86,47.3,92.88,71.38,98.04,0.9,81.7
Hyderabad,28-04-2023,96,52.8,103.68,79.68,109.44,1.01,91.2
Hyderabad,29-04-2023,76,41.8,82.08,63.08,86.64,0.8,72.2
Hyderabad,30-04-2023,74,40.7,79.92,61.42,84.36,0.78,70.3
Hyderabad,01-05-2023,52,28.6,56.16,43.16,59.28,0.55,49.4
Hyderabad,02-05-2023,66,36.3,71.28,54.78,75.24,0.69,62.7
Hyderabad,03-05-2023,62,34.1,66.96,51.46,70.68,0.65,58.9
Hyderabad,04-05-2023,68,37.4,73.44,56.44,77.52,0.71,64.6
Hyderabad,05-05-2023,67,36.85,72.36,55.61,76.38,0.7,63.65
Hyderabad,06-05-2023,81,44.55,87.48,67.23,92.34,0.85,76.95
Hyderabad,07-05-2023,72,39.6,77.76,59.76,82.08,0.76,68.4
Hyderabad,08-05-2023,77,42.35,83.16,63.91,87.78,0.81,73.15
Hyderabad,09-05-2023,77,42.35,83.16,63.91,87.78,0.81,73.15
Hyderabad,10-05-2023,80,44,86.4,66.4,91.2,0.84,76
Hyderabad,11-05-2023,109,59.95,117.72,90.47,124.26,1.14,103.55
Hyderabad,12-05-2023,95,52.25,102.6,78.85,108.3,1,90.25
Hyderabad,13-05-2023,109,59.95,117.72,90.47,124.26,1.14,103.55
Hyderabad,14-05-2023,94,51.7,101.52,78.02,107.16,0.99,89.3
Hyderabad,15-05-2023,84,46.2,90.72,69.72,95.76,0.88,79.8
Hyderabad,16-05-2023,86,47.3,92.88,71.38,98.04,0.9,81.7
Hyderabad,17-05-2023,80,44,86.4,66.4,91.2,0.84,76
Hyderabad,18-05-2023,96,52.8,103.68,79.68,109.44,1.01,91.2
Hyderabad,19-05-2023,91,50.05,98.28,75.53,103.74,0.96,86.45
Hyderabad,20-05-2023,98,53.9,105.84,81.34,111.72,1.03,93.1
Hyderabad,21-05-2023,81,44.55,87.48,67.23,92.34,0.85,76.95
Hyderabad,22-05-2023,78,42.9,84.24,64.74,88.92,0.82,74.1
Hyderabad,23-05-2023,91,50.05,98.28,75.53,103.74,0.96,86.45
Hyderabad,24-05-2023,84,46.2,90.72,69.72,95.76,0.88,79.8
Hyderabad,25-05-2023,80,44,86.4,66.4,91.2,0.84,76
Hyderabad,26-05-2023,78,42.9,84.24,64.74,88.92,0.82,74.1
Hyderabad,27-05-2023,77,42.35,83.16,63.91,87.78,0.81,73.15
Hyderabad,28-05-2023,85,46.75,91.8,70.55,96.9,0.89,80.75
Hyderabad,29-05-2023,103,56.65,111.24,85.49,117.42,1.08,97.85
Hyderabad,30-05-2023,90,49.5,97.2,74.7,102.6,0.95,85.5
Hyderabad,31-05-2023,88,48.4,95.04,73.04,100.32,0.92,83.6
Hyderabad,01-06-2023,87,47.85,93.96,72.21,99.18,0.91,82.65
Hyderabad,02-06-2023,96,52.8,103.68,79.68,109.44,1.01,91.2
Hyderabad,03-06-2023,88,48.4,95.04,73.04,100.32,0.92,83.6
Hyderabad,04-06-2023,79,43.45,85.32,65.57,90.06,0.83,75.05
Hyderabad,05-06-2023,61,33.55,65.88,50.63,69.54,0.64,57.95
Hyderabad,06-06-2023,89,48.95,96.12,73.87,101.46,0.93,84.55
Hyderabad,07-06-2023,79,43.45,85.32,65.57,90.06,0.83,75.05
Hyderabad,08-06-2023,62,34.1,66.96,51.46,70.68,0.65,58.9
Hyderabad,09-06-2023,72,39.6,77.76,59.76,82.08,0.76,68.4
Hyderabad,10-06-2023,70,38.5,75.6,58.1,79.8,0.74,66.5
Hyderabad,11-06-2023,57,31.35,61.56,47.31,64.98,0.6,54.15
Hyderabad,12-06-2023,56,30.8,60.48,46.48,63.84,0.59,53.2
Hyderabad,13-06-2023,70,38.5,75.6,58.1,79.8,0.74,66.5
Hyderabad,14-06-2023,69,37.95,74.52,57.27,78.66,0.72,65.55
Hyderabad,15-06-2023,69,37.95,74.52,57.27,78.66,0.72,65.55
Hyderabad,16-06-2023,80,44,86.4,66.4,91.2,0.84,76
Hyderabad,17-06-2023,67,36.85,72.36,55.61,76.38,0.7,63.65
Hyderabad,18-06-2023,82,45.1,88.56,68.06,93.48,0.86,77.9
Hyderabad,19-06-2023,78,42.9,84.24,64.74,88.92,0.82,74.1
Hyderabad,20-06-2023,105,57.75,113.4,87.15,119.7,1.1,99.75
Hyderabad,21-06-2023,91,50.05,98.28,75.53,103.74,0.96,86.45
Hyderabad,22-06-2023,68,37.4,73.44,56.44,77.52,0.71,64.6
Hyderabad,23-06-2023,72,39.6,77.76,59.76,82.08,0.76,68.4
Hyderabad,24-06-2023,65,35.75,70.2,53.95,74.1,0.68,61.75
Hyderabad,25-06-2023,52,28.6,56.16,43.16,59.28,0.55,49.4
Hyderabad,26-06-2023,56,30.8,60.48,46.48,63.84,0.59,53.2
Hyderabad,27-06-2023,61,33.55,65.88,50.63,69.54,0.64,57.95
Hyderabad,28-06-2023,55,30.25,59.4,45.65,62.7,0.58,52.25
Hyderabad,29-06-2023,57,31.35,61.56,47.31,64.98,0.6,54.15
Hyderabad,30-06-2023,56,30.8,60.48,46.48,63.84,0.59,53.2
Hyderabad,01-07-2023,55,30.25,59.4,45.65,62.7,0.58,52.25
Hyderabad,02-07-2023,58,31.9,62.64,48.14,66.12,0.61,55.1
Hyderabad,03-07-2023,59,32.45,63.72,48.97,67.26,0.62,56.05
Hyderabad,04-07-2023,53,29.15,57.24,43.99,60.42,0.56,50.35
Hyderabad,05-07-2023,57,31.35,61.56,47.31,64.98,0.6,54.15
Hyderabad,06-07-2023,54,29.7,58.32,44.82,61.56,0.57,51.3
Hyderabad,07-07-2023,50,27.5,54,41.5,57,0.53,47.5
Hyderabad,08-07-2023,63,34.65,68.04,52.29,71.82,0.66,59.85
Hyderabad,09-07-2023,51,28.05,55.08,42.33,58.14,0.54,48.45
Hyderabad,10-07-2023,60,33,64.8,49.8,68.4,0.63,57
Hyderabad,11-07-2023,74,40.7,79.92,61.42,84.36,0.78,70.3
Hyderabad,12-07-2023,73,40.15,78.84,60.59,83.22,0.77,69.35
Hyderabad,13-07-2023,63,34.65,68.04,52.29,71.82,0.66,59.85
Hyderabad,14-07-2023,58,31.9,62.64,48.14,66.12,0.61,55.1
Hyderabad,15-07-2023,56,30.8,60.48,46.48,63.84,0.59,53.2
Hyderabad,16-07-2023,57,31.35,61.56,47.31,64.98,0.6,54.15
Hyderabad,17-07-2023,52,28.6,56.16,43.16,59.28,0.55,49.4
Hyderabad,18-07-2023,49,26.95,52.92,40.67,55.86,0.51,46.55
Hyderabad,19-07-2023,52,28.6,56.16,43.16,59.28,0.55,49.4
Hyderabad,20-07-2023,49,26.95,52.92,40.67,55.86,0.51,46.55
Hyderabad,21-07-2023,58,31.9,62.64,48.14,66.12,0.61,55.1
Hyderabad,22-07-2023,60,33,64.8,49.8,68.4,0.63,57
Hyderabad,23-07-2023,51,28.05,55.08,42.33,58.14,0.54,48.45
Hyderabad,24-07-2023,55,30.25,59.4,45.65,62.7,0.58,52.25
Hyderabad,25-07-2023,45,24.75,48.6,37.35,51.3,0.47,42.75
Hyderabad,26-07-2023,51,28.05,55.08,42.33,58.14,0.54,48.45
Hyderabad,27-07-2023,49,26.95,52.92,40.67,55.86,0.51,46.55
Hyderabad,28-07-2023,51,28.05,55.08,42.33,58.14,0.54,48.45
Hyderabad,29-07-2023,60,33,64.8,49.8,68.4,0.63,57
Hyderabad,30-07-2023,60,33,64.8,49.8,68.4,0.63,57
Hyderabad,31-07-2023,56,30.8,60.48,46.48,63.84,0.59,53.2
Hyderabad,01-08-2023,54,29.7,58.32,44.82,61.56,0.57,51.3
Hyderabad,02-08-2023,60,33,64.8,49.8,68.4,0.63,57
Hyderabad,03-08-2023,63,34.65,68.04,52.29,71.82,0.66,59.85
Hyderabad,04-08-2023,64,35.2,69.12,53.12,72.96,0.67,60.8
Hyderabad,05-08-2023,62,34.1,66.96,51.46,70.68,0.65,58.9
Hyderabad,06-08-2023,61,33.55,65.88,50.63,69.54,0.64,57.95
Hyderabad,07-08-2023,61,33.55,65.88,50.63,69.54,0.64,57.95
Hyderabad,08-08-2023,70,38.5,75.6,58.1,79.8,0.74,66.5
Hyderabad,09-08-2023,68,37.4,73.44,56.44,77.52,0.71,64.6
Hyderabad,10-08-2023,86,47.3,92.88,71.38,98.04,0.9,81.7
Hyderabad,11-08-2023,81,44.55,87.48,67.23,92.34,0.85,76.95
Hyderabad,12-08-2023,80,44,86.4,66.4,91.2,0.84,76
Hyderabad,13-08-2023,77,42.35,83.16,63.91,87.78,0.81,73.15
Hyderabad,14-08-2023,91,50.05,98.28,75.53,103.74,0.96,86.45
Hyderabad,15-08-2023,73,40.15,78.84,60.59,83.22,0.77,69.35
Hyderabad,16-08-2023,80,44,86.4,66.4,91.2,0.84,76
Hyderabad,17-08-2023,79,43.45,85.32,65.57,90.06,0.83,75.05
Hyderabad,18-08-2023,82,45.1,88.56,68.06,93.48,0.86,77.9
Hyderabad,19-08-2023,76,41.8,82.08,63.08,86.64,0.8,72.2
Hyderabad,20-08-2023,74,40.7,79.92,61.42,84.36,0.78,70.3
Hyderabad,21-08-2023,72,39.6,77.76,59.76,82.08,0.76,68.4
Hyderabad,22-08-2023,75,41.25,81,62.25,85.5,0.79,71.25
Hyderabad,23-08-2023,76,41.8,82.08,63.08,86.64,0.8,72.2
Hyderabad,24-08-2023,74,40.7,79.92,61.42,84.36,0.78,70.3
Hyderabad,25-08-2023,74,40.7,79.92,61.42,84.36,0.78,70.3
Hyderabad,26-08-2023,65,35.75,70.2,53.95,74.1,0.68,61.75
Hyderabad,27-08-2023,67,36.85,72.36,55.61,76.38,0.7,63.65
Hyderabad,28-08-2023,71,39.05,76.68,58.93,80.94,0.75,67.45
Hyderabad,29-08-2023,74,40.7,79.92,61.42,84.36,0.78,70.3
Hyderabad,30-08-2023,94,51.7,101.52,78.02,107.16,0.99,89.3
Hyderabad,31-08-2023,107,58.85,115.56,88.81,121.98,1.12,101.65
Hyderabad,01-09-2023,98,53.9,105.84,81.34,111.72,1.03,93.1
Hyderabad,02-09-2023,85,46.75,91.8,70.55,96.9,0.89,80.75
Hyderabad,03-09-2023,68,37.4,73.44,56.44,77.52,0.71,64.6
Hyderabad,04-09-2023,58,31.9,62.64,48.14,66.12,0.61,55.1
Hyderabad,05-09-2023,63,34.65,68.04,52.29,71.82,0.66,59.85
Hyderabad,06-09-2023,60,33,64.8,49.8,68.4,0.63,57
Hyderabad,07-09-2023,82,45.1,88.56,68.06,93.48,0.86,77.9
Hyderabad,08-09-2023,53,29.15,57.24,43.99,60.42,0.56,50.35
Hyderabad,09-09-2023,52,28.6,56.16,43.16,59.28,0.55,49.4
Hyderabad,10-09-2023,53,29.15,57.24,43.99,60.42,0.56,50.35
Hyderabad,11-09-2023,66,36.3,71.28,54.78,75.24,0.69,62.7
Hyderabad,12-09-2023,69,37.95,74.52,57.27,78.66,0.72,65.55
Hyderabad,13-09-2023,62,34.1,66.96,51.46,70.68,0.65,58.9
Hyderabad,14-09-2023,66,36.3,71.28,54.78,75.24,0.69,62.7
Hyderabad,15-09-2023,56,30.8,60.48,46.48,63.84,0.59,53.2
Hyderabad,16-09-2023,54,29.7,58.32,44.82,61.56,0.57,51.3
Hyderabad,17-09-2023,52,28.6,56.16,43.16,59.28,0.55,49.4
Hyderabad,18-09-2023,59,32.45,63.72,48.97,67.26,0.62,56.05
Hyderabad,19-09-2023,60,33,64.8,49.8,68.4,0.63,57
Hyderabad,20-09-2023,67,36.85,72.36,55.61,76.38,0.7,63.65
Hyderabad,21-09-2023,65,35.75,70.2,53.95,74.1,0.68,61.75
Hyderabad,22-09-2023,63,34.65,68.04,52.29,71.82,0.66,59.85
Hyderabad,23-09-2023,65,35.75,70.2,53.95,74.1,0.68,61.75
Hyderabad,24-09-2023,65,35.75,70.2,53.95,74.1,0.68,61.75
Hyderabad,25-09-2023,53,29.15,57.24,43.99,60.42,0.56,50.35
Hyderabad,26-09-2023,71,39.05,76.68,58.93,80.94,0.75,67.45
Hyderabad,27-09-2023,77,42.35,83.16,63.91,87.78,0.81,73.15
Hyderabad,28-09-2023,75,41.25,81,62.25,85.5,0.79,71.25
Hyderabad,29-09-2023,65,35.75,70.2,53.95,74.1,0.68,61.75
Hyderabad,30-09-2023,70,38.5,75.6,58.1,79.8,0.74,66.5
Hyderabad,01-10-2023,57,31.35,61.56,47.31,64.98,0.6,54.15
Hyderabad,02-10-2023,61,33.55,65.88,50.63,69.54,0.64,57.95
Hyderabad,03-10-2023,83,45.65,89.64,68.89,94.62,0.87,78.85
Hyderabad,04-10-2023,94,51.7,101.52,78.02,107.16,0.99,89.3
Hyderabad,05-10-2023,97,53.35,104.76,80.51,110.58,1.02,92.15
Hyderabad,06-10-2023,94,51.7,101.52,78.02,107.16,0.99,89.3
Hyderabad,07-10-2023,88,48.4,95.04,73.04,100.32,0.92,83.6
Hyderabad,08-10-2023,92,50.6,99.36,76.36,104.88,0.97,87.4
Hyderabad,09-10-2023,96,52.8,103.68,79.68,109.44,1.01,91.2
Hyderabad,10-10-2023,105,57.75,113.4,87.15,119.7,1.1,99.75
Hyderabad,11-10-2023,104,57.2,112.32,86.32,118.56,1.09,98.8
Hyderabad,12-10-2023,102,56.1,110.16,84.66,116.28,1.07,96.9
Hyderabad,13-10-2023,106,58.3,114.48,87.98,120.84,1.11,100.7
Hyderabad,14-10-2023,106,58.3,114.48,87.98,120.84,1.11,100.7
Hyderabad,15-10-2023,88,48.4,95.04,73.04,100.32,0.92,83.6
Hyderabad,16-10-2023,90,49.5,97.2,74.7,102.6,0.95,85.5
Hyderabad,17-10-2023,85,46.75,91.8,70.55,96.9,0.89,80.75
Hyderabad,18-10-2023,86,47.3,92.88,71.38,98.04,0.9,81.7
Hyderabad,19-10-2023,96,52.8,103.68,79.68,109.44,1.01,91.2
Hyderabad,20-10-2023,99,54.45,106.92,82.17,112.86,1.04,94.05
Hyderabad,21-10-2023,94,51.7,101.52,78.02,107.16,0.99,89.3
Hyderabad,22-10-2023,94,51.7,101.52,78.02,107.16,0.99,89.3
Hyderabad,23-10-2023,89,48.95,96.12,73.87,101.46,0.93,84.55
Hyderabad,24-10-2023,77,42.35,83.16,63.91,87.78,0.81,73.15
Hyderabad,25-10-2023,84,46.2,90.72,69.72,95.76,0.88,79.8
Hyderabad,26-10-2023,89,48.95,96.12,73.87,101.46,0.93,84.55
Hyderabad,27-10-2023,89,48.95,96.12,73.87,101.46,0.93,84.55
Hyderabad,28-10-2023,90,49.5,97.2,74.7,102.6,0.95,85.5
Hyderabad,29-10-2023,84,46.2,90.72,69.72,95.76,0.88,79.8
Hyderabad,30-10-2023,99,54.45,106.92,82.17,112.86,1.04,94.05
Hyderabad,31-10-2023,101,55.55,109.08,83.83,115.14,1.06,95.95
Hyderabad,01-11-2023,96,52.8,103.68,79.68,109.44,1.01,91.2
Hyderabad,02-11-2023,92,50.6,99.36,76.36,104.88,0.97,87.4
Hyderabad,03-11-2023,73,40.15,78.84,60.59,83.22,0.77,69.35
Hyderabad,04-11-2023,75,41.25,81,62.25,85.5,0.79,71.25
Hyderabad,05-11-2023,98,53.9,105.84,81.34,111.72,1.03,93.1
Hyderabad,06-11-2023,89,48.95,96.12,73.87,101.46,0.93,84.55
Hyderabad,07-11-2023,66,36.3,71.28,54.78,75.24,0.69,62.7
Hyderabad,08-11-2023,58,31.9,62.64,48.14,66.12,0.61,55.1
Hyderabad,09-11-2023,69,37.95,74.52,57.27,78.66,0.72,65.55
Hyderabad,10-11-2023,97,53.35,104.76,80.51,110.58,1.02,92.15
Hyderabad,11-11-2023,94,51.7,101.52,78.02,107.16,0.99,89.3
Hyderabad,12-11-2023,125,68.75,135,103.75,142.5,1.31,118.75
Hyderabad,13-11-2023,171,94.05,184.68,141.93,194.94,1.8,162.45
Hyderabad,14-11-2023,123,67.65,132.84,102.09,140.22,1.29,116.85
Hyderabad,15-11-2023,128,70.4,138.24,106.24,145.92,1.34,121.6
Hyderabad,16-11-2023,138,75.9,149.04,114.54,157.32,1.45,131.1
Hyderabad,17-11-2023,115,63.25,124.2,95.45,131.1,1.21,109.25
Hyderabad,18-11-2023,109,59.95,117.72,90.47,124.26,1.14,103.55
Hyderabad,19-11-2023,87,47.85,93.96,72.21,99.18,0.91,82.65
Hyderabad,20-11-2023,74,40.7,79.92,61.42,84.36,0.78,70.3
Hyderabad,21-11-2023,82,45.1,88.56,68.06,93.48,0.86,77.9
Hyderabad,22-11-2023,74,40.7,79.92,61.42,84.36,0.78,70.3
Hyderabad,23-11-2023,71,39.05,76.68,58.93,80.94,0.75,67.45
Hyderabad,24-11-2023,61,33.55,65.88,50.63,69.54,0.64,57.95
Hyderabad,25-11-2023,85,46.75,91.8,70.55,96.9,0.89,80.75
Hyderabad,26-11-2023,93,51.15,100.44,77.19,106.02,0.98,88.35
Hyderabad,27-11-2023,112,61.6,120.96,92.96,127.68,1.18,106.4
Hyderabad,28-11-2023,83,45.65,89.64,68.89,94.62,0.87,78.85
Hyderabad,29-11-2023,66,36.3,71.28,54.78,75.24,0.69,62.7
Hyderabad,30-11-2023,59,32.45,63.72,48.97,67.26,0.62,56.05
Hyderabad,01-12-2023,71,39.05,76.68,58.93,80.94,0.75,67.45
Hyderabad,02-12-2023,85,46.75,91.8,70.55,96.9,0.89,80.75
Hyderabad,03-12-2023,69,37.95,74.52,57.27,78.66,0.72,65.55
Hyderabad,04-12-2023,69,37.95,74.52,57.27,78.66,0.72,65.55
Hyderabad,05-12-2023,72,39.6,77.76,59.76,82.08,0.76,68.4
Hyderabad,06-12-2023,61,33.55,65.88,50.63,69.54,0.64,57.95
Hyderabad,07-12-2023,58,31.9,62.64,48.14,66.12,0.61,55.1
Hyderabad,08-12-2023,62,34.1,66.96,51.46,70.68,0.65,58.9
Hyderabad,09-12-2023,74,40.7,79.92,61.42,84.36,0.78,70.3
Hyderabad,10-12-2023,79,43.45,85.32,65.57,90.06,0.83,75.05
Hyderabad,11-12-2023,92,50.6,99.36,76.36,104.88,0.97,87.4
Hyderabad,12-12-2023,82,45.1,88.56,68.06,93.48,0.86,77.9
Hyderabad,13-12-2023,82,45.1,88.56,68.06,93.48,0.86,77.9
Hyderabad,14-12-2023,94,51.7,101.52,78.02,107.16,0.99,89.3
Hyderabad,15-12-2023,92,50.6,99.36,76.36,104.88,0.97,87.4
Hyderabad,16-12-2023,108,59.4,116.64,89.64,123.12,1.13,102.6
Hyderabad,17-12-2023,115,63.25,124.2,95.45,131.1,1.21,109.25
Hyderabad,18-12-2023,118,64.9,127.44,97.94,134.52,1.24,112.1
Hyderabad,19-12-2023,97,53.35,104.76,80.51,110.58,1.02,92.15
Hyderabad,20-12-2023,127,69.85,137.16,105.41,144.78,1.33,120.65
Hyderabad,21-12-2023,112,61.6,120.96,92.96,127.68,1.18,106.4
Hyderabad,22-12-2023,125,68.75,135,103.75,142.5,1.31,118.75
Hyderabad,23-12-2023,131,72.05,141.48,108.73,149.34,1.38,124.45
Hyderabad,24-12-2023,124,68.2,133.92,102.92,141.36,1.3,117.8
Hyderabad,25-12-2023,134,73.7,144.72,111.22,152.76,1.41,127.3
Hyderabad,26-12-2023,121,66.55,130.68,100.43,137.94,1.27,114.95
Hyderabad,27-12-2023,120,66,129.6,99.6,136.8,1.26,114
Hyderabad,28-12-2023,113,62.15,122.04,93.79,128.82,1.19,107.35
Hyderabad,29-12-2023,98,53.9,105.84,81.34,111.72,1.03,93.1
Hyderabad,30-12-2023,90,49.5,97.2,74.7,102.6,0.95,85.5
Hyderabad,31-12-2023,93,51.15,100.44,77.19,106.02,0.98,88.35
Hyderabad,01-01-2024,108,59.4,116.64,89.64,123.12,1.13,102.6
Hyderabad,02-01-2024,109,59.95,117.72,90.47,124.26,1.14,103.55
Hyderabad,03-01-2024,111,61.05,119.88,92.13,126.54,1.17,105.45
Hyderabad,04-01-2024,124,68.2,133.92,102.92,141.36,1.3,117.8
Hyderabad,05-01-2024,88,48.4,95.04,73.04,100.32,0.92,83.6
Hyderabad,06-01-2024,74,40.7,79.92,61.42,84.36,0.78,70.3
Hyderabad,07-01-2024,74,40.7,79.92,61.42,84.36,0.78,70.3
Hyderabad,08-01-2024,85,46.75,91.8,70.55,96.9,0.89,80.75
Hyderabad,09-01-2024,90,49.5,97.2,74.7,102.6,0.95,85.5
Hyderabad,10-01-2024,100,55,108,83,114,1.05,95
Hyderabad,11-01-2024,109,59.95,117.72,90.47,124.26,1.14,103.55
Hyderabad,12-01-2024,102,56.1,110.16,84.66,116.28,1.07,96.9
Hyderabad,13-01-2024,97,53.35,104.76,80.51,110.58,1.02,92.15
Hyderabad,14-01-2024,120,66,129.6,99.6,136.8,1.26,114
Hyderabad,15-01-2024,98,53.9,105.84,81.34,111.72,1.03,93.1
Hyderabad,16-01-2024,96,52.8,103.68,79.68,109.44,1.01,91.2
Hyderabad,17-01-2024,90,49.5,97.2,74.7,102.6,0.95,85.5
Hyderabad,18-01-2024,74,40.7,79.92,61.42,84.36,0.78,70.3
Hyderabad,19-01-2024,78,42.9,84.24,64.74,88.92,0.82,74.1
Hyderabad,20-01-2024,67,36.85,72.36,55.61,76.38,0.7,63.65
Hyderabad,21-01-2024,82,45.1,88.56,68.06,93.48,0.86,77.9
Hyderabad,22-01-2024,82,45.1,88.56,68.06,93.48,0.86,77.9
Hyderabad,23-01-2024,71,39.05,76.68,58.93,80.94,0.75,67.45
Hyderabad,24-01-2024,76,41.8,82.08,63.08,86.64,0.8,72.2
Hyderabad,25-01-2024,104,57.2,112.32,86.32,118.56,1.09,98.8
Hyderabad,26-01-2024,98,53.9,105.84,81.34,111.72,1.03,93.1
Hyderabad,27-01-2024,79,43.45,85.32,65.57,90.06,0.83,75.05
Hyderabad,28-01-2024,108,59.4,116.64,89.64,123.12,1.13,102.6
Hyderabad,29-01-2024,102,56.1,110.16,84.66,116.28,1.07,96.9
Hyderabad,30-01-2024,97,53.35,104.76,80.51,110.58,1.02,92.15
Hyderabad,31-01-2024,78,42.9,84.24,64.74,88.92,0.82,74.1
Hyderabad,01-02-2024,73,40.15,78.84,60.59,83.22,0.77,69.35
Hyderabad,02-02-2024,96,52.8,103.68,79.68,109.44,1.01,91.2
Hyderabad,03-02-2024,79,43.45,85.32,65.57,90.06,0.83,75.05
Hyderabad,04-02-2024,90,49.5,97.2,74.7,102.6,0.95,85.5
Hyderabad,05-02-2024,79,43.45,85.32,65.57,90.06,0.83,75.05
Hyderabad,06-02-2024,78,42.9,84.24,64.74,88.92,0.82,74.1
Hyderabad,07-02-2024,79,43.45,85.32,65.57,90.06,0.83,75.05
Hyderabad,08-02-2024,100,55,108,83,114,1.05,95
Hyderabad,09-02-2024,89,48.95,96.12,73.87,101.46,0.93,84.55
Hyderabad,10-02-2024,78,42.9,84.24,64.74,88.92,0.82,74.1
Hyderabad,11-02-2024,84,46.2,90.72,69.72,95.76,0.88,79.8
Hyderabad,12-02-2024,75,41.25,81,62.25,85.5,0.79,71.25
Hyderabad,13-02-2024,70,38.5,75.6,58.1,79.8,0.74,66.5
Hyderabad,14-02-2024,70,38.5,75.6,58.1,79.8,0.74,66.5
Hyderabad,15-02-2024,74,40.7,79.92,61.42,84.36,0.78,70.3
Hyderabad,16-02-2024,73,40.15,78.84,60.59,83.22,0.77,69.35
Hyderabad,17-02-2024,74,40.7,79.92,61.42,84.36,0.78,70.3
Hyderabad,18-02-2024,83,45.65,89.64,68.89,94.62,0.87,78.85
Hyderabad,19-02-2024,93,51.15,100.44,77.19,106.02,0.98,88.35
Hyderabad,20-02-2024,79,43.45,85.32,65.57,90.06,0.83,75.05
Hyderabad,21-02-2024,82,45.1,88.56,68.06,93.48,0.86,77.9
Hyderabad,22-02-2024,94,51.7,101.52,78.02,107.16,0.99,89.3
Hyderabad,23-02-2024,92,50.6,99.36,76.36,104.88,0.97,87.4
Hyderabad,24-02-2024,85,46.75,91.8,70.55,96.9,0.89,80.75
Hyderabad,25-02-2024,78,42.9,84.24,64.74,88.92,0.82,74.1
Hyderabad,26-02-2024,76,41.8,82.08,63.08,86.64,0.8,72.2
Hyderabad,27-02-2024,67,36.85,72.36,55.61,76.38,0.7,63.65
Hyderabad,28-02-2024,76,41.8,82.08,63.08,86.64,0.8,72.2
Hyderabad,29-02-2024,76,41.8,82.08,63.08,86.64,0.8,72.2
Hyderabad,01-03-2024,84,46.2,90.72,69.72,95.76,0.88,79.8
Hyderabad,02-03-2024,77,42.35,83.16,63.91,87.78,0.81,73.15
Hyderabad,03-03-2024,80,44,86.4,66.4,91.2,0.84,76
Hyderabad,04-03-2024,84,46.2,90.72,69.72,95.76,0.88,79.8
Hyderabad,05-03-2024,89,48.95,96.12,73.87,101.46,0.93,84.55
Hyderabad,06-03-2024,91,50.05,98.28,75.53,103.74,0.96,86.45
Hyderabad,07-03-2024,83,45.65,89.64,68.89,94.62,0.87,78.85
Hyderabad,08-03-2024,86,47.3,92.88,71.38,98.04,0.9,81.7
Hyderabad,09-03-2024,87,47.85,93.96,72.21,99.18,0.91,82.65
Hyderabad,10-03-2024,80,44,86.4,66.4,91.2,0.84,76
Hyderabad,11-03-2024,69,37.95,74.52,57.27,78.66,0.72,65.55
Hyderabad,12-03-2024,83,45.65,89.64,68.89,94.62,0.87,78.85
Hyderabad,13-03-2024,88,48.4,95.04,73.04,100.32,0.92,83.6
Hyderabad,14-03-2024,95,52.25,102.6,78.85,108.3,1,90.25
Hyderabad,15-03-2024,98,53.9,105.84,81.34,111.72,1.03,93.1
Hyderabad,16-03-2024,84,46.2,90.72,69.72,95.76,0.88,79.8
Hyderabad,17-03-2024,74,40.7,79.92,61.42,84.36,0.78,70.3
Hyderabad,18-03-2024,67,36.85,72.36,55.61,76.38,0.7,63.65
Hyderabad,19-03-2024,71,39.05,76.68,58.93,80.94,0.75,67.45
Hyderabad,20-03-2024,73,40.15,78.84,60.59,83.22,0.77,69.35
Hyderabad,21-03-2024,77,42.35,83.16,63.91,87.78,0.81,73.15
Hyderabad,22-03-2024,81,44.55,87.48,67.23,92.34,0.85,76.95
Hyderabad,23-03-2024,85,46.75,91.8,70.55,96.9,0.89,80.75
Hyderabad,24-03-2024,84,46.2,90.72,69.72,95.76,0.88,79.8
Hyderabad,25-03-2024,93,51.15,100.44,77.19,106.02,0.98,88.35
Hyderabad,26-03-2024,91,50.05,98.28,75.53,103.74,0.96,86.45
Hyderabad,27-03-2024,83,45.65,89.64,68.89,94.62,0.87,78.85
Hyderabad,28-03-2024,82,45.1,88.56,68.06,93.48,0.86,77.9
Hyderabad,29-03-2024,87,47.85,93.96,72.21,99.18,0.91,82.65
Hyderabad,30-03-2024,83,45.65,89.64,68.89,94.62,0.87,78.85
Hyderabad,31-03-2024,90,49.5,97.2,74.7,102.6,0.95,85.5
Hyderabad,01-04-2024,88,48.4,95.04,73.04,100.32,0.92,83.6
Hyderabad,02-04-2024,95,52.25,102.6,78.85,108.3,1,90.25
Hyderabad,03-04-2024,86,47.3,92.88,71.38,98.04,0.9,81.7
Hyderabad,04-04-2024,86,47.3,92.88,71.38,98.04,0.9,81.7
Hyderabad,05-04-2024,86,47.3,92.88,71.38,98.04,0.9,81.7
Hyderabad,06-04-2024,95,52.25,102.6,78.85,108.3,1,90.25
Hyderabad,07-04-2024,90,49.5,97.2,74.7,102.6,0.95,85.5
Hyderabad,08-04-2024,89,48.95,96.12,73.87,101.46,0.93,84.55
Hyderabad,09-04-2024,84,46.2,90.72,69.72,95.76,0.88,79.8
Hyderabad,10-04-2024,78,42.9,84.24,64.74,88.92,0.82,74.1
Hyderabad,11-04-2024,73,40.15,78.84,60.59,83.22,0.77,69.35
Hyderabad,12-04-2024,75,41.25,81,62.25,85.5,0.79,71.25
Hyderabad,13-04-2024,73,40.15,78.84,60.59,83.22,0.77,69.35
Hyderabad,14-04-2024,77,42.35,83.16,63.91,87.78,0.81,73.15
Hyderabad,15-04-2024,74,40.7,79.92,61.42,84.36,0.78,70.3
Hyderabad,16-04-2024,90,49.5,97.2,74.7,102.6,0.95,85.5
Hyderabad,17-04-2024,88,48.4,95.04,73.04,100.32,0.92,83.6
Hyderabad,18-04-2024,89,48.95,96.12,73.87,101.46,0.93,84.55
Hyderabad,19-04-2024,86,47.3,92.88,71.38,98.04,0.9,81.7
Hyderabad,20-04-2024,83,45.65,89.64,68.89,94.62,0.87,78.85
Hyderabad,21-04-2024,82,45.1,88.56,68.06,93.48,0.86,77.9
Hyderabad,22-04-2024,84,46.2,90.72,69.72,95.76,0.88,79.8
Hyderabad,23-04-2024,79,43.45,85.32,65.57,90.06,0.83,75.05
Hyderabad,24-04-2024,88,48.4,95.04,73.04,100.32,0.92,83.6
Hyderabad,25-04-2024,82,45.1,88.56,68.06,93.48,0.86,77.9
Hyderabad,26-04-2024,75,41.25,81,62.25,85.5,0.79,71.25
Hyderabad,27-04-2024,102,56.1,110.16,84.66,116.28,1.07,96.9
Hyderabad,28-04-2024,119,65.45,128.52,98.77,135.66,1.25,113.05
Hyderabad,29-04-2024,116,63.8,125.28,96.28,132.24,1.22,110.2
Hyderabad,30-04-2024,73,40.15,78.84,60.59,83.22,0.77,69.35
Hyderabad,01-05-2024,88,48.4,95.04,73.04,100.32,0.92,83.6
Hyderabad,02-05-2024,90,49.5,97.2,74.7,102.6,0.95,85.5
Hyderabad,03-05-2024,93,51.15,100.44,77.19,106.02,0.98,88.35
Hyderabad,04-05-2024,95,52.25,102.6,78.85,108.3,1,90.25
Hyderabad,05-05-2024,95,52.25,102.6,78.85,108.3,1,90.25
Hyderabad,06-05-2024,87,47.85,93.96,72.21,99.18,0.91,82.65
Hyderabad,07-05-2024,81,44.55,87.48,67.23,92.34,0.85,76.95
Hyderabad,08-05-2024,59,32.45,63.72,48.97,67.26,0.62,56.05
Hyderabad,09-05-2024,64,35.2,69.12,53.12,72.96,0.67,60.8
Hyderabad,10-05-2024,64,35.2,69.12,53.12,72.96,0.67,60.8
Hyderabad,11-05-2024,75,41.25,81,62.25,85.5,0.79,71.25
Hyderabad,12-05-2024,73,40.15,78.84,60.59,83.22,0.77,69.35
Hyderabad,13-05-2024,70,38.5,75.6,58.1,79.8,0.74,66.5
Hyderabad,14-05-2024,81,44.55,87.48,67.23,92.34,0.85,76.95
Hyderabad,15-05-2024,76,41.8,82.08,63.08,86.64,0.8,72.2
Hyderabad,16-05-2024,80,44,86.4,66.4,91.2,0.84,76
Hyderabad,17-05-2024,58,31.9,62.64,48.14,66.12,0.61,55.1
Hyderabad,18-05-2024,60,33,64.8,49.8,68.4,0.63,57
Hyderabad,19-05-2024,70,38.5,75.6,58.1,79.8,0.74,66.5
Hyderabad,20-05-2024,44,24.2,47.52,36.52,50.16,0.46,41.8
Hyderabad,21-05-2024,59,32.45,63.72,48.97,67.26,0.62,56.05
Hyderabad,22-05-2024,71,39.05,76.68,58.93,80.94,0.75,67.45
Hyderabad,23-05-2024,76,41.8,82.08,63.08,86.64,0.8,72.2
Hyderabad,24-05-2024,70,38.5,75.6,58.1,79.8,0.74,66.5
Hyderabad,25-05-2024,72,39.6,77.76,59.76,82.08,0.76,68.4
Hyderabad,26-05-2024,76,41.8,82.08,63.08,86.64,0.8,72.2
Hyderabad,27-05-2024,61,33.55,65.88,50.63,69.54,0.64,57.95
Hyderabad,28-05-2024,65,35.75,70.2,53.95,74.1,0.68,61.75
Hyderabad,29-05-2024,72,39.6,77.76,59.76,82.08,0.76,68.4
Hyderabad,30-05-2024,74,40.7,79.92,61.42,84.36,0.78,70.3
Hyderabad,31-05-2024,82,45.1,88.56,68.06,93.48,0.86,77.9
Hyderabad,01-06-2024,94,51.7,101.52,78.02,107.16,0.99,89.3
Hyderabad,02-06-2024,85,46.75,91.8,70.55,96.9,0.89,80.75
Hyderabad,03-06-2024,66,36.3,71.28,54.78,75.24,0.69,62.7
Hyderabad,04-06-2024,58,31.9,62.64,48.14,66.12,0.61,55.1
Hyderabad,05-06-2024,63,34.65,68.04,52.29,71.82,0.66,59.85
Hyderabad,06-06-2024,63,34.65,68.04,52.29,71.82,0.66,59.85
Hyderabad,07-06-2024,58,31.9,62.64,48.14,66.12,0.61,55.1
Hyderabad,08-06-2024,66,36.3,71.28,54.78,75.24,0.69,62.7
Hyderabad,09-06-2024,70,38.5,75.6,58.1,79.8,0.74,66.5
Hyderabad,10-06-2024,63,34.65,68.04,52.29,71.82,0.66,59.85
Hyderabad,11-06-2024,70,38.5,75.6,58.1,79.8,0.74,66.5
Hyderabad,12-06-2024,58,31.9,62.64,48.14,66.12,0.61,55.1
Hyderabad,13-06-2024,57,31.35,61.56,47.31,64.98,0.6,54.15
Hyderabad,14-06-2024,54,29.7,58.32,44.82,61.56,0.57,51.3
Hyderabad,15-06-2024,48,26.4,51.84,39.84,54.72,0.5,45.6
Hyderabad,16-06-2024,46,25.3,49.68,38.18,52.44,0.48,43.7
Hyderabad,17-06-2024,46,25.3,49.68,38.18,52.44,0.48,43.7
Hyderabad,18-06-2024,57,31.35,61.56,47.31,64.98,0.6,54.15
Hyderabad,19-06-2024,52,28.6,56.16,43.16,59.28,0.55,49.4
Hyderabad,20-06-2024,51,28.05,55.08,42.33,58.14,0.54,48.45
Hyderabad,21-06-2024,56,30.8,60.48,46.48,63.84,0.59,53.2
Hyderabad,22-06-2024,63,34.65,68.04,52.29,71.82,0.66,59.85
Hyderabad,23-06-2024,61,33.55,65.88,50.63,69.54,0.64,57.95
Hyderabad,24-06-2024,52,28.6,56.16,43.16,59.28,0.55,49.4
Hyderabad,25-06-2024,52,28.6,56.16,43.16,59.28,0.55,49.4
Hyderabad,26-06-2024,55,30.25,59.4,45.65,62.7,0.58,52.25
Hyderabad,27-06-2024,55,30.25,59.4,45.65,62.7,0.58,52.25
Hyderabad,28-06-2024,54,29.7,58.32,44.82,61.56,0.57,51.3
Hyderabad,29-06-2024,57,31.35,61.56,47.31,64.98,0.6,54.15
Hyderabad,30-06-2024,52,28.6,56.16,43.16,59.28,0.55,49.4
Hyderabad,01-07-2024,65,35.75,70.2,53.95,74.1,0.68,61.75
Hyderabad,02-07-2024,92,50.6,99.36,76.36,104.88,0.97,87.4
Hyderabad,03-07-2024,37,20.35,39.96,30.71,42.18,0.39,35.15
Hyderabad,04-07-2024,50,27.5,54,41.5,57,0.53,47.5
Hyderabad,05-07-2024,54,29.7,58.32,44.82,61.56,0.57,51.3
Hyderabad,06-07-2024,57,31.35,61.56,47.31,64.98,0.6,54.15
Hyderabad,07-07-2024,54,29.7,58.32,44.82,61.56,0.57,51.3
Hyderabad,08-07-2024,50,27.5,54,41.5,57,0.53,47.5
Hyderabad,09-07-2024,57,31.35,61.56,47.31,64.98,0.6,54.15
Hyderabad,10-07-2024,66,36.3,71.28,54.78,75.24,0.69,62.7
Hyderabad,11-07-2024,54,29.7,58.32,44.82,61.56,0.57,51.3
Hyderabad,12-07-2024,56,30.8,60.48,46.48,63.84,0.59,53.2
Hyderabad,13-07-2024,54,29.7,58.32,44.82,61.56,0.57,51.3
Hyderabad,14-07-2024,54,29.7,58.32,44.82,61.56,0.57,51.3
Hyderabad,15-07-2024,42,23.1,45.36,34.86,47.88,0.44,39.9
Hyderabad,16-07-2024,46,25.3,49.68,38.18,52.44,0.48,43.7
Hyderabad,17-07-2024,47,25.85,50.76,39.01,53.58,0.49,44.65
Hyderabad,18-07-2024,47,25.85,50.76,39.01,53.58,0.49,44.65
Hyderabad,19-07-2024,46,25.3,49.68,38.18,52.44,0.48,43.7
Hyderabad,20-07-2024,46,25.3,49.68,38.18,52.44,0.48,43.7
Hyderabad,21-07-2024,44,24.2,47.52,36.52,50.16,0.46,41.8
Hyderabad,22-07-2024,44,24.2,47.52,36.52,50.16,0.46,41.8
Hyderabad,23-07-2024,48,26.4,51.84,39.84,54.72,0.5,45.6
Hyderabad,24-07-2024,46,25.3,49.68,38.18,52.44,0.48,43.7
Hyderabad,25-07-2024,46,25.3,49.68,38.18,52.44,0.48,43.7
Hyderabad,26-07-2024,40,22,43.2,33.2,45.6,0.42,38
Hyderabad,27-07-2024,46,25.3,49.68,38.18,52.44,0.48,43.7
Hyderabad,28-07-2024,51,28.05,55.08,42.33,58.14,0.54,48.45
Hyderabad,29-07-2024,52,28.6,56.16,43.16,59.28,0.55,49.4
Hyderabad,30-07-2024,62,34.1,66.96,51.46,70.68,0.65,58.9
Hyderabad,31-07-2024,58,31.9,62.64,48.14,66.12,0.61,55.1
Hyderabad,01-08-2024,52,28.6,56.16,43.16,59.28,0.55,49.4
Hyderabad,02-08-2024,45,24.75,48.6,37.35,51.3,0.47,42.75
Hyderabad,03-08-2024,46,25.3,49.68,38.18,52.44,0.48,43.7
Hyderabad,04-08-2024,55,30.25,59.4,45.65,62.7,0.58,52.25
Hyderabad,05-08-2024,44,24.2,47.52,36.52,50.16,0.46,41.8
Hyderabad,06-08-2024,55,30.25,59.4,45.65,62.7,0.58,52.25
Hyderabad,07-08-2024,48,26.4,51.84,39.84,54.72,0.5,45.6
Hyderabad,08-08-2024,56,30.8,60.48,46.48,63.84,0.59,53.2
Hyderabad,09-08-2024,59,32.45,63.72,48.97,67.26,0.62,56.05
Hyderabad,10-08-2024,55,30.25,59.4,45.65,62.7,0.58,52.25
Hyderabad,11-08-2024,57,31.35,61.56,47.31,64.98,0.6,54.15
Hyderabad,12-08-2024,56,30.8,60.48,46.48,63.84,0.59,53.2
Hyderabad,13-08-2024,68,37.4,73.44,56.44,77.52,0.71,64.6
Hyderabad,14-08-2024,75,41.25,81,62.25,85.5,0.79,71.25
Hyderabad,15-08-2024,82,45.1,88.56,68.06,93.48,0.86,77.9
Hyderabad,16-08-2024,72,39.6,77.76,59.76,82.08,0.76,68.4
Hyderabad,17-08-2024,57,31.35,61.56,47.31,64.98,0.6,54.15
Hyderabad,18-08-2024,65,35.75,70.2,53.95,74.1,0.68,61.75
Hyderabad,19-08-2024,59,32.45,63.72,48.97,67.26,0.62,56.05
Hyderabad,20-08-2024,57,31.35,61.56,47.31,64.98,0.6,54.15
Hyderabad,21-08-2024,63,34.65,68.04,52.29,71.82,0.66,59.85
Hyderabad,22-08-2024,68,37.4,73.44,56.44,77.52,0.71,64.6
Hyderabad,23-08-2024,51,28.05,55.08,42.33,58.14,0.54,48.45
Hyderabad,24-08-2024,54,29.7,58.32,44.82,61.56,0.57,51.3
Hyderabad,25-08-2024,44,24.2,47.52,36.52,50.16,0.46,41.8
Hyderabad,26-08-2024,53,29.15,57.24,43.99,60.42,0.56,50.35
Hyderabad,27-08-2024,52,28.6,56.16,43.16,59.28,0.55,49.4
Hyderabad,28-08-2024,56,30.8,60.48,46.48,63.84,0.59,53.2
Hyderabad,29-08-2024,52,28.6,56.16,43.16,59.28,0.55,49.4
Hyderabad,30-08-2024,57,31.35,61.56,47.31,64.98,0.6,54.15
Hyderabad,31-08-2024,58,31.9,62.64,48.14,66.12,0.61,55.1
Hyderabad,01-09-2024,48,26.4,51.84,39.84,54.72,0.5,45.6
Hyderabad,02-09-2024,122,67.1,131.76,101.26,139.08,1.28,115.9
Hyderabad,03-09-2024,53,29.15,57.24,43.99,60.42,0.56,50.35
Hyderabad,04-09-2024,47,25.85,50.76,39.01,53.58,0.49,44.65
Hyderabad,05-09-2024,51,28.05,55.08,42.33,58.14,0.54,48.45
Hyderabad,06-09-2024,50,27.5,54,41.5,57,0.53,47.5
Hyderabad,07-09-2024,52,28.6,56.16,43.16,59.28,0.55,49.4
Hyderabad,08-09-2024,52,28.6,56.16,43.16,59.28,0.55,49.4
Hyderabad,09-09-2024,57,31.35,61.56,47.31,64.98,0.6,54.15
Hyderabad,10-09-2024,55,30.25,59.4,45.65,62.7,0.58,52.25
Hyderabad,11-09-2024,51,28.05,55.08,42.33,58.14,0.54,48.45
Hyderabad,12-09-2024,56,30.8,60.48,46.48,63.84,0.59,53.2
Hyderabad,13-09-2024,62,34.1,66.96,51.46,70.68,0.65,58.9
Hyderabad,14-09-2024,67,36.85,72.36,55.61,76.38,0.7,63.65
Hyderabad,15-09-2024,66,36.3,71.28,54.78,75.24,0.69,62.7
Hyderabad,16-09-2024,58,31.9,62.64,48.14,66.12,0.61,55.1
Hyderabad,17-09-2024,68,37.4,73.44,56.44,77.52,0.71,64.6
Hyderabad,18-09-2024,72,39.6,77.76,59.76,82.08,0.76,68.4
Hyderabad,19-09-2024,78,42.9,84.24,64.74,88.92,0.82,74.1
Hyderabad,20-09-2024,79,43.45,85.32,65.57,90.06,0.83,75.05
Hyderabad,21-09-2024,64,35.2,69.12,53.12,72.96,0.67,60.8
Hyderabad,22-09-2024,59,32.45,63.72,48.97,67.26,0.62,56.05
Hyderabad,23-09-2024,66,36.3,71.28,54.78,75.24,0.69,62.7
Hyderabad,24-09-2024,62,34.1,66.96,51.46,70.68,0.65,58.9
Hyderabad,25-09-2024,58,31.9,62.64,48.14,66.12,0.61,55.1
Hyderabad,26-09-2024,56,30.8,60.48,46.48,63.84,0.59,53.2
Hyderabad,27-09-2024,49,26.95,52.92,40.67,55.86,0.51,46.55
Hyderabad,28-09-2024,54,29.7,58.32,44.82,61.56,0.57,51.3
Hyderabad,29-09-2024,63,34.65,68.04,52.29,71.82,0.66,59.85
Hyderabad,30-09-2024,61,33.55,65.88,50.63,69.54,0.64,57.95
Hyderabad,01-10-2024,76,41.8,82.08,63.08,86.64,0.8,72.2
Hyderabad,02-10-2024,61,33.55,65.88,50.63,69.54,0.64,57.95
Hyderabad,03-10-2024,65,35.75,70.2,53.95,74.1,0.68,61.75
Hyderabad,04-10-2024,68,37.4,73.44,56.44,77.52,0.71,64.6
Hyderabad,05-10-2024,67,36.85,72.36,55.61,76.38,0.7,63.65
Hyderabad,06-10-2024,88,48.4,95.04,73.04,100.32,0.92,83.6
Hyderabad,07-10-2024,89,48.95,96.12,73.87,101.46,0.93,84.55
Hyderabad,08-10-2024,88,48.4,95.04,73.04,100.32,0.92,83.6
Hyderabad,09-10-2024,62,34.1,66.96,51.46,70.68,0.65,58.9
Hyderabad,10-10-2024,68,37.4,73.44,56.44,77.52,0.71,64.6
Hyderabad,11-10-2024,54,29.7,58.32,44.82,61.56,0.57,51.3
Hyderabad,12-10-2024,55,30.25,59.4,45.65,62.7,0.58,52.25
Hyderabad,13-10-2024,62,34.1,66.96,51.46,70.68,0.65,58.9
Hyderabad,14-10-2024,64,35.2,69.12,53.12,72.96,0.67,60.8
Hyderabad,15-10-2024,62,34.1,66.96,51.46,70.68,0.65,58.9
Hyderabad,16-10-2024,56,30.8,60.48,46.48,63.84,0.59,53.2
Hyderabad,17-10-2024,60,33,64.8,49.8,68.4,0.63,57
Hyderabad,18-10-2024,62,34.1,66.96,51.46,70.68,0.65,58.9
Hyderabad,19-10-2024,66,36.3,71.28,54.78,75.24,0.69,62.7
Hyderabad,20-10-2024,67,36.85,72.36,55.61,76.38,0.7,63.65
Hyderabad,21-10-2024,69,37.95,74.52,57.27,78.66,0.72,65.55
Hyderabad,22-10-2024,65,35.75,70.2,53.95,74.1,0.68,61.75
Hyderabad,23-10-2024,69,37.95,74.52,57.27,78.66,0.72,65.55
Hyderabad,24-10-2024,111,61.05,119.88,92.13,126.54,1.17,105.45
Hyderabad,25-10-2024,101,55.55,109.08,83.83,115.14,1.06,95.95
Hyderabad,26-10-2024,102,56.1,110.16,84.66,116.28,1.07,96.9
Hyderabad,27-10-2024,98,53.9,105.84,81.34,111.72,1.03,93.1
Hyderabad,28-10-2024,112,61.6,120.96,92.96,127.68,1.18,106.4
Hyderabad,29-10-2024,122,67.1,131.76,101.26,139.08,1.28,115.9
Hyderabad,30-10-2024,123,67.65,132.84,102.09,140.22,1.29,116.85
Hyderabad,31-10-2024,99,54.45,106.92,82.17,112.86,1.04,94.05
Hyderabad,01-11-2024,135,74.25,145.8,112.05,153.9,1.42,128.25
Hyderabad,02-11-2024,117,64.35,126.36,97.11,133.38,1.23,111.15
Hyderabad,03-11-2024,108,59.4,116.64,89.64,123.12,1.13,102.6
Hyderabad,04-11-2024,102,56.1,110.16,84.66,116.28,1.07,96.9
Hyderabad,05-11-2024,103,56.65,111.24,85.49,117.42,1.08,97.85
Hyderabad,06-11-2024,111,61.05,119.88,92.13,126.54,1.17,105.45
Hyderabad,07-11-2024,104,57.2,112.32,86.32,118.56,1.09,98.8
Hyderabad,08-11-2024,110,60.5,118.8,91.3,125.4,1.16,104.5
Hyderabad,09-11-2024,102,56.1,110.16,84.66,116.28,1.07,96.9
Hyderabad,10-11-2024,104,57.2,112.32,86.32,118.56,1.09,98.8
Hyderabad,11-11-2024,113,62.15,122.04,93.79,128.82,1.19,107.35
Hyderabad,12-11-2024,117,64.35,126.36,97.11,133.38,1.23,111.15
Hyderabad,13-11-2024,98,53.9,105.84,81.34,111.72,1.03,93.1
Hyderabad,14-11-2024,93,51.15,100.44,77.19,106.02,0.98,88.35
Hyderabad,15-11-2024,101,55.55,109.08,83.83,115.14,1.06,95.95
Hyderabad,16-11-2024,109,59.95,117.72,90.47,124.26,1.14,103.55
Hyderabad,17-11-2024,115,63.25,124.2,95.45,131.1,1.21,109.25
Hyderabad,18-11-2024,123,67.65,132.84,102.09,140.22,1.29,116.85
Hyderabad,19-11-2024,114,62.7,123.12,94.62,129.96,1.2,108.3
Hyderabad,20-11-2024,114,62.7,123.12,94.62,129.96,1.2,108.3
Hyderabad,21-11-2024,117,64.35,126.36,97.11,133.38,1.23,111.15
Hyderabad,22-11-2024,120,66,129.6,99.6,136.8,1.26,114
Hyderabad,23-11-2024,125,68.75,135,103.75,142.5,1.31,118.75
Hyderabad,24-11-2024,123,67.65,132.84,102.09,140.22,1.29,116.85
Hyderabad,25-11-2024,121,66.55,130.68,100.43,137.94,1.27,114.95
Hyderabad,26-11-2024,107,58.85,115.56,88.81,121.98,1.12,101.65
Hyderabad,27-11-2024,100,55,108,83,114,1.05,95
Hyderabad,28-11-2024,103,56.65,111.24,85.49,117.42,1.08,97.85
Hyderabad,29-11-2024,110,60.5,118.8,91.3,125.4,1.16,104.5
Hyderabad,30-11-2024,95,52.25,102.6,78.85,108.3,1,90.25
Hyderabad,01-12-2024,84,46.2,90.72,69.72,95.76,0.88,79.8
Hyderabad,02-12-2024,79,43.45,85.32,65.57,90.06,0.83,75.05
Hyderabad,03-12-2024,65,35.75,70.2,53.95,74.1,0.68,61.75
Hyderabad,04-12-2024,61,33.55,65.88,50.63,69.54,0.64,57.95
Hyderabad,05-12-2024,83,45.65,89.64,68.89,94.62,0.87,78.85
Hyderabad,06-12-2024,77,42.35,83.16,63.91,87.78,0.81,73.15
Hyderabad,07-12-2024,78,42.9,84.24,64.74,88.92,0.82,74.1
Hyderabad,08-12-2024,67,36.85,72.36,55.61,76.38,0.7,63.65
Hyderabad,09-12-2024,67,36.85,72.36,55.61,76.38,0.7,63.65
Hyderabad,10-12-2024,87,47.85,93.96,72.21,99.18,0.91,82.65
Hyderabad,11-12-2024,96,52.8,103.68,79.68,109.44,1.01,91.2
Hyderabad,12-12-2024,95,52.25,102.6,78.85,108.3,1,90.25
Hyderabad,13-12-2024,103,56.65,111.24,85.49,117.42,1.08,97.85
Hyderabad,14-12-2024,113,62.15,122.04,93.79,128.82,1.19,107.35
Hyderabad,15-12-2024,120,66,129.6,99.6,136.8,1.26,114
Hyderabad,16-12-2024,115,63.25,124.2,95.45,131.1,1.21,109.25
Hyderabad,17-12-2024,112,61.6,120.96,92.96,127.68,1.18,106.4
Hyderabad,18-12-2024,111,61.05,119.88,92.13,126.54,1.17,105.45
Hyderabad,19-12-2024,112,61.6,120.96,92.96,127.68,1.18,106.4
Hyderabad,20-12-2024,85,46.75,91.8,70.55,96.9,0.89,80.75
Hyderabad,21-12-2024,97,53.35,104.76,80.51,110.58,1.02,92.15
Hyderabad,22-12-2024,98,53.9,105.84,81.34,111.72,1.03,93.1
Hyderabad,23-12-2024,86,47.3,92.88,71.38,98.04,0.9,81.7
Hyderabad,24-12-2024,91,50.05,98.28,75.53,103.74,0.96,86.45
Hyderabad,25-12-2024,74,40.7,79.92,61.42,84.36,0.78,70.3
Hyderabad,26-12-2024,59,32.45,63.72,48.97,67.26,0.62,56.05
Hyderabad,27-12-2024,66,36.3,71.28,54.78,75.24,0.69,62.7
Hyderabad,28-12-2024,78,42.9,84.24,64.74,88.92,0.82,74.1
Hyderabad,29-12-2024,82,45.1,88.56,68.06,93.48,0.86,77.9
Hyderabad,30-12-2024,89,48.95,96.12,73.87,101.46,0.93,84.55
Hyderabad,31-12-2024,92,50.6,99.36,76.36,104.88,0.97,87.4
